
****** Vivado v2025.2 (64-bit)
  **** SW Build 6299465 on Fri Nov 14 19:35:11 GMT 2025
  **** IP Build 6300035 on Fri Nov 14 10:48:45 MST 2025
  **** SharedData Build 6298862 on Thu Nov 13 04:50:51 MST 2025
  **** Start of session at: Mon Jul 20 13:10:27 2026
    ** Copyright 1986-2022 Xilinx, Inc. All Rights Reserved.
    ** Copyright 2022-2025 Advanced Micro Devices, Inc. All Rights Reserved.

source scripts/build_and_export_xsa.tcl -notrace
Using Vivado Tcl Store for batch runs: C:/Xilinx/2025.2/Vivado/data/XilinxTclStore
Opening project: project/appletini_yarz.xpr
Scanning sources...
Finished scanning sources
WARNING: [Project 1-5713] Board part '' set for the project  is not found. BoardPart property will be unset. Please select board from latest repo build 
INFO: [IP_Flow 19-234] Refreshing IP repositories
INFO: [IP_Flow 19-1704] No user IP repositories specified
INFO: [IP_Flow 19-2313] Loaded Vivado IP repository 'C:/Xilinx/2025.2/Vivado/data/ip'.
No incremental implementation reference found; running a full implementation.
Checking syntax...
INFO: [Vivado 12-4796] No errors or warning reported.
Launching synthesis...
[Mon Jul 20 13:10:34 2026] Launched synth_1...
Run output will be captured here: C:/Users/hasse/source/repos/hasseily/appletini-one/project/appletini_yarz.runs/synth_1/runme.log
[Mon Jul 20 13:10:34 2026] Waiting for synth_1 to finish...


*** Running vivado
    with args -log appletini_yarz_top.vds -m64 -product Vivado -mode batch -messageDb vivado.pb -notrace -source appletini_yarz_top.tcl



****** Vivado v2025.2 (64-bit)
  **** SW Build 6299465 on Fri Nov 14 19:35:11 GMT 2025
  **** IP Build 6300035 on Fri Nov 14 10:48:45 MST 2025
  **** SharedData Build 6298862 on Thu Nov 13 04:50:51 MST 2025
  **** Start of session at: Mon Jul 20 13:10:35 2026
    ** Copyright 1986-2022 Xilinx, Inc. All Rights Reserved.
    ** Copyright 2022-2025 Advanced Micro Devices, Inc. All Rights Reserved.

INFO: [Common 17-1239] XILINX_LOCAL_USER_DATA is set to 'NO'.
INFO: [Common 17-748] XILINX_TCLAPP_REPO is set to 'C:/Xilinx/2025.2/Vivado/data/XilinxTclStore'. Refresh XilinxTclStore catalog is disabled when XILINX_TCLAPP_REPO is set.
source appletini_yarz_top.tcl -notrace
INFO: [IP_Flow 19-234] Refreshing IP repositories
INFO: [IP_Flow 19-1704] No user IP repositories specified
INFO: [IP_Flow 19-2313] Loaded Vivado IP repository 'C:/Xilinx/2025.2/Vivado/data/ip'.
Command: synth_design -top appletini_yarz_top -part xc7z020clg484-2
Starting synth_design
Attempting to get a license for feature 'Synthesis' and/or device 'xc7z020'
INFO: [Common 17-349] Got license for feature 'Synthesis' and/or device 'xc7z020'
INFO: [Device 21-403] Loading part xc7z020clg484-2
INFO: [Synth 8-7079] Multithreading enabled for synth_design using a maximum of 2 processes.
INFO: [Synth 8-7078] Launching helper process for spawning children vivado processes
INFO: [Synth 8-7075] Helper process launched with PID 41028
---------------------------------------------------------------------------------
Starting RTL Elaboration : Time (s): cpu = 00:00:03 ; elapsed = 00:00:03 . Memory (MB): peak = 1118.344 ; gain = 541.430
---------------------------------------------------------------------------------
INFO: [Synth 8-6157] synthesizing module 'appletini_yarz_top' [C:/Users/hasse/source/repos/hasseily/appletini-one/hdl/appletini_yarz_top.sv:27]
INFO: [Synth 8-6157] synthesizing module 'Axi3_read_if' [C:/Users/hasse/source/repos/hasseily/appletini-one/hdl/globals.sv:397]
	Parameter ADDR_WIDTH bound to: 32 - type: integer 
	Parameter DATA_WIDTH bound to: 64 - type: integer 
INFO: [Synth 8-6155] done synthesizing module 'Axi3_read_if' (0#1) [C:/Users/hasse/source/repos/hasseily/appletini-one/hdl/globals.sv:397]
INFO: [Synth 8-6157] synthesizing module 'Axi3_write_if' [C:/Users/hasse/source/repos/hasseily/appletini-one/hdl/globals.sv:437]
	Parameter ADDR_WIDTH bound to: 32 - type: integer 
	Parameter DATA_WIDTH bound to: 64 - type: integer 
INFO: [Synth 8-6155] done synthesizing module 'Axi3_write_if' (0#1) [C:/Users/hasse/source/repos/hasseily/appletini-one/hdl/globals.sv:437]
INFO: [Synth 8-6157] synthesizing module 'Axi3_read_if' [C:/Users/hasse/source/repos/hasseily/appletini-one/hdl/globals.sv:397]
	Parameter ADDR_WIDTH bound to: 32 - type: integer 
	Parameter DATA_WIDTH bound to: 64 - type: integer 
INFO: [Synth 8-6155] done synthesizing module 'Axi3_read_if' (0#1) [C:/Users/hasse/source/repos/hasseily/appletini-one/hdl/globals.sv:397]
INFO: [Synth 8-6157] synthesizing module 'Axi3_write_if' [C:/Users/hasse/source/repos/hasseily/appletini-one/hdl/globals.sv:437]
	Parameter ADDR_WIDTH bound to: 32 - type: integer 
	Parameter DATA_WIDTH bound to: 64 - type: integer 
INFO: [Synth 8-6155] done synthesizing module 'Axi3_write_if' (0#1) [C:/Users/hasse/source/repos/hasseily/appletini-one/hdl/globals.sv:437]
INFO: [Synth 8-6157] synthesizing module 'Axi3_read_if' [C:/Users/hasse/source/repos/hasseily/appletini-one/hdl/globals.sv:397]
	Parameter ADDR_WIDTH bound to: 32 - type: integer 
	Parameter DATA_WIDTH bound to: 64 - type: integer 
INFO: [Synth 8-6155] done synthesizing module 'Axi3_read_if' (0#1) [C:/Users/hasse/source/repos/hasseily/appletini-one/hdl/globals.sv:397]
INFO: [Synth 8-6157] synthesizing module 'Axi3_write_if' [C:/Users/hasse/source/repos/hasseily/appletini-one/hdl/globals.sv:437]
	Parameter ADDR_WIDTH bound to: 32 - type: integer 
	Parameter DATA_WIDTH bound to: 64 - type: integer 
INFO: [Synth 8-6155] done synthesizing module 'Axi3_write_if' (0#1) [C:/Users/hasse/source/repos/hasseily/appletini-one/hdl/globals.sv:437]
INFO: [Synth 8-6157] synthesizing module 'Axi3_read_if' [C:/Users/hasse/source/repos/hasseily/appletini-one/hdl/globals.sv:397]
	Parameter ADDR_WIDTH bound to: 32 - type: integer 
	Parameter DATA_WIDTH bound to: 64 - type: integer 
INFO: [Synth 8-6155] done synthesizing module 'Axi3_read_if' (0#1) [C:/Users/hasse/source/repos/hasseily/appletini-one/hdl/globals.sv:397]
INFO: [Synth 8-6157] synthesizing module 'Axi3_write_if' [C:/Users/hasse/source/repos/hasseily/appletini-one/hdl/globals.sv:437]
	Parameter ADDR_WIDTH bound to: 32 - type: integer 
	Parameter DATA_WIDTH bound to: 64 - type: integer 
INFO: [Synth 8-6155] done synthesizing module 'Axi3_write_if' (0#1) [C:/Users/hasse/source/repos/hasseily/appletini-one/hdl/globals.sv:437]
INFO: [Synth 8-6157] synthesizing module 'AxiSimple_if' [C:/Users/hasse/source/repos/hasseily/appletini-one/hdl/globals.sv:390]
INFO: [Synth 8-6155] done synthesizing module 'AxiSimple_if' (0#1) [C:/Users/hasse/source/repos/hasseily/appletini-one/hdl/globals.sv:390]
INFO: [Synth 8-6157] synthesizing module 'AxiSimple_if' [C:/Users/hasse/source/repos/hasseily/appletini-one/hdl/globals.sv:390]
INFO: [Synth 8-6155] done synthesizing module 'AxiSimple_if' (0#1) [C:/Users/hasse/source/repos/hasseily/appletini-one/hdl/globals.sv:390]
INFO: [Synth 8-6157] synthesizing module 'AxiSimple_if' [C:/Users/hasse/source/repos/hasseily/appletini-one/hdl/globals.sv:390]
INFO: [Synth 8-6155] done synthesizing module 'AxiSimple_if' (0#1) [C:/Users/hasse/source/repos/hasseily/appletini-one/hdl/globals.sv:390]
INFO: [Synth 8-6157] synthesizing module 'AxiSimple_if' [C:/Users/hasse/source/repos/hasseily/appletini-one/hdl/globals.sv:390]
INFO: [Synth 8-6155] done synthesizing module 'AxiSimple_if' (0#1) [C:/Users/hasse/source/repos/hasseily/appletini-one/hdl/globals.sv:390]
INFO: [Synth 8-6157] synthesizing module 'AxiSimple_if' [C:/Users/hasse/source/repos/hasseily/appletini-one/hdl/globals.sv:390]
INFO: [Synth 8-6155] done synthesizing module 'AxiSimple_if' (0#1) [C:/Users/hasse/source/repos/hasseily/appletini-one/hdl/globals.sv:390]
INFO: [Synth 8-6157] synthesizing module 'AxiSimple_if' [C:/Users/hasse/source/repos/hasseily/appletini-one/hdl/globals.sv:390]
INFO: [Synth 8-6155] done synthesizing module 'AxiSimple_if' (0#1) [C:/Users/hasse/source/repos/hasseily/appletini-one/hdl/globals.sv:390]
INFO: [Synth 8-6157] synthesizing module 'AxiSimple_if' [C:/Users/hasse/source/repos/hasseily/appletini-one/hdl/globals.sv:390]
INFO: [Synth 8-6155] done synthesizing module 'AxiSimple_if' (0#1) [C:/Users/hasse/source/repos/hasseily/appletini-one/hdl/globals.sv:390]
INFO: [Synth 8-6157] synthesizing module 'AxiSimple_if' [C:/Users/hasse/source/repos/hasseily/appletini-one/hdl/globals.sv:390]
INFO: [Synth 8-6155] done synthesizing module 'AxiSimple_if' (0#1) [C:/Users/hasse/source/repos/hasseily/appletini-one/hdl/globals.sv:390]
INFO: [Synth 8-6157] synthesizing module 'irq_pulse_stretcher' [C:/Users/hasse/source/repos/hasseily/appletini-one/hdl/irq_pulse_stretcher.sv:3]
INFO: [Synth 8-6155] done synthesizing module 'irq_pulse_stretcher' (0#1) [C:/Users/hasse/source/repos/hasseily/appletini-one/hdl/irq_pulse_stretcher.sv:3]
INFO: [Synth 8-6157] synthesizing module 'reset_sync' [C:/Users/hasse/source/repos/hasseily/appletini-one/hdl/reset_sync.sv:7]
INFO: [Synth 8-6155] done synthesizing module 'reset_sync' (0#1) [C:/Users/hasse/source/repos/hasseily/appletini-one/hdl/reset_sync.sv:7]
INFO: [Synth 8-6157] synthesizing module 'cdc_pulse_toggle' [C:/Users/hasse/source/repos/hasseily/appletini-one/hdl/cdc_pulse_toggle.sv:7]
INFO: [Synth 8-6157] synthesizing module 'xpm_cdc_pulse' [C:/Xilinx/2025.2/Vivado/data/ip/xpm/xpm_cdc/hdl/xpm_cdc.sv:714]
	Parameter DEST_SYNC_FF bound to: 4 - type: integer 
	Parameter INIT_SYNC_FF bound to: 0 - type: integer 
	Parameter REG_OUTPUT bound to: 0 - type: integer 
	Parameter RST_USED bound to: 0 - type: integer 
	Parameter SIM_ASSERT_CHK bound to: 1 - type: integer 
INFO: [Synth 8-6157] synthesizing module 'xpm_cdc_single' [C:/Xilinx/2025.2/Vivado/data/ip/xpm/xpm_cdc/hdl/xpm_cdc.sv:152]
INFO: [Synth 8-6155] done synthesizing module 'xpm_cdc_single' (0#1) [C:/Xilinx/2025.2/Vivado/data/ip/xpm/xpm_cdc/hdl/xpm_cdc.sv:152]
INFO: [Synth 8-6155] done synthesizing module 'xpm_cdc_pulse' (0#1) [C:/Xilinx/2025.2/Vivado/data/ip/xpm/xpm_cdc/hdl/xpm_cdc.sv:714]
INFO: [Synth 8-6155] done synthesizing module 'cdc_pulse_toggle' (0#1) [C:/Users/hasse/source/repos/hasseily/appletini-one/hdl/cdc_pulse_toggle.sv:7]
INFO: [Synth 8-6157] synthesizing module 'zynq_ps_bd_wrapper' [C:/Users/hasse/source/repos/hasseily/appletini-one/project/appletini_yarz.gen/sources_1/bd/zynq_ps_bd/hdl/zynq_ps_bd_wrapper.v:13]
INFO: [Synth 8-6157] synthesizing module 'zynq_ps_bd' [c:/Users/hasse/source/repos/hasseily/appletini-one/project/appletini_yarz.gen/sources_1/bd/zynq_ps_bd/synth/zynq_ps_bd.v:13]
INFO: [Synth 8-6157] synthesizing module 'zynq_ps_bd_clk_wiz_0_0' [C:/Users/hasse/source/repos/hasseily/appletini-one/project/appletini_yarz.runs/synth_1/.Xil/Vivado-58168-Rik-UFO/realtime/zynq_ps_bd_clk_wiz_0_0_stub.v:6]
INFO: [Synth 8-6155] done synthesizing module 'zynq_ps_bd_clk_wiz_0_0' (0#1) [C:/Users/hasse/source/repos/hasseily/appletini-one/project/appletini_yarz.runs/synth_1/.Xil/Vivado-58168-Rik-UFO/realtime/zynq_ps_bd_clk_wiz_0_0_stub.v:6]
INFO: [Synth 8-6157] synthesizing module 'zynq_ps_bd_clk_wiz_1_0' [C:/Users/hasse/source/repos/hasseily/appletini-one/project/appletini_yarz.runs/synth_1/.Xil/Vivado-58168-Rik-UFO/realtime/zynq_ps_bd_clk_wiz_1_0_stub.v:6]
INFO: [Synth 8-6155] done synthesizing module 'zynq_ps_bd_clk_wiz_1_0' (0#1) [C:/Users/hasse/source/repos/hasseily/appletini-one/project/appletini_yarz.runs/synth_1/.Xil/Vivado-58168-Rik-UFO/realtime/zynq_ps_bd_clk_wiz_1_0_stub.v:6]
INFO: [Synth 8-6157] synthesizing module 'zynq_ps_bd_proc_sys_reset_0_0' [C:/Users/hasse/source/repos/hasseily/appletini-one/project/appletini_yarz.runs/synth_1/.Xil/Vivado-58168-Rik-UFO/realtime/zynq_ps_bd_proc_sys_reset_0_0_stub.v:6]
INFO: [Synth 8-6155] done synthesizing module 'zynq_ps_bd_proc_sys_reset_0_0' (0#1) [C:/Users/hasse/source/repos/hasseily/appletini-one/project/appletini_yarz.runs/synth_1/.Xil/Vivado-58168-Rik-UFO/realtime/zynq_ps_bd_proc_sys_reset_0_0_stub.v:6]
WARNING: [Synth 8-7071] port 'mb_reset' of module 'zynq_ps_bd_proc_sys_reset_0_0' is unconnected for instance 'proc_sys_reset_0' [c:/Users/hasse/source/repos/hasseily/appletini-one/project/appletini_yarz.gen/sources_1/bd/zynq_ps_bd/synth/zynq_ps_bd.v:686]
WARNING: [Synth 8-7071] port 'bus_struct_reset' of module 'zynq_ps_bd_proc_sys_reset_0_0' is unconnected for instance 'proc_sys_reset_0' [c:/Users/hasse/source/repos/hasseily/appletini-one/project/appletini_yarz.gen/sources_1/bd/zynq_ps_bd/synth/zynq_ps_bd.v:686]
WARNING: [Synth 8-7071] port 'peripheral_reset' of module 'zynq_ps_bd_proc_sys_reset_0_0' is unconnected for instance 'proc_sys_reset_0' [c:/Users/hasse/source/repos/hasseily/appletini-one/project/appletini_yarz.gen/sources_1/bd/zynq_ps_bd/synth/zynq_ps_bd.v:686]
WARNING: [Synth 8-7071] port 'interconnect_aresetn' of module 'zynq_ps_bd_proc_sys_reset_0_0' is unconnected for instance 'proc_sys_reset_0' [c:/Users/hasse/source/repos/hasseily/appletini-one/project/appletini_yarz.gen/sources_1/bd/zynq_ps_bd/synth/zynq_ps_bd.v:686]
WARNING: [Synth 8-7023] instance 'proc_sys_reset_0' of module 'zynq_ps_bd_proc_sys_reset_0_0' has 10 connections declared, but only 6 given [c:/Users/hasse/source/repos/hasseily/appletini-one/project/appletini_yarz.gen/sources_1/bd/zynq_ps_bd/synth/zynq_ps_bd.v:686]
INFO: [Synth 8-6157] synthesizing module 'zynq_ps_bd_proc_sys_reset_2_0' [C:/Users/hasse/source/repos/hasseily/appletini-one/project/appletini_yarz.runs/synth_1/.Xil/Vivado-58168-Rik-UFO/realtime/zynq_ps_bd_proc_sys_reset_2_0_stub.v:6]
INFO: [Synth 8-6155] done synthesizing module 'zynq_ps_bd_proc_sys_reset_2_0' (0#1) [C:/Users/hasse/source/repos/hasseily/appletini-one/project/appletini_yarz.runs/synth_1/.Xil/Vivado-58168-Rik-UFO/realtime/zynq_ps_bd_proc_sys_reset_2_0_stub.v:6]
WARNING: [Synth 8-7071] port 'mb_reset' of module 'zynq_ps_bd_proc_sys_reset_2_0' is unconnected for instance 'proc_sys_reset_2' [c:/Users/hasse/source/repos/hasseily/appletini-one/project/appletini_yarz.gen/sources_1/bd/zynq_ps_bd/synth/zynq_ps_bd.v:693]
WARNING: [Synth 8-7071] port 'bus_struct_reset' of module 'zynq_ps_bd_proc_sys_reset_2_0' is unconnected for instance 'proc_sys_reset_2' [c:/Users/hasse/source/repos/hasseily/appletini-one/project/appletini_yarz.gen/sources_1/bd/zynq_ps_bd/synth/zynq_ps_bd.v:693]
WARNING: [Synth 8-7071] port 'peripheral_reset' of module 'zynq_ps_bd_proc_sys_reset_2_0' is unconnected for instance 'proc_sys_reset_2' [c:/Users/hasse/source/repos/hasseily/appletini-one/project/appletini_yarz.gen/sources_1/bd/zynq_ps_bd/synth/zynq_ps_bd.v:693]
WARNING: [Synth 8-7071] port 'interconnect_aresetn' of module 'zynq_ps_bd_proc_sys_reset_2_0' is unconnected for instance 'proc_sys_reset_2' [c:/Users/hasse/source/repos/hasseily/appletini-one/project/appletini_yarz.gen/sources_1/bd/zynq_ps_bd/synth/zynq_ps_bd.v:693]
WARNING: [Synth 8-7023] instance 'proc_sys_reset_2' of module 'zynq_ps_bd_proc_sys_reset_2_0' has 10 connections declared, but only 6 given [c:/Users/hasse/source/repos/hasseily/appletini-one/project/appletini_yarz.gen/sources_1/bd/zynq_ps_bd/synth/zynq_ps_bd.v:693]
INFO: [Synth 8-6157] synthesizing module 'zynq_ps_bd_processing_system7_0_0' [C:/Users/hasse/source/repos/hasseily/appletini-one/project/appletini_yarz.runs/synth_1/.Xil/Vivado-58168-Rik-UFO/realtime/zynq_ps_bd_processing_system7_0_0_stub.v:6]
INFO: [Synth 8-6155] done synthesizing module 'zynq_ps_bd_processing_system7_0_0' (0#1) [C:/Users/hasse/source/repos/hasseily/appletini-one/project/appletini_yarz.runs/synth_1/.Xil/Vivado-58168-Rik-UFO/realtime/zynq_ps_bd_processing_system7_0_0_stub.v:6]
WARNING: [Synth 8-7071] port 'USB0_PORT_INDCTL' of module 'zynq_ps_bd_processing_system7_0_0' is unconnected for instance 'processing_system7_0' [c:/Users/hasse/source/repos/hasseily/appletini-one/project/appletini_yarz.gen/sources_1/bd/zynq_ps_bd/synth/zynq_ps_bd.v:700]
WARNING: [Synth 8-7071] port 'USB0_VBUS_PWRSELECT' of module 'zynq_ps_bd_processing_system7_0_0' is unconnected for instance 'processing_system7_0' [c:/Users/hasse/source/repos/hasseily/appletini-one/project/appletini_yarz.gen/sources_1/bd/zynq_ps_bd/synth/zynq_ps_bd.v:700]
WARNING: [Synth 8-7071] port 'USB1_PORT_INDCTL' of module 'zynq_ps_bd_processing_system7_0_0' is unconnected for instance 'processing_system7_0' [c:/Users/hasse/source/repos/hasseily/appletini-one/project/appletini_yarz.gen/sources_1/bd/zynq_ps_bd/synth/zynq_ps_bd.v:700]
WARNING: [Synth 8-7071] port 'USB1_VBUS_PWRSELECT' of module 'zynq_ps_bd_processing_system7_0_0' is unconnected for instance 'processing_system7_0' [c:/Users/hasse/source/repos/hasseily/appletini-one/project/appletini_yarz.gen/sources_1/bd/zynq_ps_bd/synth/zynq_ps_bd.v:700]
WARNING: [Synth 8-7071] port 'S_AXI_HP0_RCOUNT' of module 'zynq_ps_bd_processing_system7_0_0' is unconnected for instance 'processing_system7_0' [c:/Users/hasse/source/repos/hasseily/appletini-one/project/appletini_yarz.gen/sources_1/bd/zynq_ps_bd/synth/zynq_ps_bd.v:700]
WARNING: [Synth 8-7071] port 'S_AXI_HP0_WCOUNT' of module 'zynq_ps_bd_processing_system7_0_0' is unconnected for instance 'processing_system7_0' [c:/Users/hasse/source/repos/hasseily/appletini-one/project/appletini_yarz.gen/sources_1/bd/zynq_ps_bd/synth/zynq_ps_bd.v:700]
WARNING: [Synth 8-7071] port 'S_AXI_HP0_RACOUNT' of module 'zynq_ps_bd_processing_system7_0_0' is unconnected for instance 'processing_system7_0' [c:/Users/hasse/source/repos/hasseily/appletini-one/project/appletini_yarz.gen/sources_1/bd/zynq_ps_bd/synth/zynq_ps_bd.v:700]
WARNING: [Synth 8-7071] port 'S_AXI_HP0_WACOUNT' of module 'zynq_ps_bd_processing_system7_0_0' is unconnected for instance 'processing_system7_0' [c:/Users/hasse/source/repos/hasseily/appletini-one/project/appletini_yarz.gen/sources_1/bd/zynq_ps_bd/synth/zynq_ps_bd.v:700]
WARNING: [Synth 8-7071] port 'S_AXI_HP1_RCOUNT' of module 'zynq_ps_bd_processing_system7_0_0' is unconnected for instance 'processing_system7_0' [c:/Users/hasse/source/repos/hasseily/appletini-one/project/appletini_yarz.gen/sources_1/bd/zynq_ps_bd/synth/zynq_ps_bd.v:700]
WARNING: [Synth 8-7071] port 'S_AXI_HP1_WCOUNT' of module 'zynq_ps_bd_processing_system7_0_0' is unconnected for instance 'processing_system7_0' [c:/Users/hasse/source/repos/hasseily/appletini-one/project/appletini_yarz.gen/sources_1/bd/zynq_ps_bd/synth/zynq_ps_bd.v:700]
WARNING: [Synth 8-7071] port 'S_AXI_HP1_RACOUNT' of module 'zynq_ps_bd_processing_system7_0_0' is unconnected for instance 'processing_system7_0' [c:/Users/hasse/source/repos/hasseily/appletini-one/project/appletini_yarz.gen/sources_1/bd/zynq_ps_bd/synth/zynq_ps_bd.v:700]
WARNING: [Synth 8-7071] port 'S_AXI_HP1_WACOUNT' of module 'zynq_ps_bd_processing_system7_0_0' is unconnected for instance 'processing_system7_0' [c:/Users/hasse/source/repos/hasseily/appletini-one/project/appletini_yarz.gen/sources_1/bd/zynq_ps_bd/synth/zynq_ps_bd.v:700]
WARNING: [Synth 8-7071] port 'S_AXI_HP2_RCOUNT' of module 'zynq_ps_bd_processing_system7_0_0' is unconnected for instance 'processing_system7_0' [c:/Users/hasse/source/repos/hasseily/appletini-one/project/appletini_yarz.gen/sources_1/bd/zynq_ps_bd/synth/zynq_ps_bd.v:700]
WARNING: [Synth 8-7071] port 'S_AXI_HP2_WCOUNT' of module 'zynq_ps_bd_processing_system7_0_0' is unconnected for instance 'processing_system7_0' [c:/Users/hasse/source/repos/hasseily/appletini-one/project/appletini_yarz.gen/sources_1/bd/zynq_ps_bd/synth/zynq_ps_bd.v:700]
WARNING: [Synth 8-7071] port 'S_AXI_HP2_RACOUNT' of module 'zynq_ps_bd_processing_system7_0_0' is unconnected for instance 'processing_system7_0' [c:/Users/hasse/source/repos/hasseily/appletini-one/project/appletini_yarz.gen/sources_1/bd/zynq_ps_bd/synth/zynq_ps_bd.v:700]
WARNING: [Synth 8-7071] port 'S_AXI_HP2_WACOUNT' of module 'zynq_ps_bd_processing_system7_0_0' is unconnected for instance 'processing_system7_0' [c:/Users/hasse/source/repos/hasseily/appletini-one/project/appletini_yarz.gen/sources_1/bd/zynq_ps_bd/synth/zynq_ps_bd.v:700]
WARNING: [Synth 8-7071] port 'S_AXI_HP3_RCOUNT' of module 'zynq_ps_bd_processing_system7_0_0' is unconnected for instance 'processing_system7_0' [c:/Users/hasse/source/repos/hasseily/appletini-one/project/appletini_yarz.gen/sources_1/bd/zynq_ps_bd/synth/zynq_ps_bd.v:700]
WARNING: [Synth 8-7071] port 'S_AXI_HP3_WCOUNT' of module 'zynq_ps_bd_processing_system7_0_0' is unconnected for instance 'processing_system7_0' [c:/Users/hasse/source/repos/hasseily/appletini-one/project/appletini_yarz.gen/sources_1/bd/zynq_ps_bd/synth/zynq_ps_bd.v:700]
WARNING: [Synth 8-7071] port 'S_AXI_HP3_RACOUNT' of module 'zynq_ps_bd_processing_system7_0_0' is unconnected for instance 'processing_system7_0' [c:/Users/hasse/source/repos/hasseily/appletini-one/project/appletini_yarz.gen/sources_1/bd/zynq_ps_bd/synth/zynq_ps_bd.v:700]
WARNING: [Synth 8-7071] port 'S_AXI_HP3_WACOUNT' of module 'zynq_ps_bd_processing_system7_0_0' is unconnected for instance 'processing_system7_0' [c:/Users/hasse/source/repos/hasseily/appletini-one/project/appletini_yarz.gen/sources_1/bd/zynq_ps_bd/synth/zynq_ps_bd.v:700]
WARNING: [Synth 8-7023] instance 'processing_system7_0' of module 'zynq_ps_bd_processing_system7_0_0' has 250 connections declared, but only 230 given [c:/Users/hasse/source/repos/hasseily/appletini-one/project/appletini_yarz.gen/sources_1/bd/zynq_ps_bd/synth/zynq_ps_bd.v:700]
INFO: [Synth 8-6155] done synthesizing module 'zynq_ps_bd' (0#1) [c:/Users/hasse/source/repos/hasseily/appletini-one/project/appletini_yarz.gen/sources_1/bd/zynq_ps_bd/synth/zynq_ps_bd.v:13]
INFO: [Synth 8-6155] done synthesizing module 'zynq_ps_bd_wrapper' (0#1) [C:/Users/hasse/source/repos/hasseily/appletini-one/project/appletini_yarz.gen/sources_1/bd/zynq_ps_bd/hdl/zynq_ps_bd_wrapper.v:13]
INFO: [Synth 8-6157] synthesizing module 'axisimple_wrapper' [C:/Users/hasse/source/repos/hasseily/appletini-one/hdl/axisimple/axisimple_wrapper.sv:3]
INFO: [Synth 8-6157] synthesizing module 'axidouble' [C:/Users/hasse/source/repos/hasseily/appletini-one/hdl/axisimple/axidouble.v:132]
	Parameter C_AXI_DATA_WIDTH bound to: 32 - type: integer 
	Parameter C_AXI_ADDR_WIDTH bound to: 32 - type: integer 
	Parameter C_AXI_ID_WIDTH bound to: 12 - type: integer 
	Parameter NS bound to: 8 - type: integer 
	Parameter OPT_LOWPOWER bound to: 1'b1 
	Parameter SLAVE_ADDR bound to: 256'b0100000000000111000000000000000001000000000001100000000000000000010000000000010100000000000000000100000000000100000000000000000001000000000000110000000000000000010000000000001000000000000000000100000000000001000000000000000001000000000000000000000000000000 
	Parameter SLAVE_MASK bound to: 256'b1111111111111111000000000000000011111111111111110000000000000000111111111111111100000000000000001111111111111111000000000000000011111111111111110000000000000000111111111111111100000000000000001111111111111111000000000000000011111111111111110000000000000000 
	Parameter OPT_EXCLUSIVE_ACCESS bound to: 1'b1 
INFO: [Synth 8-6157] synthesizing module 'skidbuffer' [C:/Users/hasse/source/repos/hasseily/appletini-one/hdl/axisimple/skidbuffer.v:81]
	Parameter OPT_OUTREG bound to: 1'b0 
	Parameter DW bound to: 57 - type: integer 
INFO: [Synth 8-6155] done synthesizing module 'skidbuffer' (0#1) [C:/Users/hasse/source/repos/hasseily/appletini-one/hdl/axisimple/skidbuffer.v:81]
INFO: [Synth 8-6157] synthesizing module 'axi_addr' [C:/Users/hasse/source/repos/hasseily/appletini-one/hdl/axisimple/axi_addr.v:45]
	Parameter AW bound to: 32 - type: integer 
	Parameter DW bound to: 32 - type: integer 
INFO: [Synth 8-6155] done synthesizing module 'axi_addr' (0#1) [C:/Users/hasse/source/repos/hasseily/appletini-one/hdl/axisimple/axi_addr.v:45]
INFO: [Synth 8-6157] synthesizing module 'addrdecode' [C:/Users/hasse/source/repos/hasseily/appletini-one/hdl/axisimple/addrdecode.v:66]
	Parameter NS bound to: 8 - type: integer 
	Parameter AW bound to: 32 - type: integer 
	Parameter DW bound to: 3 - type: integer 
	Parameter SLAVE_ADDR bound to: 256'b0100000000000111000000000000000001000000000001100000000000000000010000000000010100000000000000000100000000000100000000000000000001000000000000110000000000000000010000000000001000000000000000000100000000000001000000000000000001000000000000000000000000000000 
	Parameter SLAVE_MASK bound to: 256'b1111111111111111000000000000000011111111111111110000000000000000111111111111111100000000000000001111111111111111000000000000000011111111111111110000000000000000111111111111111100000000000000001111111111111111000000000000000011111111111111110000000000000000 
	Parameter OPT_REGISTERED bound to: 1'b1 
INFO: [Synth 8-6155] done synthesizing module 'addrdecode' (0#1) [C:/Users/hasse/source/repos/hasseily/appletini-one/hdl/axisimple/addrdecode.v:66]
INFO: [Synth 8-6157] synthesizing module 'sfifo' [C:/Users/hasse/source/repos/hasseily/appletini-one/hdl/axisimple/sfifo.v:26]
	Parameter BW bound to: 14 - type: integer 
	Parameter LGFLEN bound to: 3 - type: integer 
	Parameter OPT_ASYNC_READ bound to: 1'b0 
INFO: [Synth 8-6155] done synthesizing module 'sfifo' (0#1) [C:/Users/hasse/source/repos/hasseily/appletini-one/hdl/axisimple/sfifo.v:26]
INFO: [Synth 8-6157] synthesizing module 'addrdecode__parameterized0' [C:/Users/hasse/source/repos/hasseily/appletini-one/hdl/axisimple/addrdecode.v:66]
	Parameter NS bound to: 8 - type: integer 
	Parameter AW bound to: 32 - type: integer 
	Parameter DW bound to: 1 - type: integer 
	Parameter SLAVE_ADDR bound to: 256'b0100000000000111000000000000000001000000000001100000000000000000010000000000010100000000000000000100000000000100000000000000000001000000000000110000000000000000010000000000001000000000000000000100000000000001000000000000000001000000000000000000000000000000 
	Parameter SLAVE_MASK bound to: 256'b1111111111111111000000000000000011111111111111110000000000000000111111111111111100000000000000001111111111111111000000000000000011111111111111110000000000000000111111111111111100000000000000001111111111111111000000000000000011111111111111110000000000000000 
	Parameter OPT_REGISTERED bound to: 1'b1 
INFO: [Synth 8-6155] done synthesizing module 'addrdecode__parameterized0' (0#1) [C:/Users/hasse/source/repos/hasseily/appletini-one/hdl/axisimple/addrdecode.v:66]
INFO: [Synth 8-6157] synthesizing module 'sfifo__parameterized0' [C:/Users/hasse/source/repos/hasseily/appletini-one/hdl/axisimple/sfifo.v:26]
	Parameter BW bound to: 47 - type: integer 
	Parameter LGFLEN bound to: 3 - type: integer 
	Parameter OPT_ASYNC_READ bound to: 1'b0 
INFO: [Synth 8-6155] done synthesizing module 'sfifo__parameterized0' (0#1) [C:/Users/hasse/source/repos/hasseily/appletini-one/hdl/axisimple/sfifo.v:26]
INFO: [Synth 8-6155] done synthesizing module 'axidouble' (0#1) [C:/Users/hasse/source/repos/hasseily/appletini-one/hdl/axisimple/axidouble.v:132]
INFO: [Synth 8-6155] done synthesizing module 'axisimple_wrapper' (0#1) [C:/Users/hasse/source/repos/hasseily/appletini-one/hdl/axisimple/axisimple_wrapper.sv:3]
INFO: [Synth 8-6157] synthesizing module 'apple_top' [C:/Users/hasse/source/repos/hasseily/appletini-one/hdl/apple/apple_top.sv:1]
INFO: [Synth 8-6157] synthesizing module 'Axi3_read_if' [C:/Users/hasse/source/repos/hasseily/appletini-one/hdl/globals.sv:397]
	Parameter ADDR_WIDTH bound to: 32 - type: integer 
	Parameter DATA_WIDTH bound to: 64 - type: integer 
INFO: [Synth 8-6155] done synthesizing module 'Axi3_read_if' (0#1) [C:/Users/hasse/source/repos/hasseily/appletini-one/hdl/globals.sv:397]
INFO: [Synth 8-6157] synthesizing module 'soft_switch_manager' [C:/Users/hasse/source/repos/hasseily/appletini-one/hdl/apple/soft_switch_manager.sv:1]
INFO: [Synth 8-294] found qualifier unique on case statement: implementing as parallel_case [C:/Users/hasse/source/repos/hasseily/appletini-one/hdl/apple/soft_switch_manager.sv:174]
INFO: [Synth 8-6155] done synthesizing module 'soft_switch_manager' (0#1) [C:/Users/hasse/source/repos/hasseily/appletini-one/hdl/apple/soft_switch_manager.sv:1]
INFO: [Synth 8-6157] synthesizing module 'apple_timing_gen' [C:/Users/hasse/source/repos/hasseily/appletini-one/hdl/apple/apple_timing_gen.sv:3]
INFO: [Synth 8-6155] done synthesizing module 'apple_timing_gen' (0#1) [C:/Users/hasse/source/repos/hasseily/appletini-one/hdl/apple/apple_timing_gen.sv:3]
INFO: [Synth 8-6157] synthesizing module 'apple_cycle_capture' [C:/Users/hasse/source/repos/hasseily/appletini-one/hdl/apple/apple_cycle_capture.sv:2]
INFO: [Synth 8-6157] synthesizing module 'xpm_fifo_sync' [C:/Xilinx/2025.2/Vivado/data/ip/xpm/xpm_fifo/hdl/xpm_fifo.sv:1975]
	Parameter FIFO_MEMORY_TYPE bound to: block - type: string 
	Parameter ECC_MODE bound to: no_ecc - type: string 
	Parameter FIFO_WRITE_DEPTH bound to: 4096 - type: integer 
	Parameter WRITE_DATA_WIDTH bound to: 64 - type: integer 
	Parameter WR_DATA_COUNT_WIDTH bound to: 13 - type: integer 
	Parameter FULL_RESET_VALUE bound to: 0 - type: integer 
	Parameter USE_ADV_FEATURES bound to: 0004 - type: string 
	Parameter READ_MODE bound to: fwft - type: string 
	Parameter FIFO_READ_LATENCY bound to: 0 - type: integer 
	Parameter READ_DATA_WIDTH bound to: 64 - type: integer 
	Parameter DOUT_RESET_VALUE bound to: 0 - type: string 
	Parameter WAKEUP_TIME bound to: 0 - type: integer 
INFO: [Synth 8-6157] synthesizing module 'xpm_fifo_base' [C:/Xilinx/2025.2/Vivado/data/ip/xpm/xpm_fifo/hdl/xpm_fifo.sv:53]
INFO: [Synth 8-6157] synthesizing module 'xpm_memory_base' [C:/Xilinx/2025.2/Vivado/data/ip/xpm/xpm_memory/hdl/xpm_memory.sv:54]
INFO: [Synth 8-6155] done synthesizing module 'xpm_memory_base' (0#1) [C:/Xilinx/2025.2/Vivado/data/ip/xpm/xpm_memory/hdl/xpm_memory.sv:54]
INFO: [Synth 8-226] default block is never used [C:/Xilinx/2025.2/Vivado/data/ip/xpm/xpm_fifo/hdl/xpm_fifo.sv:1220]
INFO: [Synth 8-226] default block is never used [C:/Xilinx/2025.2/Vivado/data/ip/xpm/xpm_fifo/hdl/xpm_fifo.sv:1287]
INFO: [Synth 8-226] default block is never used [C:/Xilinx/2025.2/Vivado/data/ip/xpm/xpm_fifo/hdl/xpm_fifo.sv:1309]
INFO: [Synth 8-6157] synthesizing module 'xpm_fifo_reg_bit' [C:/Xilinx/2025.2/Vivado/data/ip/xpm/xpm_fifo/hdl/xpm_fifo.sv:1927]
INFO: [Synth 8-6155] done synthesizing module 'xpm_fifo_reg_bit' (0#1) [C:/Xilinx/2025.2/Vivado/data/ip/xpm/xpm_fifo/hdl/xpm_fifo.sv:1927]
INFO: [Synth 8-6157] synthesizing module 'xpm_counter_updn' [C:/Xilinx/2025.2/Vivado/data/ip/xpm/xpm_fifo/hdl/xpm_fifo.sv:1879]
INFO: [Synth 8-6155] done synthesizing module 'xpm_counter_updn' (0#1) [C:/Xilinx/2025.2/Vivado/data/ip/xpm/xpm_fifo/hdl/xpm_fifo.sv:1879]
INFO: [Synth 8-6157] synthesizing module 'xpm_fifo_rst' [C:/Xilinx/2025.2/Vivado/data/ip/xpm/xpm_fifo/hdl/xpm_fifo.sv:1639]
INFO: [Synth 8-6155] done synthesizing module 'xpm_fifo_rst' (0#1) [C:/Xilinx/2025.2/Vivado/data/ip/xpm/xpm_fifo/hdl/xpm_fifo.sv:1639]
INFO: [Synth 8-6157] synthesizing module 'xpm_counter_updn__parameterized0' [C:/Xilinx/2025.2/Vivado/data/ip/xpm/xpm_fifo/hdl/xpm_fifo.sv:1879]
INFO: [Synth 8-6155] done synthesizing module 'xpm_counter_updn__parameterized0' (0#1) [C:/Xilinx/2025.2/Vivado/data/ip/xpm/xpm_fifo/hdl/xpm_fifo.sv:1879]
INFO: [Synth 8-6157] synthesizing module 'xpm_counter_updn__parameterized1' [C:/Xilinx/2025.2/Vivado/data/ip/xpm/xpm_fifo/hdl/xpm_fifo.sv:1879]
INFO: [Synth 8-6155] done synthesizing module 'xpm_counter_updn__parameterized1' (0#1) [C:/Xilinx/2025.2/Vivado/data/ip/xpm/xpm_fifo/hdl/xpm_fifo.sv:1879]
INFO: [Synth 8-6157] synthesizing module 'xpm_counter_updn__parameterized2' [C:/Xilinx/2025.2/Vivado/data/ip/xpm/xpm_fifo/hdl/xpm_fifo.sv:1879]
INFO: [Synth 8-6155] done synthesizing module 'xpm_counter_updn__parameterized2' (0#1) [C:/Xilinx/2025.2/Vivado/data/ip/xpm/xpm_fifo/hdl/xpm_fifo.sv:1879]
INFO: [Synth 8-6155] done synthesizing module 'xpm_fifo_base' (0#1) [C:/Xilinx/2025.2/Vivado/data/ip/xpm/xpm_fifo/hdl/xpm_fifo.sv:53]
INFO: [Synth 8-6155] done synthesizing module 'xpm_fifo_sync' (0#1) [C:/Xilinx/2025.2/Vivado/data/ip/xpm/xpm_fifo/hdl/xpm_fifo.sv:1975]
INFO: [Synth 8-6155] done synthesizing module 'apple_cycle_capture' (0#1) [C:/Users/hasse/source/repos/hasseily/appletini-one/hdl/apple/apple_cycle_capture.sv:2]
INFO: [Synth 8-6157] synthesizing module 'apple_cycle_egress' [C:/Users/hasse/source/repos/hasseily/appletini-one/hdl/apple/apple_cycle_egress.sv:16]
WARNING: [Synth 8-6896] if statement with non-constant condition is inside initial block, initial block items will be ignored [C:/Users/hasse/source/repos/hasseily/appletini-one/hdl/apple/apple_cycle_egress.sv:511]
INFO: [Synth 8-294] found qualifier unique on case statement: implementing as parallel_case [C:/Users/hasse/source/repos/hasseily/appletini-one/hdl/apple/apple_cycle_egress.sv:265]
INFO: [Synth 8-294] found qualifier unique on case statement: implementing as parallel_case [C:/Users/hasse/source/repos/hasseily/appletini-one/hdl/apple/apple_cycle_egress.sv:272]
INFO: [Synth 8-294] found qualifier unique on case statement: implementing as parallel_case [C:/Users/hasse/source/repos/hasseily/appletini-one/hdl/apple/apple_cycle_egress.sv:368]
INFO: [Synth 8-294] found qualifier unique on case statement: implementing as parallel_case [C:/Users/hasse/source/repos/hasseily/appletini-one/hdl/apple/apple_cycle_egress.sv:459]
INFO: [Synth 8-6155] done synthesizing module 'apple_cycle_egress' (0#1) [C:/Users/hasse/source/repos/hasseily/appletini-one/hdl/apple/apple_cycle_egress.sv:16]
INFO: [Synth 8-6157] synthesizing module 'sdd_bus_tap' [C:/Users/hasse/source/repos/hasseily/appletini-one/hdl/apple/sdd_bus_tap.sv:34]
INFO: [Synth 8-6155] done synthesizing module 'sdd_bus_tap' (0#1) [C:/Users/hasse/source/repos/hasseily/appletini-one/hdl/apple/sdd_bus_tap.sv:34]
INFO: [Synth 8-6157] synthesizing module 'apple_cycle_egress__parameterized0' [C:/Users/hasse/source/repos/hasseily/appletini-one/hdl/apple/apple_cycle_egress.sv:16]
WARNING: [Synth 8-6896] if statement with non-constant condition is inside initial block, initial block items will be ignored [C:/Users/hasse/source/repos/hasseily/appletini-one/hdl/apple/apple_cycle_egress.sv:511]
INFO: [Synth 8-294] found qualifier unique on case statement: implementing as parallel_case [C:/Users/hasse/source/repos/hasseily/appletini-one/hdl/apple/apple_cycle_egress.sv:265]
INFO: [Synth 8-294] found qualifier unique on case statement: implementing as parallel_case [C:/Users/hasse/source/repos/hasseily/appletini-one/hdl/apple/apple_cycle_egress.sv:272]
INFO: [Synth 8-294] found qualifier unique on case statement: implementing as parallel_case [C:/Users/hasse/source/repos/hasseily/appletini-one/hdl/apple/apple_cycle_egress.sv:368]
INFO: [Synth 8-294] found qualifier unique on case statement: implementing as parallel_case [C:/Users/hasse/source/repos/hasseily/appletini-one/hdl/apple/apple_cycle_egress.sv:459]
INFO: [Synth 8-6155] done synthesizing module 'apple_cycle_egress__parameterized0' (0#1) [C:/Users/hasse/source/repos/hasseily/appletini-one/hdl/apple/apple_cycle_egress.sv:16]
INFO: [Synth 8-6157] synthesizing module 'psram_driver' [C:/Users/hasse/source/repos/hasseily/appletini-one/hdl/apple/psram_driver.sv:3]
INFO: [Synth 8-6157] synthesizing module 'IDELAYE2' [C:/Xilinx/2025.2/Vivado/scripts/rt/data/unisim_comp.v:85109]
	Parameter CINVCTRL_SEL bound to: FALSE - type: string 
	Parameter DELAY_SRC bound to: IDATAIN - type: string 
	Parameter HIGH_PERFORMANCE_MODE bound to: TRUE - type: string 
	Parameter IDELAY_TYPE bound to: VAR_LOAD - type: string 
	Parameter IDELAY_VALUE bound to: 0 - type: integer 
	Parameter PIPE_SEL bound to: FALSE - type: string 
	Parameter REFCLK_FREQUENCY bound to: 2.000000e+02 - type: double 
	Parameter SIGNAL_PATTERN bound to: DATA - type: string 
INFO: [Synth 8-6155] done synthesizing module 'IDELAYE2' (0#1) [C:/Xilinx/2025.2/Vivado/scripts/rt/data/unisim_comp.v:85109]
INFO: [Synth 8-6157] synthesizing module 'IDDR' [C:/Xilinx/2025.2/Vivado/scripts/rt/data/unisim_comp.v:84974]
	Parameter DDR_CLK_EDGE bound to: SAME_EDGE - type: string 
	Parameter INIT_Q1 bound to: 1'b0 
	Parameter INIT_Q2 bound to: 1'b0 
	Parameter SRTYPE bound to: ASYNC - type: string 
INFO: [Synth 8-6155] done synthesizing module 'IDDR' (0#1) [C:/Xilinx/2025.2/Vivado/scripts/rt/data/unisim_comp.v:84974]
INFO: [Synth 8-6157] synthesizing module 'ODDR' [C:/Xilinx/2025.2/Vivado/scripts/rt/data/unisim_comp.v:117225]
	Parameter DDR_CLK_EDGE bound to: SAME_EDGE - type: string 
	Parameter INIT bound to: 1'b0 
	Parameter SRTYPE bound to: ASYNC - type: string 
INFO: [Synth 8-6155] done synthesizing module 'ODDR' (0#1) [C:/Xilinx/2025.2/Vivado/scripts/rt/data/unisim_comp.v:117225]
INFO: [Synth 8-6155] done synthesizing module 'psram_driver' (0#1) [C:/Users/hasse/source/repos/hasseily/appletini-one/hdl/apple/psram_driver.sv:3]
INFO: [Synth 8-6157] synthesizing module 'apple_bus_wrapper' [C:/Users/hasse/source/repos/hasseily/appletini-one/hdl/apple/apple_bus_wrapper.sv:12]
INFO: [Synth 8-6157] synthesizing module 'cdc_bus_iob' [C:/Users/hasse/source/repos/hasseily/appletini-one/hdl/cdc_bus_sampled.sv:45]
	Parameter WIDTH bound to: 8 - type: integer 
INFO: [Synth 8-6155] done synthesizing module 'cdc_bus_iob' (0#1) [C:/Users/hasse/source/repos/hasseily/appletini-one/hdl/cdc_bus_sampled.sv:45]
INFO: [Synth 8-6157] synthesizing module 'cdc_bus_iob__parameterized0' [C:/Users/hasse/source/repos/hasseily/appletini-one/hdl/cdc_bus_sampled.sv:45]
	Parameter WIDTH bound to: 16 - type: integer 
INFO: [Synth 8-6155] done synthesizing module 'cdc_bus_iob__parameterized0' (0#1) [C:/Users/hasse/source/repos/hasseily/appletini-one/hdl/cdc_bus_sampled.sv:45]
INFO: [Synth 8-6157] synthesizing module 'cdc_bus_iob__parameterized1' [C:/Users/hasse/source/repos/hasseily/appletini-one/hdl/cdc_bus_sampled.sv:45]
	Parameter WIDTH bound to: 10 - type: integer 
INFO: [Synth 8-6155] done synthesizing module 'cdc_bus_iob__parameterized1' (0#1) [C:/Users/hasse/source/repos/hasseily/appletini-one/hdl/cdc_bus_sampled.sv:45]
INFO: [Synth 8-6155] done synthesizing module 'apple_bus_wrapper' (0#1) [C:/Users/hasse/source/repos/hasseily/appletini-one/hdl/apple/apple_bus_wrapper.sv:12]
INFO: [Synth 8-6157] synthesizing module 'psram_simple' [C:/Users/hasse/source/repos/hasseily/appletini-one/hdl/apple/psram_simple.sv:40]
INFO: [Synth 8-6155] done synthesizing module 'psram_simple' (0#1) [C:/Users/hasse/source/repos/hasseily/appletini-one/hdl/apple/psram_simple.sv:40]
INFO: [Synth 8-6157] synthesizing module 'disk2_ddr_bridge' [C:/Users/hasse/source/repos/hasseily/appletini-one/hdl/apple/disk2_ddr_bridge.sv:19]
INFO: [Synth 8-6155] done synthesizing module 'disk2_ddr_bridge' (0#1) [C:/Users/hasse/source/repos/hasseily/appletini-one/hdl/apple/disk2_ddr_bridge.sv:19]
INFO: [Synth 8-6157] synthesizing module 'mockingboard' [C:/Users/hasse/source/repos/hasseily/appletini-one/hdl/apple/mockingboard.sv:12]
INFO: [Synth 8-6157] synthesizing module 'via6522' [C:/Users/hasse/source/repos/hasseily/appletini-one/hdl/apple/via6522.v:48]
INFO: [Synth 8-6155] done synthesizing module 'via6522' (0#1) [C:/Users/hasse/source/repos/hasseily/appletini-one/hdl/apple/via6522.v:48]
INFO: [Synth 8-6157] synthesizing module 'ssi263_voice' [C:/Users/hasse/source/repos/hasseily/appletini-one/hdl/apple/ssi263_voice.sv:6]
	Parameter SSI263_TYPE bound to: 32'b00000000000000000000000000000000 
	Parameter HAS_SC01 bound to: 1'b1 
INFO: [Synth 8-6157] synthesizing module 'ssi263_bus_wrapper' [C:/Users/hasse/source/repos/hasseily/appletini-one/hdl/apple/ssi263_bus_wrapper.sv:10]
	Parameter SSI263_TYPE bound to: 32'b00000000000000000000000000000000 
	Parameter HAS_SC01 bound to: 1'b1 
INFO: [Synth 8-6157] synthesizing module 'ssi263_formant_backend' [C:/Users/hasse/source/repos/hasseily/appletini-one/hdl/apple/ssi263_formant_backend.sv:10]
INFO: [Synth 8-226] default block is never used [C:/Users/hasse/source/repos/hasseily/appletini-one/hdl/apple/ssi263_formant_pkg.sv:10]
INFO: [Synth 8-6157] synthesizing module 'sc01a_digital_core' [C:/Users/hasse/source/repos/hasseily/appletini-one/hdl/apple/sc01a_digital_core.sv:11]
INFO: [Synth 8-226] default block is never used [C:/Users/hasse/source/repos/hasseily/appletini-one/hdl/apple/ssi263_formant_pkg.sv:93]
INFO: [Synth 8-6155] done synthesizing module 'sc01a_digital_core' (0#1) [C:/Users/hasse/source/repos/hasseily/appletini-one/hdl/apple/sc01a_digital_core.sv:11]
INFO: [Synth 8-6155] done synthesizing module 'ssi263_formant_backend' (0#1) [C:/Users/hasse/source/repos/hasseily/appletini-one/hdl/apple/ssi263_formant_backend.sv:10]
INFO: [Synth 8-6155] done synthesizing module 'ssi263_bus_wrapper' (0#1) [C:/Users/hasse/source/repos/hasseily/appletini-one/hdl/apple/ssi263_bus_wrapper.sv:10]
INFO: [Synth 8-6155] done synthesizing module 'ssi263_voice' (0#1) [C:/Users/hasse/source/repos/hasseily/appletini-one/hdl/apple/ssi263_voice.sv:6]
INFO: [Synth 8-6157] synthesizing module 'ssi263_voice__parameterized0' [C:/Users/hasse/source/repos/hasseily/appletini-one/hdl/apple/ssi263_voice.sv:6]
	Parameter SSI263_TYPE bound to: 32'b00000000000000000000000000000010 
	Parameter HAS_SC01 bound to: 1'b0 
INFO: [Synth 8-6157] synthesizing module 'ssi263_bus_wrapper__parameterized0' [C:/Users/hasse/source/repos/hasseily/appletini-one/hdl/apple/ssi263_bus_wrapper.sv:10]
	Parameter SSI263_TYPE bound to: 32'b00000000000000000000000000000010 
	Parameter HAS_SC01 bound to: 1'b0 
INFO: [Synth 8-226] default block is never used [C:/Users/hasse/source/repos/hasseily/appletini-one/hdl/apple/ssi263_formant_pkg.sv:10]
INFO: [Synth 8-6155] done synthesizing module 'ssi263_bus_wrapper__parameterized0' (0#1) [C:/Users/hasse/source/repos/hasseily/appletini-one/hdl/apple/ssi263_bus_wrapper.sv:10]
INFO: [Synth 8-6155] done synthesizing module 'ssi263_voice__parameterized0' (0#1) [C:/Users/hasse/source/repos/hasseily/appletini-one/hdl/apple/ssi263_voice.sv:6]
INFO: [Synth 8-6157] synthesizing module 'YM2149' [C:/Users/hasse/source/repos/hasseily/appletini-one/hdl/apple/YM2149.sv:44]
INFO: [Synth 8-6155] done synthesizing module 'YM2149' (0#1) [C:/Users/hasse/source/repos/hasseily/appletini-one/hdl/apple/YM2149.sv:44]
INFO: [Synth 8-6155] done synthesizing module 'mockingboard' (0#1) [C:/Users/hasse/source/repos/hasseily/appletini-one/hdl/apple/mockingboard.sv:12]
INFO: [Synth 8-6157] synthesizing module 'mouse_card' [C:/Users/hasse/source/repos/hasseily/appletini-one/hdl/apple/mouse_card.sv:10]
INFO: [Synth 8-3876] $readmem data file 'mouse_card_slot2.mem' is read successfully [C:/Users/hasse/source/repos/hasseily/appletini-one/hdl/apple/mouse_card.sv:72]
INFO: [Synth 8-6155] done synthesizing module 'mouse_card' (0#1) [C:/Users/hasse/source/repos/hasseily/appletini-one/hdl/apple/mouse_card.sv:10]
INFO: [Synth 8-6157] synthesizing module 'applicard_card' [C:/Users/hasse/source/repos/hasseily/appletini-one/hdl/apple/applicard_card.sv:28]
INFO: [Synth 8-6155] done synthesizing module 'applicard_card' (0#1) [C:/Users/hasse/source/repos/hasseily/appletini-one/hdl/apple/applicard_card.sv:28]
INFO: [Synth 8-6157] synthesizing module 'uthernet2_card' [C:/Users/hasse/source/repos/hasseily/appletini-one/hdl/apple/uthernet2_card.sv:21]
INFO: [Synth 8-226] default block is never used [C:/Users/hasse/source/repos/hasseily/appletini-one/hdl/apple/uthernet2_card.sv:539]
INFO: [Synth 8-6155] done synthesizing module 'uthernet2_card' (0#1) [C:/Users/hasse/source/repos/hasseily/appletini-one/hdl/apple/uthernet2_card.sv:21]
INFO: [Synth 8-6157] synthesizing module 'supersprite_card' [C:/Users/hasse/source/repos/hasseily/appletini-one/hdl/apple/supersprite_card.sv:31]
INFO: [Synth 8-294] found qualifier unique on case statement: implementing as parallel_case [C:/Users/hasse/source/repos/hasseily/appletini-one/hdl/apple/supersprite_card.sv:233]
INFO: [Synth 8-294] found qualifier unique on case statement: implementing as parallel_case [C:/Users/hasse/source/repos/hasseily/appletini-one/hdl/apple/supersprite_card.sv:255]
INFO: [Synth 8-6155] done synthesizing module 'supersprite_card' (0#1) [C:/Users/hasse/source/repos/hasseily/appletini-one/hdl/apple/supersprite_card.sv:31]
INFO: [Synth 8-6157] synthesizing module 'disk2_card' [C:/Users/hasse/source/repos/hasseily/appletini-one/hdl/apple/disk2_card.sv:8]
INFO: [Synth 8-3876] $readmem data file 'disk2_slot6.mem' is read successfully [C:/Users/hasse/source/repos/hasseily/appletini-one/hdl/apple/disk2_card.sv:106]
INFO: [Synth 8-226] default block is never used [C:/Users/hasse/source/repos/hasseily/appletini-one/hdl/apple/disk2_card.sv:1014]
INFO: [Synth 8-6155] done synthesizing module 'disk2_card' (0#1) [C:/Users/hasse/source/repos/hasseily/appletini-one/hdl/apple/disk2_card.sv:8]
INFO: [Synth 8-6157] synthesizing module 'disk2_sound_player' [C:/Users/hasse/source/repos/hasseily/appletini-one/hdl/apple/disk2_sound_player.sv:5]
INFO: [Synth 8-6157] synthesizing module 'audio_pcm16_ddr_fetcher' [C:/Users/hasse/source/repos/hasseily/appletini-one/hdl/audio_pcm16_ddr_fetcher.sv:3]
	Parameter SAMPLE_ADDR_WIDTH bound to: 32'b00000000000000000000000000010010 
INFO: [Synth 8-294] found qualifier unique on case statement: implementing as parallel_case [C:/Users/hasse/source/repos/hasseily/appletini-one/hdl/audio_pcm16_ddr_fetcher.sv:79]
INFO: [Synth 8-294] found qualifier unique on case statement: implementing as parallel_case [C:/Users/hasse/source/repos/hasseily/appletini-one/hdl/audio_pcm16_ddr_fetcher.sv:46]
INFO: [Synth 8-6155] done synthesizing module 'audio_pcm16_ddr_fetcher' (0#1) [C:/Users/hasse/source/repos/hasseily/appletini-one/hdl/audio_pcm16_ddr_fetcher.sv:3]
INFO: [Synth 8-294] found qualifier unique on case statement: implementing as parallel_case [C:/Users/hasse/source/repos/hasseily/appletini-one/hdl/apple/disk2_sound_player.sv:175]
INFO: [Synth 8-294] found qualifier unique on case statement: implementing as parallel_case [C:/Users/hasse/source/repos/hasseily/appletini-one/hdl/apple/disk2_sound_pkg.sv:54]
INFO: [Synth 8-294] found qualifier unique on case statement: implementing as parallel_case [C:/Users/hasse/source/repos/hasseily/appletini-one/hdl/apple/disk2_sound_pkg.sv:56]
INFO: [Synth 8-294] found qualifier unique on case statement: implementing as parallel_case [C:/Users/hasse/source/repos/hasseily/appletini-one/hdl/apple/disk2_sound_pkg.sv:202]
INFO: [Synth 8-294] found qualifier unique on case statement: implementing as parallel_case [C:/Users/hasse/source/repos/hasseily/appletini-one/hdl/apple/disk2_sound_player.sv:102]
INFO: [Synth 8-6155] done synthesizing module 'disk2_sound_player' (0#1) [C:/Users/hasse/source/repos/hasseily/appletini-one/hdl/apple/disk2_sound_player.sv:5]
INFO: [Synth 8-6157] synthesizing module 'smartport_card' [C:/Users/hasse/source/repos/hasseily/appletini-one/hdl/apple/smartport_card.sv:54]
INFO: [Synth 8-3876] $readmem data file 'smartport_a2retronet_style_c700.mem' is read successfully [C:/Users/hasse/source/repos/hasseily/appletini-one/hdl/apple/smartport_card.sv:94]
INFO: [Synth 8-3876] $readmem data file 'smartport_a2retronet_style_c800.mem' is read successfully [C:/Users/hasse/source/repos/hasseily/appletini-one/hdl/apple/smartport_card.sv:95]
INFO: [Synth 8-294] found qualifier unique on case statement: implementing as parallel_case [C:/Users/hasse/source/repos/hasseily/appletini-one/hdl/apple/smartport_card.sv:425]
INFO: [Synth 8-6155] done synthesizing module 'smartport_card' (0#1) [C:/Users/hasse/source/repos/hasseily/appletini-one/hdl/apple/smartport_card.sv:54]
INFO: [Synth 8-6157] synthesizing module 'ps_dma_command' [C:/Users/hasse/source/repos/hasseily/appletini-one/hdl/apple/ps_dma_command.sv:18]
INFO: [Synth 8-6155] done synthesizing module 'ps_dma_command' (0#1) [C:/Users/hasse/source/repos/hasseily/appletini-one/hdl/apple/ps_dma_command.sv:18]
INFO: [Synth 8-6157] synthesizing module 'apple_dma_engine' [C:/Users/hasse/source/repos/hasseily/appletini-one/hdl/apple/apple_dma_engine.sv:32]
	Parameter LENGTH_W bound to: 32'sb00000000000000000000000000001010 
INFO: [Synth 8-294] found qualifier unique on case statement: implementing as parallel_case [C:/Users/hasse/source/repos/hasseily/appletini-one/hdl/apple/apple_dma_engine.sv:267]
INFO: [Synth 8-294] found qualifier unique on case statement: implementing as parallel_case [C:/Users/hasse/source/repos/hasseily/appletini-one/hdl/apple/apple_dma_engine.sv:352]
INFO: [Synth 8-226] default block is never used [C:/Users/hasse/source/repos/hasseily/appletini-one/hdl/apple/apple_dma_engine.sv:352]
INFO: [Synth 8-6155] done synthesizing module 'apple_dma_engine' (0#1) [C:/Users/hasse/source/repos/hasseily/appletini-one/hdl/apple/apple_dma_engine.sv:32]
INFO: [Synth 8-6157] synthesizing module 'boot_menu_card' [C:/Users/hasse/source/repos/hasseily/appletini-one/hdl/apple/boot_menu_card.sv:9]
INFO: [Synth 8-3876] $readmem data file 'boot_menu_slot7.mem' is read successfully [C:/Users/hasse/source/repos/hasseily/appletini-one/hdl/apple/boot_menu_card.sv:166]
INFO: [Synth 8-3876] $readmem data file 'boot_menu_slot7_reloc.mem' is read successfully [C:/Users/hasse/source/repos/hasseily/appletini-one/hdl/apple/boot_menu_card.sv:167]
INFO: [Synth 8-3876] $readmem data file 'boot_menu_slot7_c8.mem' is read successfully [C:/Users/hasse/source/repos/hasseily/appletini-one/hdl/apple/boot_menu_card.sv:168]
INFO: [Synth 8-6155] done synthesizing module 'boot_menu_card' (0#1) [C:/Users/hasse/source/repos/hasseily/appletini-one/hdl/apple/boot_menu_card.sv:9]
INFO: [Synth 8-6157] synthesizing module 'no_slot_clock' [C:/Users/hasse/source/repos/hasseily/appletini-one/hdl/apple/no_slot_clock.sv:13]
INFO: [Synth 8-6155] done synthesizing module 'no_slot_clock' (0#1) [C:/Users/hasse/source/repos/hasseily/appletini-one/hdl/apple/no_slot_clock.sv:13]
INFO: [Synth 8-6157] synthesizing module 'vtw_core_top' [C:/Users/hasse/source/repos/hasseily/appletini-one/hdl/apple/vtw_core_top.sv:39]
INFO: [Synth 8-6157] synthesizing module 'w65c02_core' [C:/Users/hasse/source/repos/hasseily/appletini-one/hdl/apple/w65c02_core.sv:14]
	Parameter DEBUG_STATE_LOAD bound to: 1'b0 
INFO: [Synth 8-226] default block is never used [C:/Users/hasse/source/repos/hasseily/appletini-one/hdl/apple/w65c02_core.sv:268]
INFO: [Synth 8-6155] done synthesizing module 'w65c02_core' (0#1) [C:/Users/hasse/source/repos/hasseily/appletini-one/hdl/apple/w65c02_core.sv:14]
INFO: [Synth 8-294] found qualifier unique on case statement: implementing as parallel_case [C:/Users/hasse/source/repos/hasseily/appletini-one/hdl/apple/vtw_shadow.sv:46]
INFO: [Synth 8-294] found qualifier unique on case statement: implementing as parallel_case [C:/Users/hasse/source/repos/hasseily/appletini-one/hdl/apple/vtw_shadow.sv:48]
INFO: [Synth 8-6157] synthesizing module 'vtw_bus_engine' [C:/Users/hasse/source/repos/hasseily/appletini-one/hdl/apple/vtw_bus_engine.sv:67]
INFO: [Synth 8-294] found qualifier unique on case statement: implementing as parallel_case [C:/Users/hasse/source/repos/hasseily/appletini-one/hdl/apple/vtw_bus_engine.sv:321]
INFO: [Synth 8-226] default block is never used [C:/Users/hasse/source/repos/hasseily/appletini-one/hdl/apple/vtw_bus_engine.sv:321]
INFO: [Synth 8-6155] done synthesizing module 'vtw_bus_engine' (0#1) [C:/Users/hasse/source/repos/hasseily/appletini-one/hdl/apple/vtw_bus_engine.sv:67]
INFO: [Synth 8-6157] synthesizing module 'vtw_shadow' [C:/Users/hasse/source/repos/hasseily/appletini-one/hdl/apple/vtw_shadow.sv:70]
INFO: [Synth 8-6155] done synthesizing module 'vtw_shadow' (0#1) [C:/Users/hasse/source/repos/hasseily/appletini-one/hdl/apple/vtw_shadow.sv:70]
INFO: [Synth 8-294] found qualifier unique on case statement: implementing as parallel_case [C:/Users/hasse/source/repos/hasseily/appletini-one/hdl/apple/vtw_core_top.sv:683]
INFO: [Synth 8-294] found qualifier unique on case statement: implementing as parallel_case [C:/Users/hasse/source/repos/hasseily/appletini-one/hdl/apple/vtw_core_top.sv:806]
INFO: [Synth 8-6155] done synthesizing module 'vtw_core_top' (0#1) [C:/Users/hasse/source/repos/hasseily/appletini-one/hdl/apple/vtw_core_top.sv:39]
INFO: [Synth 8-6157] synthesizing module 'apple_bus_write_arbiter' [C:/Users/hasse/source/repos/hasseily/appletini-one/hdl/apple/apple_bus_write_arbiter.sv:11]
	Parameter NUM_CLIENTS bound to: 11 - type: integer 
INFO: [Synth 8-6155] done synthesizing module 'apple_bus_write_arbiter' (0#1) [C:/Users/hasse/source/repos/hasseily/appletini-one/hdl/apple/apple_bus_write_arbiter.sv:11]
INFO: [Synth 8-294] found qualifier unique on case statement: implementing as parallel_case [C:/Users/hasse/source/repos/hasseily/appletini-one/hdl/apple/apple_top.sv:1306]
INFO: [Synth 8-6155] done synthesizing module 'apple_top' (0#1) [C:/Users/hasse/source/repos/hasseily/appletini-one/hdl/apple/apple_top.sv:1]
INFO: [Synth 8-6157] synthesizing module 'video_top' [C:/Users/hasse/source/repos/hasseily/appletini-one/hdl/video2/video_top.sv:16]
INFO: [Synth 8-6157] synthesizing module 'cdc_bit_sync' [C:/Users/hasse/source/repos/hasseily/appletini-one/hdl/cdc_bit_sync.sv:7]
INFO: [Synth 8-6155] done synthesizing module 'cdc_bit_sync' (0#1) [C:/Users/hasse/source/repos/hasseily/appletini-one/hdl/cdc_bit_sync.sv:7]
INFO: [Synth 8-6157] synthesizing module 'video_timing_gen' [C:/Users/hasse/source/repos/hasseily/appletini-one/hdl/video2/video_timing_gen.sv:81]
INFO: [Synth 8-6155] done synthesizing module 'video_timing_gen' (0#1) [C:/Users/hasse/source/repos/hasseily/appletini-one/hdl/video2/video_timing_gen.sv:81]
INFO: [Synth 8-6157] synthesizing module 'fb_reader' [C:/Users/hasse/source/repos/hasseily/appletini-one/hdl/video2/fb_reader.sv:18]
INFO: [Synth 8-6157] synthesizing module 'xpm_cdc_single__parameterized0' [C:/Xilinx/2025.2/Vivado/data/ip/xpm/xpm_cdc/hdl/xpm_cdc.sv:152]
	Parameter DEST_SYNC_FF bound to: 2 - type: integer 
	Parameter INIT_SYNC_FF bound to: 0 - type: integer 
	Parameter SIM_ASSERT_CHK bound to: 0 - type: integer 
	Parameter SRC_INPUT_REG bound to: 0 - type: integer 
INFO: [Synth 8-6155] done synthesizing module 'xpm_cdc_single__parameterized0' (0#1) [C:/Xilinx/2025.2/Vivado/data/ip/xpm/xpm_cdc/hdl/xpm_cdc.sv:152]
INFO: [Synth 8-6157] synthesizing module 'xpm_fifo_async' [C:/Xilinx/2025.2/Vivado/data/ip/xpm/xpm_fifo/hdl/xpm_fifo.sv:2173]
	Parameter FIFO_MEMORY_TYPE bound to: block - type: string 
	Parameter ECC_MODE bound to: no_ecc - type: string 
	Parameter RELATED_CLOCKS bound to: 0 - type: integer 
	Parameter SIM_ASSERT_CHK bound to: 0 - type: integer 
	Parameter FIFO_WRITE_DEPTH bound to: 8192 - type: integer 
	Parameter WRITE_DATA_WIDTH bound to: 64 - type: integer 
	Parameter WR_DATA_COUNT_WIDTH bound to: 14 - type: integer 
	Parameter PROG_FULL_THRESH bound to: 7680 - type: integer 
	Parameter FULL_RESET_VALUE bound to: 0 - type: integer 
	Parameter USE_ADV_FEATURES bound to: 0102 - type: string 
	Parameter READ_MODE bound to: fwft - type: string 
	Parameter FIFO_READ_LATENCY bound to: 1 - type: integer 
	Parameter READ_DATA_WIDTH bound to: 16 - type: integer 
	Parameter RD_DATA_COUNT_WIDTH bound to: 15 - type: integer 
	Parameter PROG_EMPTY_THRESH bound to: 10 - type: integer 
	Parameter DOUT_RESET_VALUE bound to: 0 - type: string 
	Parameter CDC_SYNC_STAGES bound to: 2 - type: integer 
	Parameter WAKEUP_TIME bound to: 0 - type: integer 
INFO: [Synth 8-6157] synthesizing module 'xpm_fifo_base__parameterized0' [C:/Xilinx/2025.2/Vivado/data/ip/xpm/xpm_fifo/hdl/xpm_fifo.sv:53]
INFO: [Synth 8-6157] synthesizing module 'xpm_memory_base__parameterized0' [C:/Xilinx/2025.2/Vivado/data/ip/xpm/xpm_memory/hdl/xpm_memory.sv:54]
INFO: [Synth 8-6155] done synthesizing module 'xpm_memory_base__parameterized0' (0#1) [C:/Xilinx/2025.2/Vivado/data/ip/xpm/xpm_memory/hdl/xpm_memory.sv:54]
INFO: [Synth 8-6157] synthesizing module 'xpm_cdc_gray' [C:/Xilinx/2025.2/Vivado/data/ip/xpm/xpm_cdc/hdl/xpm_cdc.sv:283]
INFO: [Synth 8-6155] done synthesizing module 'xpm_cdc_gray' (0#1) [C:/Xilinx/2025.2/Vivado/data/ip/xpm/xpm_cdc/hdl/xpm_cdc.sv:283]
INFO: [Synth 8-6157] synthesizing module 'xpm_fifo_reg_vec' [C:/Xilinx/2025.2/Vivado/data/ip/xpm/xpm_fifo/hdl/xpm_fifo.sv:1905]
INFO: [Common 17-14] Message 'Synth 8-6157' appears 100 times and further instances of the messages will be disabled. Use the Tcl command set_msg_config to change the current settings.
INFO: [Synth 8-6155] done synthesizing module 'xpm_fifo_reg_vec' (0#1) [C:/Xilinx/2025.2/Vivado/data/ip/xpm/xpm_fifo/hdl/xpm_fifo.sv:1905]
INFO: [Synth 8-6155] done synthesizing module 'xpm_cdc_gray__parameterized0' (0#1) [C:/Xilinx/2025.2/Vivado/data/ip/xpm/xpm_cdc/hdl/xpm_cdc.sv:283]
INFO: [Synth 8-6155] done synthesizing module 'xpm_fifo_reg_vec__parameterized0' (0#1) [C:/Xilinx/2025.2/Vivado/data/ip/xpm/xpm_fifo/hdl/xpm_fifo.sv:1905]
INFO: [Synth 8-6155] done synthesizing module 'xpm_cdc_gray__parameterized1' (0#1) [C:/Xilinx/2025.2/Vivado/data/ip/xpm/xpm_cdc/hdl/xpm_cdc.sv:283]
INFO: [Synth 8-6155] done synthesizing module 'xpm_fifo_reg_vec__parameterized1' (0#1) [C:/Xilinx/2025.2/Vivado/data/ip/xpm/xpm_fifo/hdl/xpm_fifo.sv:1905]
INFO: [Synth 8-6155] done synthesizing module 'xpm_cdc_gray__parameterized2' (0#1) [C:/Xilinx/2025.2/Vivado/data/ip/xpm/xpm_cdc/hdl/xpm_cdc.sv:283]
INFO: [Common 17-14] Message 'Synth 8-6155' appears 100 times and further instances of the messages will be disabled. Use the Tcl command set_msg_config to change the current settings.
INFO: [Synth 8-226] default block is never used [C:/Xilinx/2025.2/Vivado/data/ip/xpm/xpm_fifo/hdl/xpm_fifo.sv:1220]
INFO: [Synth 8-226] default block is never used [C:/Xilinx/2025.2/Vivado/data/ip/xpm/xpm_fifo/hdl/xpm_fifo.sv:1287]
INFO: [Synth 8-226] default block is never used [C:/Xilinx/2025.2/Vivado/data/ip/xpm/xpm_fifo/hdl/xpm_fifo.sv:1309]
	Parameter DDR_CLK_EDGE bound to: OPPOSITE_EDGE - type: string 
	Parameter INIT bound to: 1'b0 
	Parameter SRTYPE bound to: SYNC - type: string 
	Parameter WIDTH bound to: 48 - type: integer 
	Parameter DEST_EXT_HSK bound to: 0 - type: integer 
	Parameter WIDTH bound to: 48 - type: integer 
WARNING: [Synth 8-6014] Unused sequential element dest_pulse_ff_reg was removed.  [C:/Xilinx/2025.2/Vivado/data/ip/xpm/xpm_cdc/hdl/xpm_cdc.sv:860]
WARNING: [Synth 8-6014] Unused sequential element write_len_reg was removed.  [C:/Users/hasse/source/repos/hasseily/appletini-one/hdl/axisimple/axidouble.v:507]
WARNING: [Synth 8-6014] Unused sequential element addr_decode_translator.rb_decoded_addr_reg was removed.  [C:/Users/hasse/source/repos/hasseily/appletini-one/hdl/apple/soft_switch_manager.sv:160]
WARNING: [Synth 8-6014] Unused sequential element addr_decode_translator.rb_route_kind_reg was removed.  [C:/Users/hasse/source/repos/hasseily/appletini-one/hdl/apple/soft_switch_manager.sv:160]
WARNING: [Synth 8-6014] Unused sequential element obs_decode_translator.rb_decoded_addr_obs_reg was removed.  [C:/Users/hasse/source/repos/hasseily/appletini-one/hdl/apple/soft_switch_manager.sv:248]
WARNING: [Synth 8-6014] Unused sequential element obs_decode_translator.rb_route_kind_obs_reg was removed.  [C:/Users/hasse/source/repos/hasseily/appletini-one/hdl/apple/soft_switch_manager.sv:248]
WARNING: [Synth 8-6014] Unused sequential element gen_rd_b.gen_doutb_pipe.enb_pipe_reg[0] was removed.  [C:/Xilinx/2025.2/Vivado/data/ip/xpm/xpm_memory/hdl/xpm_memory.sv:3087]
WARNING: [Synth 8-6014] Unused sequential element gen_fwft.empty_fwft_fb_reg was removed.  [C:/Xilinx/2025.2/Vivado/data/ip/xpm/xpm_fifo/hdl/xpm_fifo.sv:1404]
WARNING: [Synth 8-6014] Unused sequential element wq_push_now_reg was removed.  [C:/Users/hasse/source/repos/hasseily/appletini-one/hdl/apple/psram_simple.sv:372]
WARNING: [Synth 8-6014] Unused sequential element wq_retire_now_reg was removed.  [C:/Users/hasse/source/repos/hasseily/appletini-one/hdl/apple/psram_simple.sv:388]
WARNING: [Synth 8-6014] Unused sequential element target_inflection_q_reg was removed.  [C:/Users/hasse/source/repos/hasseily/appletini-one/hdl/apple/sc01a_digital_core.sv:300]
WARNING: [Synth 8-6014] Unused sequential element chip_accum_next_reg was removed.  [C:/Users/hasse/source/repos/hasseily/appletini-one/hdl/apple/sc01a_digital_core.sv:654]
WARNING: [Synth 8-6014] Unused sequential element base_speed_step_reg was removed.  [C:/Users/hasse/source/repos/hasseily/appletini-one/hdl/apple/sc01a_digital_core.sv:659]
WARNING: [Synth 8-6014] Unused sequential element speed_step_reg was removed.  [C:/Users/hasse/source/repos/hasseily/appletini-one/hdl/apple/sc01a_digital_core.sv:661]
WARNING: [Synth 8-6014] Unused sequential element rom_fc_q_reg was removed.  [C:/Users/hasse/source/repos/hasseily/appletini-one/hdl/apple/ssi263_formant_backend.sv:1046]
WARNING: [Synth 8-6014] Unused sequential element rom_f1_q_reg was removed.  [C:/Users/hasse/source/repos/hasseily/appletini-one/hdl/apple/ssi263_formant_backend.sv:1048]
WARNING: [Synth 8-6014] Unused sequential element rom_f2_q_reg was removed.  [C:/Users/hasse/source/repos/hasseily/appletini-one/hdl/apple/ssi263_formant_backend.sv:1049]
WARNING: [Synth 8-6014] Unused sequential element rom_f2q_q_reg was removed.  [C:/Users/hasse/source/repos/hasseily/appletini-one/hdl/apple/ssi263_formant_backend.sv:1050]
WARNING: [Synth 8-6014] Unused sequential element rom_f3_q_reg was removed.  [C:/Users/hasse/source/repos/hasseily/appletini-one/hdl/apple/ssi263_formant_backend.sv:1051]
WARNING: [Synth 8-6014] Unused sequential element rom_duration_q_reg was removed.  [C:/Users/hasse/source/repos/hasseily/appletini-one/hdl/apple/ssi263_formant_backend.sv:1054]
WARNING: [Synth 8-6014] Unused sequential element rom_pause_q_reg was removed.  [C:/Users/hasse/source/repos/hasseily/appletini-one/hdl/apple/ssi263_formant_backend.sv:1056]
WARNING: [Synth 8-6014] Unused sequential element cur_fa_q_reg was removed.  [C:/Users/hasse/source/repos/hasseily/appletini-one/hdl/apple/ssi263_formant_backend.sv:1059]
WARNING: [Synth 8-6014] Unused sequential element cur_fc_q_reg was removed.  [C:/Users/hasse/source/repos/hasseily/appletini-one/hdl/apple/ssi263_formant_backend.sv:1060]
WARNING: [Synth 8-6014] Unused sequential element cur_va_q_reg was removed.  [C:/Users/hasse/source/repos/hasseily/appletini-one/hdl/apple/ssi263_formant_backend.sv:1061]
WARNING: [Synth 8-6014] Unused sequential element cur_f1_q_reg was removed.  [C:/Users/hasse/source/repos/hasseily/appletini-one/hdl/apple/ssi263_formant_backend.sv:1062]
WARNING: [Synth 8-6014] Unused sequential element cur_f2_q_reg was removed.  [C:/Users/hasse/source/repos/hasseily/appletini-one/hdl/apple/ssi263_formant_backend.sv:1063]
WARNING: [Synth 8-6014] Unused sequential element cur_f2q_q_reg was removed.  [C:/Users/hasse/source/repos/hasseily/appletini-one/hdl/apple/ssi263_formant_backend.sv:1064]
WARNING: [Synth 8-6014] Unused sequential element cur_f3_q_reg was removed.  [C:/Users/hasse/source/repos/hasseily/appletini-one/hdl/apple/ssi263_formant_backend.sv:1065]
WARNING: [Synth 8-6014] Unused sequential element mac_next_reg was removed.  [C:/Users/hasse/source/repos/hasseily/appletini-one/hdl/apple/ssi263_formant_backend.sv:1250]
WARNING: [Synth 8-6014] Unused sequential element filter_out_reg was removed.  [C:/Users/hasse/source/repos/hasseily/appletini-one/hdl/apple/ssi263_formant_backend.sv:1252]
WARNING: [Synth 8-6014] Unused sequential element f3_wide_reg was removed.  [C:/Users/hasse/source/repos/hasseily/appletini-one/hdl/apple/ssi263_formant_backend.sv:1396]
WARNING: [Synth 8-6014] Unused sequential element noise_wide_reg was removed.  [C:/Users/hasse/source/repos/hasseily/appletini-one/hdl/apple/ssi263_formant_backend.sv:1397]
WARNING: [Synth 8-6014] Unused sequential element mixed_next_reg was removed.  [C:/Users/hasse/source/repos/hasseily/appletini-one/hdl/apple/ssi263_formant_backend.sv:1398]
WARNING: [Synth 8-6014] Unused sequential element closed_next_reg was removed.  [C:/Users/hasse/source/repos/hasseily/appletini-one/hdl/apple/ssi263_formant_backend.sv:1407]
WARNING: [Synth 8-6014] Unused sequential element backend_started_this_cycle_reg was removed.  [C:/Users/hasse/source/repos/hasseily/appletini-one/hdl/apple/ssi263_bus_wrapper.sv:273]
WARNING: [Synth 8-6014] Unused sequential element backend_started_this_cycle_reg was removed.  [C:/Users/hasse/source/repos/hasseily/appletini-one/hdl/apple/ssi263_bus_wrapper.sv:273]
WARNING: [Synth 8-6014] Unused sequential element next_mode_reg was removed.  [C:/Users/hasse/source/repos/hasseily/appletini-one/hdl/apple/mockingboard.sv:527]
WARNING: [Synth 8-6014] Unused sequential element final_audio_mix.base_l_next_reg was removed.  [C:/Users/hasse/source/repos/hasseily/appletini-one/hdl/apple/mockingboard.sv:925]
WARNING: [Synth 8-6014] Unused sequential element final_audio_mix.base_r_next_reg was removed.  [C:/Users/hasse/source/repos/hasseily/appletini-one/hdl/apple/mockingboard.sv:928]
WARNING: [Synth 8-6014] Unused sequential element final_audio_mix.l_low_next_reg was removed.  [C:/Users/hasse/source/repos/hasseily/appletini-one/hdl/apple/mockingboard.sv:950]
WARNING: [Synth 8-6014] Unused sequential element final_audio_mix.l_warm_lp_next_reg was removed.  [C:/Users/hasse/source/repos/hasseily/appletini-one/hdl/apple/mockingboard.sv:952]
WARNING: [Synth 8-6014] Unused sequential element final_audio_mix.l_mid_lp_next_reg was removed.  [C:/Users/hasse/source/repos/hasseily/appletini-one/hdl/apple/mockingboard.sv:954]
WARNING: [Synth 8-6014] Unused sequential element final_audio_mix.r_low_next_reg was removed.  [C:/Users/hasse/source/repos/hasseily/appletini-one/hdl/apple/mockingboard.sv:956]
WARNING: [Synth 8-6014] Unused sequential element final_audio_mix.r_warm_lp_next_reg was removed.  [C:/Users/hasse/source/repos/hasseily/appletini-one/hdl/apple/mockingboard.sv:958]
WARNING: [Synth 8-6014] Unused sequential element final_audio_mix.r_mid_lp_next_reg was removed.  [C:/Users/hasse/source/repos/hasseily/appletini-one/hdl/apple/mockingboard.sv:960]
WARNING: [Synth 8-6014] Unused sequential element final_audio_mix.l_low_reg was removed.  [C:/Users/hasse/source/repos/hasseily/appletini-one/hdl/apple/mockingboard.sv:970]
WARNING: [Synth 8-6014] Unused sequential element final_audio_mix.l_warm_lp_reg was removed.  [C:/Users/hasse/source/repos/hasseily/appletini-one/hdl/apple/mockingboard.sv:971]
WARNING: [Synth 8-6014] Unused sequential element final_audio_mix.l_mid_lp_reg was removed.  [C:/Users/hasse/source/repos/hasseily/appletini-one/hdl/apple/mockingboard.sv:972]
WARNING: [Synth 8-6014] Unused sequential element final_audio_mix.r_low_reg was removed.  [C:/Users/hasse/source/repos/hasseily/appletini-one/hdl/apple/mockingboard.sv:973]
WARNING: [Synth 8-6014] Unused sequential element final_audio_mix.r_warm_lp_reg was removed.  [C:/Users/hasse/source/repos/hasseily/appletini-one/hdl/apple/mockingboard.sv:974]
WARNING: [Synth 8-6014] Unused sequential element final_audio_mix.r_mid_lp_reg was removed.  [C:/Users/hasse/source/repos/hasseily/appletini-one/hdl/apple/mockingboard.sv:975]
WARNING: [Synth 8-6014] Unused sequential element final_audio_mix.l_warm_band_reg was removed.  [C:/Users/hasse/source/repos/hasseily/appletini-one/hdl/apple/mockingboard.sv:976]
WARNING: [Synth 8-6014] Unused sequential element final_audio_mix.l_mid_band_reg was removed.  [C:/Users/hasse/source/repos/hasseily/appletini-one/hdl/apple/mockingboard.sv:978]
WARNING: [Synth 8-6014] Unused sequential element final_audio_mix.l_treble_band_reg was removed.  [C:/Users/hasse/source/repos/hasseily/appletini-one/hdl/apple/mockingboard.sv:980]
WARNING: [Synth 8-6014] Unused sequential element final_audio_mix.r_warm_band_reg was removed.  [C:/Users/hasse/source/repos/hasseily/appletini-one/hdl/apple/mockingboard.sv:982]
WARNING: [Synth 8-6014] Unused sequential element final_audio_mix.r_mid_band_reg was removed.  [C:/Users/hasse/source/repos/hasseily/appletini-one/hdl/apple/mockingboard.sv:984]
WARNING: [Synth 8-6014] Unused sequential element final_audio_mix.r_treble_band_reg was removed.  [C:/Users/hasse/source/repos/hasseily/appletini-one/hdl/apple/mockingboard.sv:986]
WARNING: [Synth 8-6014] Unused sequential element ab_write_q_reg[wr_addr_rw_en] was removed.  [C:/Users/hasse/source/repos/hasseily/appletini-one/hdl/apple/mockingboard.sv:1043]
WARNING: [Synth 8-6014] Unused sequential element ab_write_q_reg[assert_inh] was removed.  [C:/Users/hasse/source/repos/hasseily/appletini-one/hdl/apple/mockingboard.sv:1043]
WARNING: [Synth 8-6014] Unused sequential element ab_write_q_reg[assert_res] was removed.  [C:/Users/hasse/source/repos/hasseily/appletini-one/hdl/apple/mockingboard.sv:1043]
WARNING: [Synth 8-6014] Unused sequential element ab_write_q_reg[assert_rdy] was removed.  [C:/Users/hasse/source/repos/hasseily/appletini-one/hdl/apple/mockingboard.sv:1043]
WARNING: [Synth 8-6014] Unused sequential element ab_write_q_reg[assert_nmi] was removed.  [C:/Users/hasse/source/repos/hasseily/appletini-one/hdl/apple/mockingboard.sv:1043]
WARNING: [Synth 8-6014] Unused sequential element ab_write_q_reg[assert_dma] was removed.  [C:/Users/hasse/source/repos/hasseily/appletini-one/hdl/apple/mockingboard.sv:1043]
WARNING: [Synth 8-6014] Unused sequential element ab_write_q_reg[wr_addr_rw_en] was removed.  [C:/Users/hasse/source/repos/hasseily/appletini-one/hdl/apple/supersprite_card.sv:277]
WARNING: [Synth 8-6014] Unused sequential element ab_write_q_reg[assert_inh] was removed.  [C:/Users/hasse/source/repos/hasseily/appletini-one/hdl/apple/supersprite_card.sv:277]
WARNING: [Synth 8-6014] Unused sequential element ab_write_q_reg[assert_res] was removed.  [C:/Users/hasse/source/repos/hasseily/appletini-one/hdl/apple/supersprite_card.sv:277]
WARNING: [Synth 8-6014] Unused sequential element ab_write_q_reg[assert_rdy] was removed.  [C:/Users/hasse/source/repos/hasseily/appletini-one/hdl/apple/supersprite_card.sv:277]
WARNING: [Synth 8-6014] Unused sequential element ab_write_q_reg[assert_nmi] was removed.  [C:/Users/hasse/source/repos/hasseily/appletini-one/hdl/apple/supersprite_card.sv:277]
WARNING: [Synth 8-6014] Unused sequential element ab_write_q_reg[assert_dma] was removed.  [C:/Users/hasse/source/repos/hasseily/appletini-one/hdl/apple/supersprite_card.sv:277]
WARNING: [Synth 8-6014] Unused sequential element ddr_beats_loaded_q_reg was removed.  [C:/Users/hasse/source/repos/hasseily/appletini-one/hdl/apple/apple_dma_engine.sv:316]
WARNING: [Synth 8-6014] Unused sequential element first_ddr_beat_q_reg was removed.  [C:/Users/hasse/source/repos/hasseily/appletini-one/hdl/apple/apple_dma_engine.sv:85]
WARNING: [Synth 8-6014] Unused sequential element num_ddr_beats_q_reg was removed.  [C:/Users/hasse/source/repos/hasseily/appletini-one/hdl/apple/apple_dma_engine.sv:87]
WARNING: [Synth 8-6014] Unused sequential element first_line_is_partial_q_reg was removed.  [C:/Users/hasse/source/repos/hasseily/appletini-one/hdl/apple/apple_dma_engine.sv:345]
WARNING: [Synth 8-6014] Unused sequential element mc_base_q_reg was removed.  [C:/Users/hasse/source/repos/hasseily/appletini-one/hdl/apple/apple_dma_engine.sv:374]
WARNING: [Synth 8-6014] Unused sequential element ddr_base_q_reg was removed.  [C:/Users/hasse/source/repos/hasseily/appletini-one/hdl/apple/apple_dma_engine.sv:375]
WARNING: [Synth 8-6014] Unused sequential element length_q_reg was removed.  [C:/Users/hasse/source/repos/hasseily/appletini-one/hdl/apple/apple_dma_engine.sv:376]
WARNING: [Synth 8-6014] Unused sequential element rw_q_reg was removed.  [C:/Users/hasse/source/repos/hasseily/appletini-one/hdl/apple/apple_dma_engine.sv:377]
WARNING: [Synth 8-6014] Unused sequential element hi_q_reg was removed.  [C:/Users/hasse/source/repos/hasseily/appletini-one/hdl/apple/w65c02_core.sv:1070]
WARNING: [Synth 8-3936] Found unconnected internal register 'xl_decoded_reg' and it is trimmed from '32' to '24' bits. [C:/Users/hasse/source/repos/hasseily/appletini-one/hdl/apple/vtw_core_top.sv:330]
WARNING: [Synth 8-6014] Unused sequential element gen_wr_a.gen_word_wide.wr_sync.addralsb_reg was removed.  [C:/Xilinx/2025.2/Vivado/data/ip/xpm/xpm_memory/hdl/xpm_memory.sv:1456]
WARNING: [Synth 8-6014] Unused sequential element gen_rd_b.gen_doutb_pipe.enb_pipe_reg[0] was removed.  [C:/Xilinx/2025.2/Vivado/data/ip/xpm/xpm_memory/hdl/xpm_memory.sv:3087]
Info : Asymmetric Ram write pattern identified
WARNING: [Synth 8-6014] Unused sequential element dest_out_bin_ff_reg was removed.  [C:/Xilinx/2025.2/Vivado/data/ip/xpm/xpm_cdc/hdl/xpm_cdc.sv:417]
WARNING: [Synth 8-6014] Unused sequential element dest_out_bin_ff_reg was removed.  [C:/Xilinx/2025.2/Vivado/data/ip/xpm/xpm_cdc/hdl/xpm_cdc.sv:417]
WARNING: [Synth 8-6014] Unused sequential element dest_out_bin_ff_reg was removed.  [C:/Xilinx/2025.2/Vivado/data/ip/xpm/xpm_cdc/hdl/xpm_cdc.sv:417]
WARNING: [Synth 8-6014] Unused sequential element dest_out_bin_ff_reg was removed.  [C:/Xilinx/2025.2/Vivado/data/ip/xpm/xpm_cdc/hdl/xpm_cdc.sv:417]
WARNING: [Synth 8-6014] Unused sequential element gen_fwft.empty_fwft_fb_reg was removed.  [C:/Xilinx/2025.2/Vivado/data/ip/xpm/xpm_fifo/hdl/xpm_fifo.sv:1404]
WARNING: [Synth 8-6014] Unused sequential element left_q_reg was removed.  [C:/Users/hasse/source/repos/hasseily/appletini-one/hdl/audio_i2s_pcm_tx.sv:26]
WARNING: [Synth 8-6014] Unused sequential element end_level_reg was removed.  [C:/Users/hasse/source/repos/hasseily/appletini-one/hdl/audio_spdif_pcm_tx.sv:138]
WARNING: [Synth 8-6014] Unused sequential element next_right_reg was removed.  [C:/Users/hasse/source/repos/hasseily/appletini-one/hdl/audio_spdif_pcm_tx.sv:140]
WARNING: [Synth 8-6014] Unused sequential element next_block_idx_reg was removed.  [C:/Users/hasse/source/repos/hasseily/appletini-one/hdl/audio_spdif_pcm_tx.sv:141]
WARNING: [Synth 8-3917] design appletini_yarz_top has port a2ctrl_irq_n driven by constant 1
WARNING: [Synth 8-3917] design appletini_yarz_top has port a2ctrl_nmi_n driven by constant 1
WARNING: [Synth 8-3917] design appletini_yarz_top has port a2ctrl_rdy_n driven by constant 1
WARNING: [Synth 8-3917] design appletini_yarz_top has port a2ctrl_dma_n driven by constant 1
WARNING: [Synth 8-3917] design appletini_yarz_top has port a2ctrl_inh_n driven by constant 1
WARNING: [Synth 8-3917] design appletini_yarz_top has port a2fpga_oe_n_aux driven by constant 1
WARNING: [Synth 8-7129] Port amplitude[23] in module audio_i2s_tone is either unconnected or has no load
WARNING: [Synth 8-7129] Port src_clk in module xpm_cdc_single is either unconnected or has no load
WARNING: [Synth 8-7129] Port dest_ack in module xpm_cdc_handshake is either unconnected or has no load
WARNING: [Synth 8-7129] Port sleep in module xpm_memory_base__parameterized0 is either unconnected or has no load
WARNING: [Synth 8-7129] Port rsta in module xpm_memory_base__parameterized0 is either unconnected or has no load
WARNING: [Synth 8-7129] Port regcea in module xpm_memory_base__parameterized0 is either unconnected or has no load
WARNING: [Synth 8-7129] Port injectsbiterra in module xpm_memory_base__parameterized0 is either unconnected or has no load
WARNING: [Synth 8-7129] Port injectdbiterra in module xpm_memory_base__parameterized0 is either unconnected or has no load
WARNING: [Synth 8-7129] Port dinb[15] in module xpm_memory_base__parameterized0 is either unconnected or has no load
WARNING: [Synth 8-7129] Port dinb[14] in module xpm_memory_base__parameterized0 is either unconnected or has no load
WARNING: [Synth 8-7129] Port dinb[13] in module xpm_memory_base__parameterized0 is either unconnected or has no load
WARNING: [Synth 8-7129] Port dinb[12] in module xpm_memory_base__parameterized0 is either unconnected or has no load
WARNING: [Synth 8-7129] Port dinb[11] in module xpm_memory_base__parameterized0 is either unconnected or has no load
WARNING: [Synth 8-7129] Port dinb[10] in module xpm_memory_base__parameterized0 is either unconnected or has no load
WARNING: [Synth 8-7129] Port dinb[9] in module xpm_memory_base__parameterized0 is either unconnected or has no load
WARNING: [Synth 8-7129] Port dinb[8] in module xpm_memory_base__parameterized0 is either unconnected or has no load
WARNING: [Synth 8-7129] Port dinb[7] in module xpm_memory_base__parameterized0 is either unconnected or has no load
WARNING: [Synth 8-7129] Port dinb[6] in module xpm_memory_base__parameterized0 is either unconnected or has no load
WARNING: [Synth 8-7129] Port dinb[5] in module xpm_memory_base__parameterized0 is either unconnected or has no load
WARNING: [Synth 8-7129] Port dinb[4] in module xpm_memory_base__parameterized0 is either unconnected or has no load
WARNING: [Synth 8-7129] Port dinb[3] in module xpm_memory_base__parameterized0 is either unconnected or has no load
WARNING: [Synth 8-7129] Port dinb[2] in module xpm_memory_base__parameterized0 is either unconnected or has no load
WARNING: [Synth 8-7129] Port dinb[1] in module xpm_memory_base__parameterized0 is either unconnected or has no load
WARNING: [Synth 8-7129] Port dinb[0] in module xpm_memory_base__parameterized0 is either unconnected or has no load
WARNING: [Synth 8-7129] Port injectsbiterrb in module xpm_memory_base__parameterized0 is either unconnected or has no load
WARNING: [Synth 8-7129] Port injectdbiterrb in module xpm_memory_base__parameterized0 is either unconnected or has no load
WARNING: [Synth 8-7129] Port src_clk in module xpm_cdc_single__parameterized0 is either unconnected or has no load
WARNING: [Synth 8-7129] Port axi_read_if\.rresp[0] in module fb_reader is either unconnected or has no load
WARNING: [Synth 8-7129] Port src_rst in module xpm_cdc_pulse is either unconnected or has no load
WARNING: [Synth 8-7129] Port dest_rst in module xpm_cdc_pulse is either unconnected or has no load
WARNING: [Synth 8-7129] Port ab_read[addr][15] in module vtw_bus_engine is either unconnected or has no load
WARNING: [Synth 8-7129] Port ab_read[addr][14] in module vtw_bus_engine is either unconnected or has no load
WARNING: [Synth 8-7129] Port ab_read[addr][13] in module vtw_bus_engine is either unconnected or has no load
WARNING: [Synth 8-7129] Port ab_read[addr][12] in module vtw_bus_engine is either unconnected or has no load
WARNING: [Synth 8-7129] Port ab_read[addr][11] in module vtw_bus_engine is either unconnected or has no load
WARNING: [Synth 8-7129] Port ab_read[addr][10] in module vtw_bus_engine is either unconnected or has no load
WARNING: [Synth 8-7129] Port ab_read[addr][9] in module vtw_bus_engine is either unconnected or has no load
WARNING: [Synth 8-7129] Port ab_read[addr][8] in module vtw_bus_engine is either unconnected or has no load
WARNING: [Synth 8-7129] Port ab_read[addr][7] in module vtw_bus_engine is either unconnected or has no load
WARNING: [Synth 8-7129] Port ab_read[addr][6] in module vtw_bus_engine is either unconnected or has no load
WARNING: [Synth 8-7129] Port ab_read[addr][5] in module vtw_bus_engine is either unconnected or has no load
WARNING: [Synth 8-7129] Port ab_read[addr][4] in module vtw_bus_engine is either unconnected or has no load
WARNING: [Synth 8-7129] Port ab_read[addr][3] in module vtw_bus_engine is either unconnected or has no load
WARNING: [Synth 8-7129] Port ab_read[addr][2] in module vtw_bus_engine is either unconnected or has no load
WARNING: [Synth 8-7129] Port ab_read[addr][1] in module vtw_bus_engine is either unconnected or has no load
WARNING: [Synth 8-7129] Port ab_read[addr][0] in module vtw_bus_engine is either unconnected or has no load
WARNING: [Synth 8-7129] Port ab_read[rw] in module vtw_bus_engine is either unconnected or has no load
WARNING: [Synth 8-7129] Port ab_read[phi0] in module vtw_bus_engine is either unconnected or has no load
WARNING: [Synth 8-7129] Port ab_read[m2sel] in module vtw_bus_engine is either unconnected or has no load
WARNING: [Synth 8-7129] Port ab_read[m2b0] in module vtw_bus_engine is either unconnected or has no load
WARNING: [Synth 8-7129] Port ab_read[cycle_valid] in module vtw_bus_engine is either unconnected or has no load
WARNING: [Synth 8-7129] Port ab_read[inh] in module vtw_bus_engine is either unconnected or has no load
WARNING: [Synth 8-7129] Port ab_read[irq] in module vtw_bus_engine is either unconnected or has no load
WARNING: [Synth 8-7129] Port ab_read[rdy] in module vtw_bus_engine is either unconnected or has no load
WARNING: [Synth 8-7129] Port ab_read[dma] in module vtw_bus_engine is either unconnected or has no load
WARNING: [Synth 8-7129] Port ab_read[nmi] in module vtw_bus_engine is either unconnected or has no load
WARNING: [Synth 8-7129] Port ab_read[addr_en] in module vtw_bus_engine is either unconnected or has no load
WARNING: [Synth 8-7129] Port ab_read[sss_en] in module vtw_bus_engine is either unconnected or has no load
WARNING: [Synth 8-7129] Port ab_read[serve_en] in module vtw_bus_engine is either unconnected or has no load
WARNING: [Synth 8-7129] Port ab_read[addr_early][15] in module vtw_bus_engine is either unconnected or has no load
WARNING: [Synth 8-7129] Port ab_read[addr_early][14] in module vtw_bus_engine is either unconnected or has no load
WARNING: [Synth 8-7129] Port ab_read[addr_early][13] in module vtw_bus_engine is either unconnected or has no load
WARNING: [Synth 8-7129] Port ab_read[addr_early][12] in module vtw_bus_engine is either unconnected or has no load
WARNING: [Synth 8-7129] Port ab_read[addr_early][11] in module vtw_bus_engine is either unconnected or has no load
WARNING: [Synth 8-7129] Port ab_read[addr_early][10] in module vtw_bus_engine is either unconnected or has no load
WARNING: [Synth 8-7129] Port ab_read[addr_early][9] in module vtw_bus_engine is either unconnected or has no load
WARNING: [Synth 8-7129] Port ab_read[addr_early][8] in module vtw_bus_engine is either unconnected or has no load
WARNING: [Synth 8-7129] Port ab_read[addr_early][7] in module vtw_bus_engine is either unconnected or has no load
WARNING: [Synth 8-7129] Port ab_read[addr_early][6] in module vtw_bus_engine is either unconnected or has no load
WARNING: [Synth 8-7129] Port ab_read[addr_early][5] in module vtw_bus_engine is either unconnected or has no load
WARNING: [Synth 8-7129] Port ab_read[addr_early][4] in module vtw_bus_engine is either unconnected or has no load
WARNING: [Synth 8-7129] Port ab_read[addr_early][3] in module vtw_bus_engine is either unconnected or has no load
WARNING: [Synth 8-7129] Port ab_read[addr_early][2] in module vtw_bus_engine is either unconnected or has no load
WARNING: [Synth 8-7129] Port ab_read[addr_early][1] in module vtw_bus_engine is either unconnected or has no load
WARNING: [Synth 8-7129] Port ab_read[addr_early][0] in module vtw_bus_engine is either unconnected or has no load
WARNING: [Synth 8-7129] Port ab_read[rw_early] in module vtw_bus_engine is either unconnected or has no load
WARNING: [Synth 8-7129] Port ab_read[phi0] in module soft_switch_manager is either unconnected or has no load
WARNING: [Synth 8-7129] Port ab_read[m2sel] in module soft_switch_manager is either unconnected or has no load
WARNING: [Synth 8-7129] Port ab_read[m2b0] in module soft_switch_manager is either unconnected or has no load
WARNING: [Synth 8-7129] Port ab_read[inh] in module soft_switch_manager is either unconnected or has no load
WARNING: [Synth 8-7129] Port ab_read[irq] in module soft_switch_manager is either unconnected or has no load
WARNING: [Synth 8-7129] Port ab_read[rdy] in module soft_switch_manager is either unconnected or has no load
WARNING: [Synth 8-7129] Port ab_read[dma] in module soft_switch_manager is either unconnected or has no load
WARNING: [Synth 8-7129] Port ab_read[nmi] in module soft_switch_manager is either unconnected or has no load
WARNING: [Synth 8-7129] Port ab_read[sss_en] in module soft_switch_manager is either unconnected or has no load
WARNING: [Synth 8-7129] Port ab_read[drive_en] in module soft_switch_manager is either unconnected or has no load
WARNING: [Synth 8-7129] Port debug_load in module w65c02_core is either unconnected or has no load
WARNING: [Synth 8-7129] Port debug_pc_in[15] in module w65c02_core is either unconnected or has no load
WARNING: [Synth 8-7129] Port debug_pc_in[14] in module w65c02_core is either unconnected or has no load
WARNING: [Synth 8-7129] Port debug_pc_in[13] in module w65c02_core is either unconnected or has no load
WARNING: [Synth 8-7129] Port debug_pc_in[12] in module w65c02_core is either unconnected or has no load
WARNING: [Synth 8-7129] Port debug_pc_in[11] in module w65c02_core is either unconnected or has no load
WARNING: [Synth 8-7129] Port debug_pc_in[10] in module w65c02_core is either unconnected or has no load
WARNING: [Synth 8-7129] Port debug_pc_in[9] in module w65c02_core is either unconnected or has no load
WARNING: [Synth 8-7129] Port debug_pc_in[8] in module w65c02_core is either unconnected or has no load
WARNING: [Synth 8-7129] Port debug_pc_in[7] in module w65c02_core is either unconnected or has no load
WARNING: [Synth 8-7129] Port debug_pc_in[6] in module w65c02_core is either unconnected or has no load
WARNING: [Synth 8-7129] Port debug_pc_in[5] in module w65c02_core is either unconnected or has no load
WARNING: [Synth 8-7129] Port debug_pc_in[4] in module w65c02_core is either unconnected or has no load
WARNING: [Synth 8-7129] Port debug_pc_in[3] in module w65c02_core is either unconnected or has no load
INFO: [Common 17-14] Message 'Synth 8-7129' appears 100 times and further instances of the messages will be disabled. Use the Tcl command set_msg_config to change the current settings.
---------------------------------------------------------------------------------
Finished RTL Elaboration : Time (s): cpu = 00:00:11 ; elapsed = 00:00:12 . Memory (MB): peak = 1644.137 ; gain = 1067.223
---------------------------------------------------------------------------------
---------------------------------------------------------------------------------
Start Handling Custom Attributes
---------------------------------------------------------------------------------
---------------------------------------------------------------------------------
Finished Handling Custom Attributes : Time (s): cpu = 00:00:11 ; elapsed = 00:00:12 . Memory (MB): peak = 1644.137 ; gain = 1067.223
---------------------------------------------------------------------------------
---------------------------------------------------------------------------------
Finished RTL Optimization Phase 1 : Time (s): cpu = 00:00:11 ; elapsed = 00:00:12 . Memory (MB): peak = 1644.137 ; gain = 1067.223
---------------------------------------------------------------------------------
Netlist sorting complete. Time (s): cpu = 00:00:00 ; elapsed = 00:00:00.457 . Memory (MB): peak = 1644.137 ; gain = 0.000
INFO: [Netlist 29-17] Analyzing 18 Unisim elements for replacement
INFO: [Netlist 29-28] Unisim Transformation completed in 0 CPU seconds
INFO: [Project 1-570] Preparing netlist for logic optimization

Processing XDC Constraints
Initializing timing engine
Parsing XDC File [c:/Users/hasse/source/repos/hasseily/appletini-one/project/appletini_yarz.gen/sources_1/bd/zynq_ps_bd/ip/zynq_ps_bd_processing_system7_0_0/zynq_ps_bd_processing_system7_0_0/zynq_ps_bd_processing_system7_0_0_in_context.xdc] for cell 'zynq_ps_i/zynq_ps_bd_i/processing_system7_0'
Finished Parsing XDC File [c:/Users/hasse/source/repos/hasseily/appletini-one/project/appletini_yarz.gen/sources_1/bd/zynq_ps_bd/ip/zynq_ps_bd_processing_system7_0_0/zynq_ps_bd_processing_system7_0_0/zynq_ps_bd_processing_system7_0_0_in_context.xdc] for cell 'zynq_ps_i/zynq_ps_bd_i/processing_system7_0'
Parsing XDC File [c:/Users/hasse/source/repos/hasseily/appletini-one/project/appletini_yarz.gen/sources_1/bd/zynq_ps_bd/ip/zynq_ps_bd_proc_sys_reset_0_0/zynq_ps_bd_proc_sys_reset_0_0/zynq_ps_bd_proc_sys_reset_0_0_in_context.xdc] for cell 'zynq_ps_i/zynq_ps_bd_i/proc_sys_reset_0'
Finished Parsing XDC File [c:/Users/hasse/source/repos/hasseily/appletini-one/project/appletini_yarz.gen/sources_1/bd/zynq_ps_bd/ip/zynq_ps_bd_proc_sys_reset_0_0/zynq_ps_bd_proc_sys_reset_0_0/zynq_ps_bd_proc_sys_reset_0_0_in_context.xdc] for cell 'zynq_ps_i/zynq_ps_bd_i/proc_sys_reset_0'
Parsing XDC File [c:/Users/hasse/source/repos/hasseily/appletini-one/project/appletini_yarz.gen/sources_1/bd/zynq_ps_bd/ip/zynq_ps_bd_clk_wiz_0_0/zynq_ps_bd_clk_wiz_0_0/zynq_ps_bd_clk_wiz_0_0_in_context.xdc] for cell 'zynq_ps_i/zynq_ps_bd_i/clk_wiz_0'
Finished Parsing XDC File [c:/Users/hasse/source/repos/hasseily/appletini-one/project/appletini_yarz.gen/sources_1/bd/zynq_ps_bd/ip/zynq_ps_bd_clk_wiz_0_0/zynq_ps_bd_clk_wiz_0_0/zynq_ps_bd_clk_wiz_0_0_in_context.xdc] for cell 'zynq_ps_i/zynq_ps_bd_i/clk_wiz_0'
Parsing XDC File [c:/Users/hasse/source/repos/hasseily/appletini-one/project/appletini_yarz.gen/sources_1/bd/zynq_ps_bd/ip/zynq_ps_bd_proc_sys_reset_2_0/zynq_ps_bd_proc_sys_reset_2_0/zynq_ps_bd_proc_sys_reset_2_0_in_context.xdc] for cell 'zynq_ps_i/zynq_ps_bd_i/proc_sys_reset_2'
Finished Parsing XDC File [c:/Users/hasse/source/repos/hasseily/appletini-one/project/appletini_yarz.gen/sources_1/bd/zynq_ps_bd/ip/zynq_ps_bd_proc_sys_reset_2_0/zynq_ps_bd_proc_sys_reset_2_0/zynq_ps_bd_proc_sys_reset_2_0_in_context.xdc] for cell 'zynq_ps_i/zynq_ps_bd_i/proc_sys_reset_2'
Parsing XDC File [c:/Users/hasse/source/repos/hasseily/appletini-one/project/appletini_yarz.gen/sources_1/bd/zynq_ps_bd/ip/zynq_ps_bd_clk_wiz_1_0/zynq_ps_bd_clk_wiz_1_0/zynq_ps_bd_clk_wiz_1_0_in_context.xdc] for cell 'zynq_ps_i/zynq_ps_bd_i/clk_wiz_1'
Finished Parsing XDC File [c:/Users/hasse/source/repos/hasseily/appletini-one/project/appletini_yarz.gen/sources_1/bd/zynq_ps_bd/ip/zynq_ps_bd_clk_wiz_1_0/zynq_ps_bd_clk_wiz_1_0/zynq_ps_bd_clk_wiz_1_0_in_context.xdc] for cell 'zynq_ps_i/zynq_ps_bd_i/clk_wiz_1'
Parsing XDC File [C:/Users/hasse/source/repos/hasseily/appletini-one/hdl/constraints/appletini_yarz.xdc]
Finished Parsing XDC File [C:/Users/hasse/source/repos/hasseily/appletini-one/hdl/constraints/appletini_yarz.xdc]
INFO: [Project 1-236] Implementation specific constraints were found while reading constraint file [C:/Users/hasse/source/repos/hasseily/appletini-one/hdl/constraints/appletini_yarz.xdc]. These constraints will be ignored for synthesis but will be used in implementation. Impacted constraints are listed in the file [.Xil/appletini_yarz_top_propImpl.xdc].
Resolution: To avoid this warning, move constraints listed in [.Xil/appletini_yarz_top_propImpl.xdc] to another XDC file and exclude this new file from synthesis with the used_in_synthesis property (File Properties dialog in GUI) and re-run elaboration/synthesis.
Parsing XDC File [C:/Users/hasse/source/repos/hasseily/appletini-one/project/appletini_yarz.runs/synth_1/dont_touch.xdc]
Finished Parsing XDC File [C:/Users/hasse/source/repos/hasseily/appletini-one/project/appletini_yarz.runs/synth_1/dont_touch.xdc]
INFO: [Project 1-236] Implementation specific constraints were found while reading constraint file [C:/Xilinx/2025.2/Vivado/data/ip/xpm/xpm_cdc/tcl/xpm_cdc_gray.tcl]. These constraints will be ignored for synthesis but will be used in implementation. Impacted constraints are listed in the file [.Xil/appletini_yarz_top_propImpl.xdc].
Resolution: To avoid this warning, move constraints listed in [.Xil/appletini_yarz_top_propImpl.xdc] to another XDC file and exclude this new file from synthesis with the used_in_synthesis property (File Properties dialog in GUI) and re-run elaboration/synthesis.
INFO: [Project 1-236] Implementation specific constraints were found while reading constraint file [C:/Xilinx/2025.2/Vivado/data/ip/xpm/xpm_cdc/tcl/xpm_cdc_handshake.tcl]. These constraints will be ignored for synthesis but will be used in implementation. Impacted constraints are listed in the file [.Xil/appletini_yarz_top_propImpl.xdc].
Resolution: To avoid this warning, move constraints listed in [.Xil/appletini_yarz_top_propImpl.xdc] to another XDC file and exclude this new file from synthesis with the used_in_synthesis property (File Properties dialog in GUI) and re-run elaboration/synthesis.
INFO: [Project 1-236] Implementation specific constraints were found while reading constraint file [C:/Xilinx/2025.2/Vivado/data/ip/xpm/xpm_cdc/tcl/xpm_cdc_single.tcl]. These constraints will be ignored for synthesis but will be used in implementation. Impacted constraints are listed in the file [.Xil/appletini_yarz_top_propImpl.xdc].
Resolution: To avoid this warning, move constraints listed in [.Xil/appletini_yarz_top_propImpl.xdc] to another XDC file and exclude this new file from synthesis with the used_in_synthesis property (File Properties dialog in GUI) and re-run elaboration/synthesis.
INFO: [Project 1-236] Implementation specific constraints were found while reading constraint file [C:/Xilinx/2025.2/Vivado/data/ip/xpm/xpm_fifo/tcl/xpm_fifo_rst.tcl]. These constraints will be ignored for synthesis but will be used in implementation. Impacted constraints are listed in the file [.Xil/appletini_yarz_top_propImpl.xdc].
Resolution: To avoid this warning, move constraints listed in [.Xil/appletini_yarz_top_propImpl.xdc] to another XDC file and exclude this new file from synthesis with the used_in_synthesis property (File Properties dialog in GUI) and re-run elaboration/synthesis.
INFO: [Project 1-236] Implementation specific constraints were found while reading constraint file [C:/Xilinx/2025.2/Vivado/data/ip/xpm/xpm_fifo/tcl/xpm_fifo_rst.tcl]. These constraints will be ignored for synthesis but will be used in implementation. Impacted constraints are listed in the file [.Xil/appletini_yarz_top_propImpl.xdc].
Resolution: To avoid this warning, move constraints listed in [.Xil/appletini_yarz_top_propImpl.xdc] to another XDC file and exclude this new file from synthesis with the used_in_synthesis property (File Properties dialog in GUI) and re-run elaboration/synthesis.
INFO: [Project 1-1714] 16 XPM XDC files have been applied to the design.
Completed Processing XDC Constraints

Netlist sorting complete. Time (s): cpu = 00:00:00 ; elapsed = 00:00:00.013 . Memory (MB): peak = 1766.641 ; gain = 0.000
INFO: [Project 1-111] Unisim Transformation Summary:
No Unisim elements were transformed.

---------------------------------------------------------------------------------
Finished Constraint Validation : Time (s): cpu = 00:00:26 ; elapsed = 00:00:27 . Memory (MB): peak = 1766.641 ; gain = 1189.727
---------------------------------------------------------------------------------
---------------------------------------------------------------------------------
Start Loading Part and Timing Information
---------------------------------------------------------------------------------
Loading part: xc7z020clg484-2
---------------------------------------------------------------------------------
Finished Loading Part and Timing Information : Time (s): cpu = 00:00:26 ; elapsed = 00:00:27 . Memory (MB): peak = 1766.641 ; gain = 1189.727
---------------------------------------------------------------------------------
---------------------------------------------------------------------------------
Start Applying 'set_property' XDC Constraints
---------------------------------------------------------------------------------
---------------------------------------------------------------------------------
Finished applying 'set_property' XDC Constraints : Time (s): cpu = 00:00:26 ; elapsed = 00:00:27 . Memory (MB): peak = 1766.641 ; gain = 1189.727
---------------------------------------------------------------------------------
INFO: [Synth 8-802] inferred FSM for state register 'gen_fwft.curr_fwft_state_reg' in module 'xpm_fifo_base'
INFO: [Synth 8-802] inferred FSM for state register 'state_reg' in module 'psram_simple'
INFO: [Synth 8-802] inferred FSM for state register 'bst_reg' in module 'disk2_ddr_bridge'
INFO: [Synth 8-802] inferred FSM for state register 'woz_weak_refill_stage_q_reg' in module 'disk2_card'
INFO: [Synth 8-802] inferred FSM for state register 'state_q_reg' in module 'audio_pcm16_ddr_fetcher'
INFO: [Synth 8-802] inferred FSM for state register 'state_q_reg' in module 'apple_dma_engine'
INFO: [Synth 8-802] inferred FSM for state register 'state_q_reg' in module 'w65c02_core'
INFO: [Synth 8-802] inferred FSM for state register 'xstate_q_reg' in module 'vtw_core_top'
INFO: [Synth 8-802] inferred FSM for state register 'gen_rst_ic.curr_wrst_state_reg' in module 'xpm_fifo_rst__parameterized0'
INFO: [Synth 8-802] inferred FSM for state register 'gen_rst_ic.curr_rrst_state_reg' in module 'xpm_fifo_rst__parameterized0'
INFO: [Synth 8-802] inferred FSM for state register 'gen_fwft.curr_fwft_state_reg' in module 'xpm_fifo_base__parameterized0'
INFO: [Synth 8-802] inferred FSM for state register 'state_reg' in module 'fb_reader'
INFO: [Synth 8-5775] Found 'rw_addr_collision' attribute set to 'no' on SDP RAM gen_wr_a.gen_word_narrow.mem_reg. Setting write mode to NO_CHANGE 
---------------------------------------------------------------------------------------------------
                   State |                     New Encoding |                Previous Encoding 
---------------------------------------------------------------------------------------------------
                 invalid |                               00 |                               00
            stage1_valid |                               01 |                               10
       both_stages_valid |                               10 |                               11
            stage2_valid |                               11 |                               01
---------------------------------------------------------------------------------------------------
INFO: [Synth 8-3354] encoded FSM with state register 'gen_fwft.curr_fwft_state_reg' using encoding 'sequential' in module 'xpm_fifo_base'
---------------------------------------------------------------------------------------------------
                   State |                     New Encoding |                Previous Encoding 
---------------------------------------------------------------------------------------------------
              S_INIT_QPI |                             0000 |                             0000
         S_INIT_QPI_WAIT |                             0001 |                             0001
             S_INIT_WRAP |                             0010 |                             0010
        S_INIT_WRAP_WAIT |                             0011 |                             0011
            S_SERVE_READ |                             0100 |                             0101
                  S_IDLE |                             0101 |                             0100
              S_RMW_READ |                             0110 |                             0110
       S_RMW_WRITE_ISSUE |                             0111 |                             0111
        S_RMW_WRITE_WAIT |                             1000 |                             1000
                S_VTW_OP |                             1001 |                             1010
                S_DMA_OP |                             1010 |                             1001
---------------------------------------------------------------------------------------------------
INFO: [Synth 8-3354] encoded FSM with state register 'state_reg' using encoding 'sequential' in module 'psram_simple'
---------------------------------------------------------------------------------------------------
                   State |                     New Encoding |                Previous Encoding 
---------------------------------------------------------------------------------------------------
                  B_IDLE |                              000 |                              000
                    B_AR |                              001 |                              001
                     B_R |                              010 |                              010
                    B_AW |                              011 |                              011
                     B_W |                              100 |                              100
                     B_B |                              101 |                              101
---------------------------------------------------------------------------------------------------
INFO: [Synth 8-3354] encoded FSM with state register 'bst_reg' using encoding 'sequential' in module 'disk2_ddr_bridge'
---------------------------------------------------------------------------------------------------
                   State |                     New Encoding |                Previous Encoding 
---------------------------------------------------------------------------------------------------
                  iSTATE |                              001 |                               00
                 iSTATE0 |                              010 |                               01
                 iSTATE1 |                              100 |                               10
---------------------------------------------------------------------------------------------------
INFO: [Synth 8-3354] encoded FSM with state register 'woz_weak_refill_stage_q_reg' using encoding 'one-hot' in module 'disk2_card'
---------------------------------------------------------------------------------------------------
                   State |                     New Encoding |                Previous Encoding 
---------------------------------------------------------------------------------------------------
                  S_IDLE |                              001 |                               00
                    S_AR |                              010 |                               01
                     S_R |                              100 |                               10
---------------------------------------------------------------------------------------------------
INFO: [Synth 8-3354] encoded FSM with state register 'state_q_reg' using encoding 'one-hot' in module 'audio_pcm16_ddr_fetcher'
---------------------------------------------------------------------------------------------------
                   State |                     New Encoding |                Previous Encoding 
---------------------------------------------------------------------------------------------------
                  S_IDLE |                 0000000000000001 |                             0000
          S_W_LINE_BEGIN |                 0000000000000010 |                             0001
              S_W_DDR_AR |                 0000000000000100 |                             0010
               S_W_DDR_R |                 0000000000001000 |                             0011
             S_W_RMW_REQ |                 0000000000010000 |                             0100
            S_W_RMW_WAIT |                 0000000000100000 |                             0101
            S_W_MC_WRITE |                 0000000001000000 |                             0110
       S_W_MC_WRITE_WAIT |                 0000000010000000 |                             0111
             S_R_AW_PREP |                 0000000100000000 |                             1000
                  S_R_AW |                 0000001000000000 |                             1001
          S_R_BEAT_BEGIN |                 0000010000000000 |                             1010
              S_R_MC_REQ |                 0000100000000000 |                             1011
             S_R_MC_WAIT |                 0001000000000000 |                             1100
               S_R_DDR_W |                 0010000000000000 |                             1101
               S_R_DDR_B |                 0100000000000000 |                             1110
                  S_DONE |                 1000000000000000 |                             1111
---------------------------------------------------------------------------------------------------
INFO: [Synth 8-3354] encoded FSM with state register 'state_q_reg' using encoding 'one-hot' in module 'apple_dma_engine'
---------------------------------------------------------------------------------------------------
                   State |                     New Encoding |                Previous Encoding 
---------------------------------------------------------------------------------------------------
              ST_RESET_0 |                          0000000 |                          0000000
              ST_RESET_1 |                          0000001 |                          0000001
        ST_RESET_STACK_0 |                          0000010 |                          0000010
        ST_RESET_STACK_1 |                          0000011 |                          0000011
        ST_RESET_STACK_2 |                          0000100 |                          0000100
      ST_RESET_VECTOR_LO |                          0000101 |                          0000101
      ST_RESET_VECTOR_HI |                          0000110 |                          0000110
                ST_FETCH |                          0000111 |                          0000111
        ST_BRK_SIGNATURE |                          0001000 |                          0110010
              ST_JSR_LOW |                          0001001 |                          0100011
      ST_JSR_STACK_DUMMY |                          0001010 |                          0100100
          ST_JSR_PUSH_HI |                          0001011 |                          0100101
          ST_JSR_PUSH_LO |                          0001100 |                          0100110
             ST_JSR_HIGH |                          0001101 |                          0100111
         ST_RTS_DUMMY_PC |                          0001110 |                          0101000
      ST_RTS_DUMMY_STACK |                          0001111 |                          0101001
          ST_RTS_PULL_LO |                          0010000 |                          0101010
          ST_RTS_PULL_HI |                          0010001 |                          0101011
            ST_RTS_FINAL |                          0010010 |                          0101100
         ST_RTI_DUMMY_PC |                          0010011 |                          0101101
      ST_RTI_DUMMY_STACK |                          0010100 |                          0101110
           ST_RTI_PULL_P |                          0010101 |                          0101111
          ST_RTI_PULL_LO |                          0010110 |                          0110000
          ST_RTI_PULL_HI |                          0010111 |                          0110001
           ST_PUSH_DUMMY |                          0011000 |                          0011110
           ST_PUSH_WRITE |                          0011001 |                          0011111
        ST_PULL_DUMMY_PC |                          0011010 |                          0100000
     ST_PULL_DUMMY_STACK |                          0011011 |                          0100001
            ST_PULL_READ |                          0011100 |                          0100010
            ST_WAI_DUMMY |                          0011101 |                          0111111
                 ST_WAIT |                          0011110 |                          1000000
            ST_INT_DUMMY |                          0011111 |                          0110011
          ST_INT_PUSH_HI |                          0100000 |                          0110100
          ST_INT_PUSH_LO |                          0100001 |                          0110101
           ST_INT_PUSH_P |                          0100010 |                          0110110
        ST_INT_VECTOR_LO |                          0100011 |                          0110111
        ST_INT_VECTOR_HI |                          0100100 |                          0111000
            ST_STP_DUMMY |                          0100101 |                          1000001
                 ST_STOP |                          0100110 |                          1000010
              ST_IMPLIED |                          0100111 |                          0001000
              ST_OPERAND |                          0101000 |                          0001001
      ST_BIT_BRANCH_READ |                          0101001 |                          0011001
    ST_BIT_BRANCH_REPEAT |                          0101010 |                          0011010
    ST_BIT_BRANCH_OFFSET |                          0101011 |                          0011011
     ST_BIT_BRANCH_DUMMY |                          0101100 |                          0011100
     ST_BIT_BRANCH_CROSS |                          0101101 |                          0011101
             ST_ZP_INDEX |                          0101110 |                          0001011
               ST_ABS_HI |                          0101111 |                          0001010
           ST_JMP_IND_LO |                          0110000 |                          0111001
           ST_JMP_IND_HI |                          0110001 |                          0111010
         ST_JMP_IND_LAST |                          0110010 |                          0111011
          ST_JMP_X_DUMMY |                          0110011 |                          0111100
             ST_JMP_X_LO |                          0110100 |                          0111101
             ST_JMP_X_HI |                          0110101 |                          0111110
        ST_NOP_ABS_DUMMY |                          0110110 |                          0010110
           ST_INDX_DUMMY |                          0110111 |                          0001100
               ST_PTR_LO |                          0111000 |                          0001110
               ST_PTR_HI |                          0111001 |                          0001111
          ST_INDEX_DUMMY |                          0111010 |                          0001101
             ST_RMW_READ |                          0111011 |                          0010011
           ST_RMW_MODIFY |                          0111100 |                          0010100
            ST_RMW_WRITE |                          0111101 |                          0010101
             ST_MEM_READ |                          0111110 |                          0010000
        ST_DECIMAL_EXTRA |                          0111111 |                          0010001
            ST_MEM_WRITE |                          1000000 |                          0010010
         ST_BRANCH_DUMMY |                          1000001 |                          0010111
         ST_BRANCH_CROSS |                          1000010 |                          0011000
---------------------------------------------------------------------------------------------------
INFO: [Synth 8-3354] encoded FSM with state register 'state_q_reg' using encoding 'sequential' in module 'w65c02_core'
INFO: [Synth 8-3971] The signal "vtw_shadow:/mem_main_reg" was recognized as a true dual port RAM template.
INFO: [Synth 8-3971] The signal "vtw_shadow:/mem_aux_reg" was recognized as a true dual port RAM template.
---------------------------------------------------------------------------------------------------
                   State |                     New Encoding |                Previous Encoding 
---------------------------------------------------------------------------------------------------
               X_CAPTURE |                             0011 |                             0000
                 X_ROUTE |                             1000 |                             0001
              X_SP_ISSUE |                             0110 |                             1011
               X_SP_WAIT |                             0101 |                             1100
               X_SP_DONE |                             0100 |                             1101
                   X_BUS |                             1001 |                             0101
              X_BUS_DONE |                             1110 |                             0110
             X_RW_LOOKUP |                             1010 |                             0111
              X_RW_FLUSH |                             1100 |                             1000
               X_RW_FILL |                             1101 |                             1001
               X_RW_DONE |                             0111 |                             1010
                  X_DEAD |                             1011 |                             1110
            X_POST_STALL |                             0000 |                             0100
           X_MEM_CAPTURE |                             0001 |                             0010
              X_MEM_DONE |                             0010 |                             0011
---------------------------------------------------------------------------------------------------
INFO: [Synth 8-3354] encoded FSM with state register 'xstate_q_reg' using encoding 'sequential' in module 'vtw_core_top'
INFO: [Synth 8-5775] Found 'rw_addr_collision' attribute set to 'no' on SDP RAM gen_wr_a.gen_word_wide.mem_reg. Setting write mode to NO_CHANGE 
INFO: [Synth 8-5552] Implemented safe state 'default_state' for state register 'gen_rst_ic.curr_wrst_state_reg' in module 'xpm_fifo_rst__parameterized0'
---------------------------------------------------------------------------------------------------
                   State |                     New Encoding |                Previous Encoding 
---------------------------------------------------------------------------------------------------
*
               WRST_IDLE |                            00001 |                              000
                 WRST_IN |                            00010 |                              010
                WRST_OUT |                            00100 |                              111
               WRST_EXIT |                            01000 |                              110
            WRST_GO2IDLE |                            10000 |                              100
---------------------------------------------------------------------------------------------------
INFO: [Synth 8-3354] encoded FSM with state register 'gen_rst_ic.curr_wrst_state_reg' using encoding 'one-hot' in module 'xpm_fifo_rst__parameterized0'
INFO: [Synth 8-5552] Implemented safe state 'default_state' for state register 'gen_rst_ic.curr_rrst_state_reg' in module 'xpm_fifo_rst__parameterized0'
---------------------------------------------------------------------------------------------------
                   State |                     New Encoding |                Previous Encoding 
---------------------------------------------------------------------------------------------------
*
               RRST_IDLE |                               00 |                               00
                 RRST_IN |                               01 |                               10
                RRST_OUT |                               10 |                               11
               RRST_EXIT |                               11 |                               01
---------------------------------------------------------------------------------------------------
INFO: [Synth 8-3354] encoded FSM with state register 'gen_rst_ic.curr_rrst_state_reg' using encoding 'sequential' in module 'xpm_fifo_rst__parameterized0'
---------------------------------------------------------------------------------------------------
                   State |                     New Encoding |                Previous Encoding 
---------------------------------------------------------------------------------------------------
                 invalid |                               00 |                               00
            stage1_valid |                               01 |                               10
       both_stages_valid |                               10 |                               11
            stage2_valid |                               11 |                               01
---------------------------------------------------------------------------------------------------
INFO: [Synth 8-3354] encoded FSM with state register 'gen_fwft.curr_fwft_state_reg' using encoding 'sequential' in module 'xpm_fifo_base__parameterized0'
---------------------------------------------------------------------------------------------------
                   State |                     New Encoding |                Previous Encoding 
---------------------------------------------------------------------------------------------------
                  S_IDLE |                              001 |                              000
            S_RESET_FIFO |                              010 |                              001
                 S_BURST |                              100 |                              010
---------------------------------------------------------------------------------------------------
INFO: [Synth 8-3354] encoded FSM with state register 'state_reg' using encoding 'one-hot' in module 'fb_reader'
---------------------------------------------------------------------------------
Finished RTL Optimization Phase 2 : Time (s): cpu = 00:00:38 ; elapsed = 00:00:40 . Memory (MB): peak = 1766.641 ; gain = 1189.727
---------------------------------------------------------------------------------
INFO: [Synth 8-223] decloning instance 'irq_stretch[0].irq_pulse_stretcher_i' (irq_pulse_stretcher) to 'irq_stretch[2].irq_pulse_stretcher_i'
INFO: [Synth 8-223] decloning instance 'irq_stretch[0].irq_pulse_stretcher_i' (irq_pulse_stretcher) to 'irq_stretch[3].irq_pulse_stretcher_i'
INFO: [Synth 8-223] decloning instance 'irq_stretch[0].irq_pulse_stretcher_i' (irq_pulse_stretcher) to 'irq_stretch[4].irq_pulse_stretcher_i'
INFO: [Synth 8-223] decloning instance 'irq_stretch[0].irq_pulse_stretcher_i' (irq_pulse_stretcher) to 'irq_stretch[5].irq_pulse_stretcher_i'
INFO: [Synth 8-223] decloning instance 'irq_stretch[0].irq_pulse_stretcher_i' (irq_pulse_stretcher) to 'irq_stretch[6].irq_pulse_stretcher_i'
INFO: [Synth 8-223] decloning instance 'irq_stretch[0].irq_pulse_stretcher_i' (irq_pulse_stretcher) to 'irq_stretch[7].irq_pulse_stretcher_i'
INFO: [Synth 8-223] decloning instance 'irq_stretch[0].irq_pulse_stretcher_i' (irq_pulse_stretcher) to 'irq_stretch[8].irq_pulse_stretcher_i'
INFO: [Synth 8-223] decloning instance 'irq_stretch[0].irq_pulse_stretcher_i' (irq_pulse_stretcher) to 'irq_stretch[9].irq_pulse_stretcher_i'
INFO: [Synth 8-223] decloning instance 'irq_stretch[0].irq_pulse_stretcher_i' (irq_pulse_stretcher) to 'irq_stretch[10].irq_pulse_stretcher_i'
INFO: [Synth 8-223] decloning instance 'irq_stretch[0].irq_pulse_stretcher_i' (irq_pulse_stretcher) to 'irq_stretch[11].irq_pulse_stretcher_i'
INFO: [Synth 8-223] decloning instance 'irq_stretch[0].irq_pulse_stretcher_i' (irq_pulse_stretcher) to 'irq_stretch[12].irq_pulse_stretcher_i'
INFO: [Synth 8-223] decloning instance 'irq_stretch[0].irq_pulse_stretcher_i' (irq_pulse_stretcher) to 'irq_stretch[13].irq_pulse_stretcher_i'
INFO: [Synth 8-223] decloning instance 'irq_stretch[0].irq_pulse_stretcher_i' (irq_pulse_stretcher) to 'irq_stretch[14].irq_pulse_stretcher_i'
INFO: [Synth 8-223] decloning instance 'irq_stretch[0].irq_pulse_stretcher_i' (irq_pulse_stretcher) to 'irq_stretch[15].irq_pulse_stretcher_i'
INFO: [Synth 8-5775] Found 'rw_addr_collision' attribute set to 'no' on SDP RAM gen_wr_a.gen_word_narrow.mem_reg. Setting write mode to NO_CHANGE 
INFO: [Synth 8-5775] Found 'rw_addr_collision' attribute set to 'no' on SDP RAM gen_wr_a.gen_word_narrow.mem_reg. Setting write mode to NO_CHANGE 
INFO: [Synth 8-5775] Found 'rw_addr_collision' attribute set to 'no' on SDP RAM gen_wr_a.gen_word_wide.mem_reg. Setting write mode to NO_CHANGE 
---------------------------------------------------------------------------------
Start RTL Component Statistics 
---------------------------------------------------------------------------------
Detailed RTL Component Info : 
+---Adders : 
	   2 Input   56 Bit       Adders := 4     
	   2 Input   33 Bit       Adders := 2     
	   3 Input   32 Bit       Adders := 12    
	   2 Input   32 Bit       Adders := 22    
	   2 Input   31 Bit       Adders := 1     
	   2 Input   29 Bit       Adders := 2     
	   2 Input   28 Bit       Adders := 14    
	   3 Input   28 Bit       Adders := 8     
	   2 Input   24 Bit       Adders := 36    
	   3 Input   24 Bit       Adders := 4     
	   4 Input   24 Bit       Adders := 4     
	   2 Input   23 Bit       Adders := 1     
	   3 Input   21 Bit       Adders := 12    
	   4 Input   21 Bit       Adders := 2     
	   7 Input   21 Bit       Adders := 2     
	   2 Input   21 Bit       Adders := 40    
	   2 Input   18 Bit       Adders := 11    
	   3 Input   18 Bit       Adders := 2     
	   3 Input   17 Bit       Adders := 2     
	   2 Input   17 Bit       Adders := 17    
	   2 Input   16 Bit       Adders := 26    
	   3 Input   16 Bit       Adders := 1     
	   4 Input   16 Bit       Adders := 1     
	   4 Input   15 Bit       Adders := 1     
	   2 Input   15 Bit       Adders := 1     
	   2 Input   14 Bit       Adders := 6     
	   3 Input   14 Bit       Adders := 15    
	   4 Input   14 Bit       Adders := 1     
	   2 Input   13 Bit       Adders := 9     
	   4 Input   13 Bit       Adders := 8     
	   3 Input   13 Bit       Adders := 1     
	   2 Input   12 Bit       Adders := 21    
	   4 Input   12 Bit       Adders := 8     
	   3 Input   12 Bit       Adders := 1     
	   2 Input   11 Bit       Adders := 14    
	   3 Input   11 Bit       Adders := 2     
	   4 Input   11 Bit       Adders := 2     
	   2 Input   10 Bit       Adders := 10    
	   3 Input   10 Bit       Adders := 13    
	   4 Input   10 Bit       Adders := 2     
	   3 Input    9 Bit       Adders := 31    
	   2 Input    9 Bit       Adders := 98    
	   3 Input    8 Bit       Adders := 19    
	   2 Input    8 Bit       Adders := 45    
	   2 Input    7 Bit       Adders := 17    
	   2 Input    6 Bit       Adders := 7     
	   3 Input    6 Bit       Adders := 2     
	   4 Input    6 Bit       Adders := 2     
	   2 Input    5 Bit       Adders := 37    
	   3 Input    5 Bit       Adders := 14    
	   4 Input    5 Bit       Adders := 1     
	   2 Input    4 Bit       Adders := 47    
	   4 Input    4 Bit       Adders := 1     
	   3 Input    4 Bit       Adders := 1     
	   2 Input    3 Bit       Adders := 20    
	   3 Input    3 Bit       Adders := 1     
	   5 Input    3 Bit       Adders := 1     
	   2 Input    2 Bit       Adders := 9     
	   4 Input    2 Bit       Adders := 3     
+---XORs : 
	   2 Input     32 Bit         XORs := 16    
	   2 Input     16 Bit         XORs := 1     
	   2 Input     15 Bit         XORs := 1     
	   2 Input     14 Bit         XORs := 1     
	   2 Input     13 Bit         XORs := 1     
	   3 Input      8 Bit         XORs := 4     
	   2 Input      8 Bit         XORs := 2     
	   2 Input      4 Bit         XORs := 2     
	   2 Input      3 Bit         XORs := 2     
	   2 Input      1 Bit         XORs := 76    
+---XORs : 
	               27 Bit    Wide XORs := 1     
	                2 Bit    Wide XORs := 2     
+---Registers : 
	               64 Bit    Registers := 33    
	               62 Bit    Registers := 1     
	               57 Bit    Registers := 1     
	               56 Bit    Registers := 2     
	               48 Bit    Registers := 8     
	               47 Bit    Registers := 2     
	               40 Bit    Registers := 1     
	               33 Bit    Registers := 1     
	               32 Bit    Registers := 74    
	               31 Bit    Registers := 1     
	               29 Bit    Registers := 2     
	               28 Bit    Registers := 6     
	               24 Bit    Registers := 143   
	               23 Bit    Registers := 1     
	               21 Bit    Registers := 48    
	               18 Bit    Registers := 14    
	               17 Bit    Registers := 8     
	               16 Bit    Registers := 99    
	               15 Bit    Registers := 9     
	               14 Bit    Registers := 12    
	               13 Bit    Registers := 14    
	               12 Bit    Registers := 19    
	               11 Bit    Registers := 15    
	               10 Bit    Registers := 33    
	                9 Bit    Registers := 37    
	                8 Bit    Registers := 303   
	                7 Bit    Registers := 22    
	                6 Bit    Registers := 33    
	                5 Bit    Registers := 59    
	                4 Bit    Registers := 119   
	                3 Bit    Registers := 72    
	                2 Bit    Registers := 45    
	                1 Bit    Registers := 580   
+---RAMs : 
	             512K Bit	(65536 X 8 bit)          RAMs := 2     
	             512K Bit	(32768 X 16 bit)          RAMs := 1     
	             256K Bit	(4096 X 64 bit)          RAMs := 2     
	             128K Bit	(16384 X 8 bit)          RAMs := 2     
	              12K Bit	(512 X 24 bit)          RAMs := 1     
	               8K Bit	(1024 X 8 bit)          RAMs := 2     
	               2K Bit	(256 X 8 bit)          RAMs := 1     
	              384 Bit	(16 X 24 bit)          RAMs := 2     
	              376 Bit	(8 X 47 bit)          RAMs := 1     
	              144 Bit	(16 X 9 bit)          RAMs := 2     
	              128 Bit	(16 X 8 bit)          RAMs := 2     
	              112 Bit	(16 X 7 bit)          RAMs := 2     
	              112 Bit	(8 X 14 bit)          RAMs := 1     
	               48 Bit	(16 X 3 bit)          RAMs := 2     
	               16 Bit	(16 X 1 bit)          RAMs := 26    
+---ROMs : 
	                    ROMs := 2     
+---Muxes : 
	   2 Input   64 Bit        Muxes := 58    
	   4 Input   64 Bit        Muxes := 4     
	  15 Input   64 Bit        Muxes := 2     
	   9 Input   64 Bit        Muxes := 2     
	  11 Input   64 Bit        Muxes := 1     
	  40 Input   64 Bit        Muxes := 1     
	   3 Input   64 Bit        Muxes := 1     
	   8 Input   64 Bit        Muxes := 5     
	   2 Input   57 Bit        Muxes := 1     
	   4 Input   56 Bit        Muxes := 2     
	   2 Input   56 Bit        Muxes := 12    
	  22 Input   56 Bit        Muxes := 2     
	   4 Input   48 Bit        Muxes := 2     
	   2 Input   48 Bit        Muxes := 2     
	   2 Input   47 Bit        Muxes := 1     
	   2 Input   45 Bit        Muxes := 2     
	   2 Input   44 Bit        Muxes := 2     
	   2 Input   43 Bit        Muxes := 2     
	   2 Input   42 Bit        Muxes := 2     
	   2 Input   41 Bit        Muxes := 2     
	   4 Input   32 Bit        Muxes := 6     
	   2 Input   32 Bit        Muxes := 96    
	   9 Input   32 Bit        Muxes := 2     
	   3 Input   32 Bit        Muxes := 3     
	   6 Input   32 Bit        Muxes := 1     
	  16 Input   29 Bit        Muxes := 2     
	   4 Input   28 Bit        Muxes := 4     
	   2 Input   28 Bit        Muxes := 31    
	   2 Input   27 Bit        Muxes := 1     
	   2 Input   24 Bit        Muxes := 589   
	   4 Input   24 Bit        Muxes := 100   
	  16 Input   24 Bit        Muxes := 8     
	   3 Input   24 Bit        Muxes := 3     
	   8 Input   24 Bit        Muxes := 4     
	   5 Input   24 Bit        Muxes := 5     
	  15 Input   24 Bit        Muxes := 1     
	  11 Input   24 Bit        Muxes := 1     
	   4 Input   23 Bit        Muxes := 1     
	   2 Input   23 Bit        Muxes := 1     
	   2 Input   21 Bit        Muxes := 63    
	   8 Input   21 Bit        Muxes := 24    
	   9 Input   21 Bit        Muxes := 1     
	   2 Input   20 Bit        Muxes := 1     
	   2 Input   19 Bit        Muxes := 1     
	   2 Input   18 Bit        Muxes := 23    
	   3 Input   18 Bit        Muxes := 3     
	   7 Input   18 Bit        Muxes := 1     
	   2 Input   17 Bit        Muxes := 14    
	   2 Input   16 Bit        Muxes := 179   
	   4 Input   16 Bit        Muxes := 10    
	   3 Input   16 Bit        Muxes := 4     
	   8 Input   16 Bit        Muxes := 5     
	   6 Input   16 Bit        Muxes := 2     
	   9 Input   16 Bit        Muxes := 1     
	  36 Input   16 Bit        Muxes := 2     
	  67 Input   16 Bit        Muxes := 4     
	  16 Input   16 Bit        Muxes := 1     
	  14 Input   16 Bit        Muxes := 3     
	   7 Input   16 Bit        Muxes := 1     
	   2 Input   15 Bit        Muxes := 4     
	   2 Input   14 Bit        Muxes := 6     
	   4 Input   14 Bit        Muxes := 1     
	   2 Input   13 Bit        Muxes := 26    
	   3 Input   12 Bit        Muxes := 3     
	   2 Input   12 Bit        Muxes := 18    
	   4 Input   12 Bit        Muxes := 2     
	   5 Input   12 Bit        Muxes := 1     
	   2 Input   11 Bit        Muxes := 3     
	   9 Input   11 Bit        Muxes := 1     
	  16 Input   11 Bit        Muxes := 7     
	   2 Input   10 Bit        Muxes := 53    
	   6 Input   10 Bit        Muxes := 3     
	  13 Input   10 Bit        Muxes := 4     
	   3 Input   10 Bit        Muxes := 6     
	   2 Input    9 Bit        Muxes := 78    
	   2 Input    8 Bit        Muxes := 363   
	   3 Input    8 Bit        Muxes := 4     
	   4 Input    8 Bit        Muxes := 12    
	  24 Input    8 Bit        Muxes := 1     
	  13 Input    8 Bit        Muxes := 4     
	   9 Input    8 Bit        Muxes := 9     
	  11 Input    8 Bit        Muxes := 5     
	   5 Input    8 Bit        Muxes := 3     
	  36 Input    8 Bit        Muxes := 1     
	  67 Input    8 Bit        Muxes := 8     
	  15 Input    8 Bit        Muxes := 1     
	 257 Input    8 Bit        Muxes := 1     
	  14 Input    8 Bit        Muxes := 1     
	   2 Input    7 Bit        Muxes := 31    
	  67 Input    7 Bit        Muxes := 1     
	 113 Input    7 Bit        Muxes := 1     
	   7 Input    6 Bit        Muxes := 2     
	   2 Input    6 Bit        Muxes := 25    
	   4 Input    6 Bit        Muxes := 2     
	   3 Input    6 Bit        Muxes := 2     
	   5 Input    5 Bit        Muxes := 2     
	   2 Input    5 Bit        Muxes := 131   
	   4 Input    5 Bit        Muxes := 4     
	   8 Input    5 Bit        Muxes := 26    
	  10 Input    5 Bit        Muxes := 6     
	  16 Input    5 Bit        Muxes := 1     
	   3 Input    5 Bit        Muxes := 1     
	  14 Input    5 Bit        Muxes := 1     
	   6 Input    5 Bit        Muxes := 1     
	   2 Input    4 Bit        Muxes := 114   
	   8 Input    4 Bit        Muxes := 2     
	   3 Input    4 Bit        Muxes := 4     
	   4 Input    4 Bit        Muxes := 3     
	  24 Input    4 Bit        Muxes := 1     
	   9 Input    4 Bit        Muxes := 5     
	  25 Input    4 Bit        Muxes := 1     
	   6 Input    4 Bit        Muxes := 1     
	   5 Input    4 Bit        Muxes := 1     
	  14 Input    4 Bit        Muxes := 1     
	   3 Input    3 Bit        Muxes := 4     
	   4 Input    3 Bit        Muxes := 13    
	   2 Input    3 Bit        Muxes := 92    
	  22 Input    3 Bit        Muxes := 4     
	   8 Input    3 Bit        Muxes := 2     
	   5 Input    3 Bit        Muxes := 3     
	   6 Input    3 Bit        Muxes := 2     
	  14 Input    3 Bit        Muxes := 1     
	   4 Input    2 Bit        Muxes := 30    
	   2 Input    2 Bit        Muxes := 147   
	   7 Input    2 Bit        Muxes := 4     
	  36 Input    2 Bit        Muxes := 1     
	   5 Input    2 Bit        Muxes := 5     
	   3 Input    2 Bit        Muxes := 9     
	  16 Input    2 Bit        Muxes := 2     
	  14 Input    2 Bit        Muxes := 1     
	   2 Input    1 Bit        Muxes := 1996  
	   8 Input    1 Bit        Muxes := 21    
	   3 Input    1 Bit        Muxes := 71    
	  22 Input    1 Bit        Muxes := 16    
	   5 Input    1 Bit        Muxes := 21    
	  14 Input    1 Bit        Muxes := 38    
	   4 Input    1 Bit        Muxes := 108   
	  10 Input    1 Bit        Muxes := 22    
	  13 Input    1 Bit        Muxes := 7     
	   9 Input    1 Bit        Muxes := 37    
	  36 Input    1 Bit        Muxes := 4     
	  67 Input    1 Bit        Muxes := 21    
	  15 Input    1 Bit        Muxes := 17    
	  16 Input    1 Bit        Muxes := 21    
	   6 Input    1 Bit        Muxes := 40    
	  11 Input    1 Bit        Muxes := 24    
	  29 Input    1 Bit        Muxes := 3     
---------------------------------------------------------------------------------
Finished RTL Component Statistics 
---------------------------------------------------------------------------------
---------------------------------------------------------------------------------
Start Part Resource Summary
---------------------------------------------------------------------------------
Part Resources:
DSPs: 220 (col length:60)
BRAMs: 280 (col length: RAMB18 60 RAMB36 30)
---------------------------------------------------------------------------------
Finished Part Resource Summary
---------------------------------------------------------------------------------
---------------------------------------------------------------------------------
Start Cross Boundary and Area Optimization
---------------------------------------------------------------------------------
WARNING: [Synth 8-3917] design appletini_yarz_top has port a2ctrl_irq_n driven by constant 1
WARNING: [Synth 8-3917] design appletini_yarz_top has port a2ctrl_nmi_n driven by constant 1
WARNING: [Synth 8-3917] design appletini_yarz_top has port a2ctrl_rdy_n driven by constant 1
WARNING: [Synth 8-3917] design appletini_yarz_top has port a2ctrl_dma_n driven by constant 1
WARNING: [Synth 8-3917] design appletini_yarz_top has port a2ctrl_inh_n driven by constant 1
WARNING: [Synth 8-3917] design appletini_yarz_top has port a2fpga_oe_n_aux driven by constant 1
INFO: [Synth 8-5775] Found 'rw_addr_collision' attribute set to 'no' on SDP RAM gen_wr_a.gen_word_wide.mem_reg. Setting write mode to NO_CHANGE 
INFO: [Synth 8-5775] Found 'rw_addr_collision' attribute set to 'no' on SDP RAM gen_wr_a.gen_word_wide.mem_reg. Setting write mode to NO_CHANGE 
INFO: [Synth 8-5775] Found 'rw_addr_collision' attribute set to 'no' on SDP RAM gen_wr_a.gen_word_wide.mem_reg. Setting write mode to NO_CHANGE 
INFO: [Synth 8-5775] Found 'rw_addr_collision' attribute set to 'no' on SDP RAM gen_wr_a.gen_word_wide.mem_reg. Setting write mode to NO_CHANGE 
INFO: [Synth 8-5775] Found 'rw_addr_collision' attribute set to 'no' on SDP RAM gen_wr_a.gen_word_wide.mem_reg. Setting write mode to NO_CHANGE 
INFO: [Synth 8-5775] Found 'rw_addr_collision' attribute set to 'no' on SDP RAM gen_wr_a.gen_word_wide.mem_reg. Setting write mode to NO_CHANGE 
INFO: [Synth 8-5587] ROM size for "p_0_out" is below threshold of ROM address width. It will be mapped to LUTs
INFO: [Synth 8-5587] ROM size for "p_0_out" is below threshold of ROM address width. It will be mapped to LUTs
INFO: [Synth 8-5544] ROM "glottal_wave" won't be mapped to Block RAM because address size (4) smaller than threshold (5)
DSP Report: Generating DSP mac_product_return0, operation Mode is: A2*B2.
DSP Report: register mac_coeff_q_reg is absorbed into DSP mac_product_return0.
DSP Report: register mac_sample_q_reg is absorbed into DSP mac_product_return0.
DSP Report: operator mac_product_return0 is absorbed into DSP mac_product_return0.
INFO: [Synth 8-3886] merging instance 'synth_noise_source_q_reg[0]' (FDRE) to 'synth_noise_source_q_reg[1]'
INFO: [Synth 8-3886] merging instance 'synth_noise_source_q_reg[1]' (FDRE) to 'synth_noise_source_q_reg[2]'
INFO: [Synth 8-3886] merging instance 'synth_noise_source_q_reg[2]' (FDRE) to 'synth_noise_source_q_reg[3]'
INFO: [Synth 8-3886] merging instance 'synth_noise_source_q_reg[3]' (FDRE) to 'synth_noise_source_q_reg[4]'
INFO: [Synth 8-3886] merging instance 'synth_noise_source_q_reg[4]' (FDRE) to 'synth_noise_source_q_reg[5]'
INFO: [Synth 8-3886] merging instance 'synth_noise_source_q_reg[5]' (FDRE) to 'synth_noise_source_q_reg[6]'
INFO: [Synth 8-3886] merging instance 'synth_noise_source_q_reg[6]' (FDRE) to 'synth_noise_source_q_reg[7]'
INFO: [Synth 8-3886] merging instance 'synth_noise_source_q_reg[7]' (FDRE) to 'synth_noise_source_q_reg[8]'
INFO: [Synth 8-3886] merging instance 'synth_noise_source_q_reg[8]' (FDRE) to 'synth_noise_source_q_reg[9]'
INFO: [Synth 8-3886] merging instance 'synth_noise_source_q_reg[9]' (FDRE) to 'synth_noise_source_q_reg[10]'
INFO: [Synth 8-3886] merging instance 'synth_noise_source_q_reg[10]' (FDRE) to 'synth_noise_source_q_reg[11]'
INFO: [Synth 8-3886] merging instance 'synth_noise_source_q_reg[11]' (FDRE) to 'synth_noise_source_q_reg[12]'
INFO: [Synth 8-3333] propagating constant 0 across sequential element (\synth_noise_source_q_reg[12] )
INFO: [Synth 8-3886] merging instance 'synth_noise_source_q_reg[14]' (FDRE) to 'synth_noise_source_q_reg[15]'
INFO: [Synth 8-3886] merging instance 'synth_voice_source_q_reg[2]' (FDRE) to 'synth_voice_source_q_reg[5]'
INFO: [Synth 8-3886] merging instance 'synth_voice_source_q_reg[3]' (FDRE) to 'synth_voice_source_q_reg[6]'
INFO: [Synth 8-3886] merging instance 'synth_voice_source_q_reg[4]' (FDRE) to 'synth_voice_source_q_reg[7]'
INFO: [Synth 8-3886] merging instance 'synth_voice_source_q_reg[5]' (FDRE) to 'synth_voice_source_q_reg[8]'
INFO: [Synth 8-3886] merging instance 'synth_voice_source_q_reg[6]' (FDRE) to 'synth_voice_source_q_reg[9]'
INFO: [Synth 8-3886] merging instance 'synth_voice_source_q_reg[7]' (FDRE) to 'synth_voice_source_q_reg[10]'
INFO: [Synth 8-3886] merging instance 'synth_voice_source_q_reg[8]' (FDRE) to 'synth_voice_source_q_reg[11]'
INFO: [Synth 8-3886] merging instance 'synth_voice_source_q_reg[9]' (FDRE) to 'synth_voice_source_q_reg[12]'
INFO: [Synth 8-3886] merging instance 'synth_f2n_in_q_reg[0]' (FDE) to 'synth_f2n_in_q_reg[1]'
INFO: [Synth 8-3886] merging instance 'synth_noise_input_q_reg[0]' (FDE) to 'synth_noise_input_q_reg[1]'
INFO: [Synth 8-3886] merging instance 'synth_f2n_in_q_reg[1]' (FDE) to 'synth_f2n_in_q_reg[2]'
INFO: [Synth 8-3886] merging instance 'synth_noise_input_q_reg[1]' (FDE) to 'synth_noise_input_q_reg[2]'
INFO: [Synth 8-3886] merging instance 'synth_noise_input_q_reg[2]' (FDE) to 'synth_noise_input_q_reg[3]'
INFO: [Synth 8-3886] merging instance 'synth_noise_input_q_reg[3]' (FDE) to 'synth_noise_input_q_reg[4]'
INFO: [Synth 8-3886] merging instance 'synth_noise_input_q_reg[4]' (FDE) to 'synth_noise_input_q_reg[5]'
INFO: [Synth 8-3886] merging instance 'mac_product_q_reg[39]' (FDE) to 'mac_product_q_reg[40]'
INFO: [Synth 8-3886] merging instance 'mac_product_q_reg[40]' (FDE) to 'mac_product_q_reg[41]'
INFO: [Synth 8-3886] merging instance 'mac_product_q_reg[41]' (FDE) to 'mac_product_q_reg[42]'
INFO: [Synth 8-3886] merging instance 'mac_product_q_reg[42]' (FDE) to 'mac_product_q_reg[43]'
INFO: [Synth 8-3886] merging instance 'mac_product_q_reg[43]' (FDE) to 'mac_product_q_reg[44]'
INFO: [Synth 8-3886] merging instance 'mac_product_q_reg[44]' (FDE) to 'mac_product_q_reg[45]'
INFO: [Synth 8-3886] merging instance 'mac_product_q_reg[45]' (FDE) to 'mac_product_q_reg[46]'
INFO: [Synth 8-3886] merging instance 'mac_product_q_reg[46]' (FDE) to 'mac_product_q_reg[47]'
INFO: [Synth 8-3886] merging instance 'synth_bypass_high_q_reg[24]' (FDE) to 'synth_bypass_high_q_reg[25]'
INFO: [Synth 8-3886] merging instance 'synth_bypass_high_q_reg[25]' (FDE) to 'synth_bypass_high_q_reg[27]'
INFO: [Synth 8-3886] merging instance 'synth_bypass_high_q_reg[27]' (FDE) to 'synth_bypass_high_q_reg[26]'
INFO: [Synth 8-3886] merging instance 'synth_bypass_low_q_reg[23]' (FDE) to 'synth_bypass_low_q_reg[24]'
INFO: [Synth 8-3886] merging instance 'synth_bypass_low_q_reg[24]' (FDE) to 'synth_bypass_low_q_reg[25]'
INFO: [Synth 8-3886] merging instance 'synth_bypass_low_q_reg[25]' (FDE) to 'synth_bypass_low_q_reg[26]'
INFO: [Synth 8-3886] merging instance 'synth_bypass_low_q_reg[26]' (FDE) to 'synth_bypass_low_q_reg[27]'
INFO: [Synth 8-3886] merging instance 'f2n_x1_q_reg[0]' (FDE) to 'f2n_x1_q_reg[1]'
INFO: [Synth 8-3886] merging instance 'fn_x1_q_reg[0]' (FDE) to 'fn_x1_q_reg[1]'
INFO: [Synth 8-3886] merging instance 'f2n_x1_q_reg[1]' (FDE) to 'f2n_x1_q_reg[2]'
INFO: [Synth 8-3886] merging instance 'fn_x1_q_reg[1]' (FDE) to 'fn_x1_q_reg[2]'
INFO: [Synth 8-3886] merging instance 'fn_x1_q_reg[2]' (FDE) to 'fn_x1_q_reg[3]'
INFO: [Synth 8-3886] merging instance 'fn_x1_q_reg[3]' (FDE) to 'fn_x1_q_reg[4]'
INFO: [Synth 8-3886] merging instance 'fn_x1_q_reg[4]' (FDE) to 'fn_x1_q_reg[5]'
INFO: [Synth 8-3886] merging instance 'synth_noise_input_q_reg[5]' (FDE) to 'synth_noise_input_q_reg[6]'
INFO: [Synth 8-3886] merging instance 'synth_noise_input_q_reg[6]' (FDE) to 'synth_noise_input_q_reg[7]'
INFO: [Synth 8-3886] merging instance 'synth_noise_input_q_reg[7]' (FDE) to 'synth_noise_input_q_reg[8]'
INFO: [Synth 8-3886] merging instance 'synth_noise_input_q_reg[8]' (FDE) to 'synth_noise_input_q_reg[9]'
INFO: [Synth 8-3886] merging instance 'synth_noise_input_q_reg[9]' (FDE) to 'synth_noise_input_q_reg[10]'
INFO: [Synth 8-3886] merging instance 'synth_noise_input_q_reg[10]' (FDE) to 'synth_noise_input_q_reg[11]'
INFO: [Synth 8-3886] merging instance 'synth_noise_input_q_reg[11]' (FDE) to 'synth_noise_input_q_reg[12]'
INFO: [Synth 8-3886] merging instance 'synth_noise_input_q_reg[12]' (FDE) to 'synth_noise_input_q_reg[13]'
INFO: [Synth 8-3886] merging instance 'synth_noise_input_q_reg[13]' (FDE) to 'synth_noise_input_q_reg[14]'
INFO: [Synth 8-3886] merging instance 'f2n_x2_q_reg[0]' (FDE) to 'f2n_x2_q_reg[1]'
INFO: [Synth 8-3886] merging instance 'fn_x2_q_reg[0]' (FDE) to 'fn_x2_q_reg[1]'
INFO: [Synth 8-3886] merging instance 'f2n_x2_q_reg[1]' (FDE) to 'f2n_x2_q_reg[2]'
INFO: [Synth 8-3886] merging instance 'fn_x2_q_reg[1]' (FDE) to 'fn_x2_q_reg[2]'
INFO: [Synth 8-3886] merging instance 'fn_x2_q_reg[2]' (FDE) to 'fn_x2_q_reg[3]'
INFO: [Synth 8-3886] merging instance 'fn_x2_q_reg[3]' (FDE) to 'fn_x2_q_reg[4]'
INFO: [Synth 8-3886] merging instance 'fn_x2_q_reg[4]' (FDE) to 'fn_x2_q_reg[5]'
INFO: [Synth 8-3886] merging instance 'fn_x1_q_reg[5]' (FDE) to 'fn_x1_q_reg[6]'
INFO: [Synth 8-3886] merging instance 'fn_x1_q_reg[6]' (FDE) to 'fn_x1_q_reg[7]'
INFO: [Synth 8-3886] merging instance 'fn_x1_q_reg[7]' (FDE) to 'fn_x1_q_reg[8]'
INFO: [Synth 8-3886] merging instance 'fn_x1_q_reg[8]' (FDE) to 'fn_x1_q_reg[9]'
INFO: [Synth 8-3886] merging instance 'fn_x1_q_reg[9]' (FDE) to 'fn_x1_q_reg[10]'
INFO: [Synth 8-3886] merging instance 'fn_x1_q_reg[10]' (FDE) to 'fn_x1_q_reg[11]'
INFO: [Synth 8-3886] merging instance 'fn_x1_q_reg[11]' (FDE) to 'fn_x1_q_reg[12]'
INFO: [Synth 8-3886] merging instance 'fn_x1_q_reg[12]' (FDE) to 'fn_x1_q_reg[13]'
INFO: [Synth 8-3886] merging instance 'fn_x1_q_reg[13]' (FDE) to 'fn_x1_q_reg[14]'
INFO: [Synth 8-3886] merging instance 'f2n_x3_q_reg[0]' (FDE) to 'f2n_x3_q_reg[1]'
INFO: [Synth 8-3886] merging instance 'f2n_x3_q_reg[1]' (FDE) to 'f2n_x3_q_reg[2]'
INFO: [Synth 8-3886] merging instance 'fn_x2_q_reg[5]' (FDE) to 'fn_x2_q_reg[6]'
INFO: [Synth 8-3886] merging instance 'fn_x2_q_reg[6]' (FDE) to 'fn_x2_q_reg[7]'
INFO: [Synth 8-3886] merging instance 'fn_x2_q_reg[7]' (FDE) to 'fn_x2_q_reg[8]'
INFO: [Synth 8-3886] merging instance 'fn_x2_q_reg[8]' (FDE) to 'fn_x2_q_reg[9]'
INFO: [Synth 8-3886] merging instance 'fn_x2_q_reg[9]' (FDE) to 'fn_x2_q_reg[10]'
INFO: [Synth 8-3886] merging instance 'fn_x2_q_reg[10]' (FDE) to 'fn_x2_q_reg[11]'
INFO: [Synth 8-3886] merging instance 'fn_x2_q_reg[11]' (FDE) to 'fn_x2_q_reg[12]'
INFO: [Synth 8-3886] merging instance 'fn_x2_q_reg[12]' (FDE) to 'fn_x2_q_reg[13]'
INFO: [Synth 8-3886] merging instance 'fn_x2_q_reg[13]' (FDE) to 'fn_x2_q_reg[14]'
INFO: [Synth 8-5546] ROM "ss_text" won't be mapped to RAM because it is too sparse
INFO: [Synth 8-5546] ROM "ss_mixed" won't be mapped to RAM because it is too sparse
INFO: [Synth 8-5546] ROM "ss_dhires" won't be mapped to RAM because it is too sparse
INFO: [Synth 8-5546] ROM "ss_text" won't be mapped to RAM because it is too sparse
INFO: [Synth 8-5546] ROM "ss_mixed" won't be mapped to RAM because it is too sparse
INFO: [Synth 8-5546] ROM "ss_dhires" won't be mapped to RAM because it is too sparse
INFO: [Synth 8-5546] ROM "s_q" won't be mapped to RAM because it is too sparse
INFO: [Synth 8-5587] ROM size for "a_q" is below threshold of ROM address width. It will be mapped to LUTs
INFO: [Synth 8-5546] ROM "x_q" won't be mapped to RAM because it is too sparse
INFO: [Synth 8-5546] ROM "y_q" won't be mapped to RAM because it is too sparse
INFO: [Synth 8-5546] ROM "kind_for_op" won't be mapped to RAM because it is too sparse
INFO: [Synth 8-5546] ROM "s_q" won't be mapped to RAM because it is too sparse
INFO: [Synth 8-5587] ROM size for "a_q" is below threshold of ROM address width. It will be mapped to LUTs
INFO: [Synth 8-5546] ROM "x_q" won't be mapped to RAM because it is too sparse
INFO: [Synth 8-5546] ROM "y_q" won't be mapped to RAM because it is too sparse
INFO: [Synth 8-5546] ROM "kind_for_op" won't be mapped to RAM because it is too sparse
INFO: [Synth 8-5546] ROM "d" won't be mapped to RAM because it is too sparse
INFO: [Synth 8-5546] ROM "ss_text" won't be mapped to RAM because it is too sparse
INFO: [Synth 8-5546] ROM "ss_mixed" won't be mapped to RAM because it is too sparse
INFO: [Synth 8-5546] ROM "ss_dhires" won't be mapped to RAM because it is too sparse
INFO: [Synth 8-5546] ROM "ss_text" won't be mapped to RAM because it is too sparse
INFO: [Synth 8-5546] ROM "ss_mixed" won't be mapped to RAM because it is too sparse
INFO: [Synth 8-5546] ROM "ss_dhires" won't be mapped to RAM because it is too sparse
INFO: [Synth 8-5546] ROM "vtw_arm_go_pulse_q" won't be mapped to RAM because it is too sparse
INFO: [Synth 8-5546] ROM "vtw_sh_wdata_q" won't be mapped to RAM because it is too sparse
INFO: [Synth 8-5546] ROM "ramworks_en_q" won't be mapped to RAM because it is too sparse
INFO: [Synth 8-5546] ROM "machine_mode_q" won't be mapped to RAM because it is too sparse
INFO: [Synth 8-5546] ROM "vtw_arm_go_pulse_q" won't be mapped to RAM because it is too sparse
INFO: [Synth 8-5546] ROM "vtw_sh_wdata_q" won't be mapped to RAM because it is too sparse
INFO: [Synth 8-5546] ROM "ramworks_en_q" won't be mapped to RAM because it is too sparse
INFO: [Synth 8-5546] ROM "machine_mode_q" won't be mapped to RAM because it is too sparse
INFO: [Common 17-14] Message 'Synth 8-7129' appears 100 times and further instances of the messages will be disabled. Use the Tcl command set_msg_config to change the current settings.
INFO: [Synth 8-5775] Found 'rw_addr_collision' attribute set to 'no' on SDP RAM gen_wr_a.gen_word_narrow.mem_reg. Setting write mode to NO_CHANGE 
INFO: [Synth 8-5775] Found 'rw_addr_collision' attribute set to 'no' on SDP RAM gen_wr_a.gen_word_narrow.mem_reg. Setting write mode to NO_CHANGE 
INFO: [Synth 8-5775] Found 'rw_addr_collision' attribute set to 'no' on SDP RAM gen_wr_a.gen_word_narrow.mem_reg. Setting write mode to NO_CHANGE 
INFO: [Synth 8-5775] Found 'rw_addr_collision' attribute set to 'no' on SDP RAM gen_wr_a.gen_word_narrow.mem_reg. Setting write mode to NO_CHANGE 
INFO: [Synth 8-5775] Found 'rw_addr_collision' attribute set to 'no' on SDP RAM gen_wr_a.gen_word_narrow.mem_reg. Setting write mode to NO_CHANGE 
INFO: [Synth 8-5775] Found 'rw_addr_collision' attribute set to 'no' on SDP RAM gen_wr_a.gen_word_narrow.mem_reg. Setting write mode to NO_CHANGE 
INFO: [Synth 8-4652] Swapped enable and write-enable on 8 RAM instances of RAM gen_wr_a.gen_word_narrow.mem_reg to conserve power
INFO: [Synth 8-5775] Found 'rw_addr_collision' attribute set to 'no' on SDP RAM gen_wr_a.gen_word_narrow.mem_reg. Setting write mode to NO_CHANGE 
INFO: [Synth 8-5775] Found 'rw_addr_collision' attribute set to 'no' on SDP RAM gen_wr_a.gen_word_narrow.mem_reg. Setting write mode to NO_CHANGE 
INFO: [Synth 8-5775] Found 'rw_addr_collision' attribute set to 'no' on SDP RAM gen_wr_a.gen_word_narrow.mem_reg. Setting write mode to NO_CHANGE 
INFO: [Synth 8-5775] Found 'rw_addr_collision' attribute set to 'no' on SDP RAM gen_wr_a.gen_word_narrow.mem_reg. Setting write mode to NO_CHANGE 
INFO: [Synth 8-5775] Found 'rw_addr_collision' attribute set to 'no' on SDP RAM gen_wr_a.gen_word_narrow.mem_reg. Setting write mode to NO_CHANGE 
INFO: [Synth 8-5775] Found 'rw_addr_collision' attribute set to 'no' on SDP RAM gen_wr_a.gen_word_narrow.mem_reg. Setting write mode to NO_CHANGE 
INFO: [Synth 8-4652] Swapped enable and write-enable on 8 RAM instances of RAM gen_wr_a.gen_word_narrow.mem_reg to conserve power
INFO: [Synth 8-3971] The signal "vtw_core_top_i/shadow_i/mem_main_reg" was recognized as a true dual port RAM template.
INFO: [Synth 8-3971] The signal "vtw_core_top_i/shadow_i/mem_aux_reg" was recognized as a true dual port RAM template.
INFO: [Synth 8-5775] Found 'rw_addr_collision' attribute set to 'no' on SDP RAM gen_wr_a.gen_word_narrow.mem_reg. Setting write mode to NO_CHANGE 
INFO: [Synth 8-5775] Found 'rw_addr_collision' attribute set to 'no' on SDP RAM gen_wr_a.gen_word_narrow.mem_reg. Setting write mode to NO_CHANGE 
INFO: [Synth 8-5775] Found 'rw_addr_collision' attribute set to 'no' on SDP RAM gen_wr_a.gen_word_narrow.mem_reg. Setting write mode to NO_CHANGE 
INFO: [Synth 8-5775] Found 'rw_addr_collision' attribute set to 'no' on SDP RAM gen_wr_a.gen_word_narrow.mem_reg. Setting write mode to NO_CHANGE 
INFO: [Synth 8-5775] Found 'rw_addr_collision' attribute set to 'no' on SDP RAM gen_wr_a.gen_word_narrow.mem_reg. Setting write mode to NO_CHANGE 
INFO: [Synth 8-5775] Found 'rw_addr_collision' attribute set to 'no' on SDP RAM gen_wr_a.gen_word_narrow.mem_reg. Setting write mode to NO_CHANGE 
INFO: [Synth 8-3886] merging instance 'vtw_core_top_i/engine_i/post_rptr_q_reg_rep[7]' (FDRE) to 'vtw_core_top_i/engine_i/post_rptr_q_reg[7]'
INFO: [Synth 8-3886] merging instance 'vtw_core_top_i/engine_i/post_rptr_q_reg_rep[6]' (FDRE) to 'vtw_core_top_i/engine_i/post_rptr_q_reg[6]'
INFO: [Synth 8-3886] merging instance 'vtw_core_top_i/engine_i/post_rptr_q_reg_rep[5]' (FDRE) to 'vtw_core_top_i/engine_i/post_rptr_q_reg[5]'
INFO: [Synth 8-3886] merging instance 'vtw_core_top_i/engine_i/post_rptr_q_reg_rep[4]' (FDRE) to 'vtw_core_top_i/engine_i/post_rptr_q_reg[4]'
INFO: [Synth 8-3886] merging instance 'vtw_core_top_i/engine_i/post_rptr_q_reg_rep[3]' (FDRE) to 'vtw_core_top_i/engine_i/post_rptr_q_reg[3]'
INFO: [Synth 8-3886] merging instance 'vtw_core_top_i/engine_i/post_rptr_q_reg_rep[2]' (FDRE) to 'vtw_core_top_i/engine_i/post_rptr_q_reg[2]'
INFO: [Synth 8-3886] merging instance 'vtw_core_top_i/engine_i/post_rptr_q_reg_rep[1]' (FDRE) to 'vtw_core_top_i/engine_i/post_rptr_q_reg[1]'
INFO: [Synth 8-3886] merging instance 'vtw_core_top_i/engine_i/post_rptr_q_reg_rep[0]' (FDRE) to 'vtw_core_top_i/engine_i/post_rptr_q_reg[0]'
INFO: [Synth 8-3886] merging instance 'vtw_core_top_i/engine_i/post_rptr_q_reg_rep[8]' (FDRE) to 'vtw_core_top_i/engine_i/post_rptr_q_reg[8]'
INFO: [Synth 8-3886] merging instance 'apple_cycle_capture_i/pending_record_q_reg[record_kind][2]' (FDRE) to 'apple_cycle_capture_i/pending_record_q_reg[record_kind][1]'
INFO: [Synth 8-3886] merging instance 'apple_cycle_capture_i/pending_record_q_reg[record_kind][1]' (FDRE) to 'apple_cycle_capture_i/pending_record_q_reg[record_kind][0]'
INFO: [Synth 8-3333] propagating constant 0 across sequential element (apple_cycle_capture_i/\pending_record_q_reg[record_kind][0] )
INFO: [Synth 8-3333] propagating constant 1 across sequential element (vtw_core_top_i/core_i/so_last_q_reg)
INFO: [Synth 8-3886] merging instance 'supersprite_card_i/ssp_psg/noise_gen_op_reg[0]' (FDSE) to 'supersprite_card_i/ssp_psg/noise_gen_op_reg[1]'
INFO: [Synth 8-3886] merging instance 'supersprite_card_i/ssp_psg/noise_gen_op_reg[2]' (FDSE) to 'supersprite_card_i/ssp_psg/noise_gen_op_reg[1]'
INFO: [Synth 8-3886] merging instance 'supersprite_card_i/ssp_psg/A_reg[5]' (FD) to 'supersprite_card_i/ssp_psg/B_reg[5]'
INFO: [Common 17-14] Message 'Synth 8-3886' appears 100 times and further instances of the messages will be disabled. Use the Tcl command set_msg_config to change the current settings.
INFO: [Synth 8-3333] propagating constant 0 across sequential element (vtw_core_top_i/core_i/\vector_q_reg[0] )
INFO: [Synth 8-3333] propagating constant 1 across sequential element (vtw_core_top_i/core_i/\vector_q_reg[8] )
INFO: [Synth 8-3333] propagating constant 0 across sequential element (vtw_core_top_i/core_i/\mode_q_reg[4] )
INFO: [Synth 8-3333] propagating constant 0 across sequential element (vtw_core_top_i/\rw_req_addr_q_reg[2] )
INFO: [Synth 8-3333] propagating constant 0 across sequential element (supersprite_card_i/\ssp_audio_q_reg[15] )
INFO: [Synth 8-3333] propagating constant 0 across sequential element (supersprite_card_i/\ab_write_q_reg[wr_addr][15] )
INFO: [Synth 8-3333] propagating constant 1 across sequential element (\card_slot_enable_mask_q_reg[7] )
INFO: [Synth 8-3333] propagating constant 0 across sequential element (vtw_core_top_i/engine_i/\dbg_c0_ring_q_reg[0][15] )
INFO: [Synth 8-3333] propagating constant 0 across sequential element (\card_slot_enable_mask_q_reg[31] )
INFO: [Synth 8-3333] propagating constant 0 across sequential element (vtw_core_top_i/engine_i/\dbg_c0_ring_q_reg[0][15] )
INFO: [Synth 8-3333] propagating constant 0 across sequential element (vtw_core_top_i/engine_i/\dbg_c0_ring_q_reg[0][15] )
INFO: [Synth 8-3333] propagating constant 0 across sequential element (vtw_core_top_i/engine_i/\dbg_c0_ring_q_reg[0][15] )
INFO: [Synth 8-3333] propagating constant 0 across sequential element (vtw_core_top_i/engine_i/\dbg_c0_ring_q_reg[0][15] )
INFO: [Synth 8-3333] propagating constant 0 across sequential element (vtw_core_top_i/engine_i/\dbg_c0_ring_q_reg[0][15] )
INFO: [Synth 8-3333] propagating constant 0 across sequential element (vtw_core_top_i/engine_i/\dbg_c0_ring_q_reg[0][15] )
INFO: [Synth 8-3333] propagating constant 0 across sequential element (vtw_core_top_i/engine_i/\dbg_c0_ring_q_reg[0][15] )
INFO: [Synth 8-3333] propagating constant 0 across sequential element (apple_cycle_capture_i/\pending_record_q_reg[addr_decode][23] )
INFO: [Synth 8-3333] propagating constant 0 across sequential element (ssm/\ss_io_select_reg[0] )
INFO: [Synth 8-5544] ROM "p_1_in1" won't be mapped to Block RAM because address size (4) smaller than threshold (5)
INFO: [Synth 8-5544] ROM "p_1_in1" won't be mapped to Block RAM because address size (4) smaller than threshold (5)
INFO: [Synth 8-3333] propagating constant 0 across sequential element (\psram_driver_i/sh_oe_tape_reg[0] )
INFO: [Synth 8-3333] propagating constant 0 across sequential element (psram_simple_i/\rmw_line_q_reg[2] )
INFO: [Synth 8-3333] propagating constant 0 across sequential element (psram_simple_i/\dbg_miss_ctx_reg[23] )
INFO: [Synth 8-3333] propagating constant 0 across sequential element (psram_simple_i/\ab_write_reg[wr_addr][15] )
INFO: [Synth 8-3333] propagating constant 0 across sequential element (\psram_driver_i/sh_oe_tape_reg[1] )
INFO: [Synth 8-3333] propagating constant 0 across sequential element (psram_simple_i/\psram_addr_reg[2] )
INFO: [Synth 8-3333] propagating constant 0 across sequential element (\psram_driver_i/sh_oe_tape_reg[2] )
INFO: [Synth 8-3333] propagating constant 0 across sequential element (\psram_driver_i/addr_q_reg[2] )
INFO: [Synth 8-3333] propagating constant 0 across sequential element (\psram_driver_i/sh_oe_tape_reg[3] )
INFO: [Synth 8-3333] propagating constant 0 across sequential element (\psram_driver_i/sh_oe_tape_reg[4] )
INFO: [Synth 8-3333] propagating constant 0 across sequential element (\psram_driver_i/sh_oe_tape_reg[5] )
INFO: [Synth 8-3333] propagating constant 0 across sequential element (\psram_driver_i/sh_oe_tape_reg[6] )
INFO: [Synth 8-3333] propagating constant 0 across sequential element (\psram_driver_i/sh_oe_tape_reg[7] )
INFO: [Synth 8-3333] propagating constant 0 across sequential element (\psram_driver_i/sh_oe_tape_reg[8] )
INFO: [Synth 8-3333] propagating constant 0 across sequential element (\psram_driver_i/sh_oe_tape_reg[9] )
INFO: [Synth 8-3333] propagating constant 0 across sequential element (\psram_driver_i/sh_oe_tape_reg[10] )
INFO: [Synth 8-3333] propagating constant 0 across sequential element (\psram_driver_i/sh_oe_tape_reg[11] )
INFO: [Synth 8-3333] propagating constant 0 across sequential element (\psram_driver_i/sh_oe_tape_reg[12] )
INFO: [Synth 8-3333] propagating constant 0 across sequential element (\psram_driver_i/sh_oe_tape_reg[13] )
INFO: [Synth 8-3333] propagating constant 0 across sequential element (\psram_driver_i/sh_oe_tape_reg[14] )
INFO: [Synth 8-3333] propagating constant 0 across sequential element (\psram_driver_i/sh_oe_tape_reg[15] )
INFO: [Synth 8-5544] ROM "phys_addr_q" won't be mapped to Block RAM because address size (3) smaller than threshold (5)
INFO: [Synth 8-5546] ROM "nsc_time_bcd_q" won't be mapped to RAM because it is too sparse
INFO: [Synth 8-5546] ROM "nsc_time_bcd_q" won't be mapped to RAM because it is too sparse
INFO: [Synth 8-3333] propagating constant 0 across sequential element (no_slot_clock_i/\pattern_q_reg[63] )
INFO: [Synth 8-3333] propagating constant 0 across sequential element (uthernet2_card_i/\host_pending_addr_q_reg[15] )
INFO: [Common 17-14] Message 'Synth 8-3886' appears 100 times and further instances of the messages will be disabled. Use the Tcl command set_msg_config to change the current settings.
INFO: [Synth 8-3333] propagating constant 0 across sequential element (uthernet2_card_i/\mode_q_reg[7] )
INFO: [Synth 8-3333] propagating constant 0 across sequential element (no_slot_clock_i/\ab_write_q_reg[wr_rw] )
INFO: [Synth 8-3333] propagating constant 0 across sequential element (boot_menu_card_i/\ab_write_q_reg[wr_rw] )
INFO: [Synth 8-3333] propagating constant 0 across sequential element (smartport_card_i/\ab_write_q_reg[wr_rw] )
INFO: [Synth 8-3333] propagating constant 0 across sequential element (uthernet2_card_i/\ab_write_q_reg[wr_rw] )
INFO: [Synth 8-3333] propagating constant 0 across sequential element (applicard_card_i/\ab_write_q_reg[wr_rw] )
INFO: [Synth 8-3333] propagating constant 0 across sequential element (mouse_card_i/\ab_write_q_reg[wr_rw] )
INFO: [Synth 8-3333] propagating constant 0 across sequential element (smartport_card_i/\vtw_ctrl_snap_q_reg[6] )
INFO: [Synth 8-3333] propagating constant 0 across sequential element (boot_menu_card_i/\slot7_mode_q_reg[1] )
INFO: [Synth 8-3333] propagating constant 0 across sequential element (uthernet2_card_i/\access_addr_q_reg[15] )
INFO: [Synth 8-5544] ROM "disk2_sound_length" won't be mapped to Block RAM because address size (3) smaller than threshold (5)
INFO: [Synth 8-5544] ROM "disk2_sound_offset" won't be mapped to Block RAM because address size (3) smaller than threshold (5)
INFO: [Synth 8-5544] ROM "disk2_volume_scale_coeff" won't be mapped to Block RAM because address size (4) smaller than threshold (5)
DSP Report: Generating DSP volume_product_q_reg, operation Mode is: (A2*B)'.
DSP Report: register mix_q_reg is absorbed into DSP volume_product_q_reg.
DSP Report: register volume_product_q_reg is absorbed into DSP volume_product_q_reg.
DSP Report: operator volume_product_return is absorbed into DSP volume_product_q_reg.
INFO: [Synth 8-5544] ROM "line_with_byte" won't be mapped to Block RAM because address size (3) smaller than threshold (5)
DSP Report: Generating DSP woz_weak_lcg_lo_q_reg, operation Mode is: ((A:0x343fd)*B)'.
DSP Report: register woz_weak_lcg_lo_q_reg is absorbed into DSP woz_weak_lcg_lo_q_reg.
DSP Report: operator woz_weak_lcg_lo_q0 is absorbed into DSP woz_weak_lcg_lo_q_reg.
DSP Report: Generating DSP woz_weak_lcg_hi_q_reg, operation Mode is: (A*(B:0x43fd))'.
DSP Report: register woz_weak_lcg_hi_q_reg is absorbed into DSP woz_weak_lcg_hi_q_reg.
DSP Report: operator woz_weak_lcg_hi_q0 is absorbed into DSP woz_weak_lcg_hi_q_reg.
DSP Report: Generating DSP woz_weak_next_rand_q0, operation Mode is: PCIN+A:B+(C:0x269ec3).
DSP Report: operator woz_weak_next_rand_q0 is absorbed into DSP woz_weak_next_rand_q0.
INFO: [Common 17-14] Message 'Synth 8-7129' appears 100 times and further instances of the messages will be disabled. Use the Tcl command set_msg_config to change the current settings.
INFO: [Synth 8-3333] propagating constant 0 across sequential element (\disk2_sound_player_i/event_pos_full_length_q_reg[16] )
INFO: [Common 17-14] Message 'Synth 8-3886' appears 100 times and further instances of the messages will be disabled. Use the Tcl command set_msg_config to change the current settings.
INFO: [Synth 8-3333] propagating constant 0 across sequential element (\disk2_sound_player_i/event_calc_start_offset_q_reg[17] )
INFO: [Synth 8-3333] propagating constant 0 across sequential element (disk2_card_i/\psram_base_q_reg[2] )
INFO: [Synth 8-3333] propagating constant 0 across sequential element (disk2_card_i/\ab_write_q_reg[wr_addr][15] )
INFO: [Synth 8-3333] propagating constant 0 across sequential element (\disk2_sound_player_i/sample_fetcher_i/beat_addr_q_reg[2] )
INFO: [Synth 8-3333] propagating constant 0 across sequential element (\disk2_sound_player_i/event_calc_full_length_q_reg[16] )
---------------------------------------------------------------------------------
Finished Cross Boundary and Area Optimization : Time (s): cpu = 00:01:43 ; elapsed = 00:01:46 . Memory (MB): peak = 1971.258 ; gain = 1394.344
---------------------------------------------------------------------------------
 Sort Area is ssi263_formant_backend__GBM0 mac_product_return0_0 : 0 0 : 2718 2718 : Used 2 time 0
 Sort Area is apple_top__GCB4 woz_weak_lcg_lo_q_reg_4 : 0 0 : 1349 1518 : Used 1 time 0
 Sort Area is apple_top__GCB4 woz_weak_lcg_lo_q_reg_4 : 0 1 : 169 1518 : Used 1 time 0
 Sort Area is apple_top__GCB4 volume_product_q_reg_0 : 0 0 : 1278 1278 : Used 1 time 0
 Sort Area is apple_top__GCB4 woz_weak_lcg_hi_q_reg_2 : 0 0 : 980 980 : Used 1 time 0
INFO: [Synth 8-5775] Found 'rw_addr_collision' attribute set to 'no' on SDP RAM gen_wr_a.gen_word_narrow.mem_reg. Setting write mode to NO_CHANGE 
INFO: [Synth 8-5775] Found 'rw_addr_collision' attribute set to 'no' on SDP RAM gen_wr_a.gen_word_narrow.mem_reg. Setting write mode to NO_CHANGE 
INFO: [Synth 8-5775] Found 'rw_addr_collision' attribute set to 'no' on SDP RAM gen_wr_a.gen_word_wide.mem_reg. Setting write mode to NO_CHANGE 
INFO: [Synth 8-5775] Found 'rw_addr_collision' attribute set to 'no' on SDP RAM gen_wr_a.gen_word_narrow.mem_reg. Setting write mode to NO_CHANGE 
INFO: [Synth 8-5775] Found 'rw_addr_collision' attribute set to 'no' on SDP RAM gen_wr_a.gen_word_narrow.mem_reg. Setting write mode to NO_CHANGE 
INFO: [Synth 8-5775] Found 'rw_addr_collision' attribute set to 'no' on SDP RAM gen_wr_a.gen_word_wide.mem_reg. Setting write mode to NO_CHANGE 
INFO: [Synth 8-5775] Found 'rw_addr_collision' attribute set to 'no' on SDP RAM gen_wr_a.gen_word_narrow.mem_reg. Setting write mode to NO_CHANGE 
INFO: [Synth 8-5775] Found 'rw_addr_collision' attribute set to 'no' on SDP RAM gen_wr_a.gen_word_narrow.mem_reg. Setting write mode to NO_CHANGE 
INFO: [Synth 8-5775] Found 'rw_addr_collision' attribute set to 'no' on SDP RAM gen_wr_a.gen_word_wide.mem_reg. Setting write mode to NO_CHANGE 
---------------------------------------------------------------------------------
Start ROM, RAM, DSP, Shift Register and Retiming Reporting
---------------------------------------------------------------------------------

ROM: Preliminary Mapping Report
+-----------------------+----------------------------------+---------------+----------------+
|Module Name            | RTL Object                       | Depth x Width | Implemented As | 
+-----------------------+----------------------------------+---------------+----------------+
|sc01a_digital_core     | sc01a_word_by_phone              | 64x48         | LUT            | 
|ssi263_formant_backend | sc01a_f1_coeff                   | 128x12        | LUT            | 
|ssi263_formant_backend | sc01a_f2_coeff                   | 4096x16       | LUT            | 
|ssi263_formant_backend | sc01a_f3_coeff                   | 128x15        | LUT            | 
|ssi263_formant_backend | ssi263_to_sc01_phone             | 64x6          | LUT            | 
|ssi263_bus_wrapper     | votrax_to_ssi263                 | 64x6          | LUT            | 
|ssi263_bus_wrapper     | ssi263_to_sc01_phone0            | 64x6          | LUT            | 
|ssi263_bus_wrapper     | ssi263_to_sc01_phone0            | 64x6          | LUT            | 
|YM2149                 | volTable                         | 64x8          | LUT            | 
|YM2149                 | volTable                         | 64x8          | LUT            | 
|YM2149                 | volTable                         | 64x8          | LUT            | 
|mouse_card             | slot_rom                         | 256x8         | LUT            | 
|disk2_card             | slot_rom                         | 256x8         | LUT            | 
|disk2_sound_player     | disk2_sound_seek_position_offset | 256x15        | LUT            | 
|disk2_sound_player     | disk2_sound_seek_position_offset | 256x15        | LUT            | 
|smartport_card         | slot_rom                         | 256x8         | LUT            | 
|smartport_card         | c8_rom                           | 2048x8        | LUT            | 
|boot_menu_card         | slot_rom                         | 256x8         | LUT            | 
|w65c02_core            | d                                | 256x7         | LUT            | 
|w65c02_core            | d                                | 256x4         | LUT            | 
|sc01a_digital_core     | sc01a_word_by_phone              | 64x48         | LUT            | 
|appletini_yarz_top     | sc01a_f1_coeff                   | 128x12        | LUT            | 
|appletini_yarz_top     | sc01a_f2_coeff                   | 4096x16       | LUT            | 
|appletini_yarz_top     | sc01a_f3_coeff                   | 128x15        | LUT            | 
|appletini_yarz_top     | ssi263_to_sc01_phone             | 64x6          | LUT            | 
|appletini_yarz_top     | votrax_to_ssi263                 | 64x6          | LUT            | 
|appletini_yarz_top     | ssi263_to_sc01_phone0            | 64x6          | LUT            | 
|appletini_yarz_top     | ssi263_to_sc01_phone0            | 64x6          | LUT            | 
+-----------------------+----------------------------------+---------------+----------------+


Block RAM: Preliminary Mapping Report (see note below)
+-----------------------------------------------------------------------------------------------------------------+----------------------------------+------------------------+---+---+------------------------+---+---+------------------+--------+--------+
|Module Name                                                                                                      | RTL Object                       | PORT A (Depth x Width) | W | R | PORT B (Depth x Width) | W | R | Ports driving FF | RAMB18 | RAMB36 | 
+-----------------------------------------------------------------------------------------------------------------+----------------------------------+------------------------+---+---+------------------------+---+---+------------------+--------+--------+
|apple_cycle_capture_i/cycle_fifo_inst/xpm_fifo_base_inst/\gen_sdpram.xpm_memory_base_inst                        | gen_wr_a.gen_word_narrow.mem_reg | 4 K x 64(NO_CHANGE)    | W |   | 4 K x 64(NO_CHANGE)    |   | R | Port A and B     | 1      | 7      | 
|sdd_bus_tap_i/sdd_fifo_inst/xpm_fifo_base_inst/\gen_sdpram.xpm_memory_base_inst                                  | gen_wr_a.gen_word_narrow.mem_reg | 4 K x 64(NO_CHANGE)    | W |   | 4 K x 64(NO_CHANGE)    |   | R | Port A and B     | 1      | 7      | 
|supersprite_card_i                                                                                               | vram_reg                         | 16 K x 8(READ_FIRST)   | W | R | 16 K x 8(WRITE_FIRST)  |   | R | Port A and B     | 0      | 4      | 
|vtw_core_top_i/engine_i                                                                                          | post_mem_reg                     | 512 x 24(READ_FIRST)   | W |   | 512 x 24(WRITE_FIRST)  |   | R | Port A and B     | 1      | 0      | 
|vtw_core_top_i/shadow_i                                                                                          | mem_main_reg                     | 64 K x 8(READ_FIRST)   | W | R | 64 K x 8(READ_FIRST)   | W | R | Port A and B     | 0      | 16     | 
|vtw_core_top_i/shadow_i                                                                                          | mem_aux_reg                      | 64 K x 8(READ_FIRST)   | W | R | 64 K x 8(READ_FIRST)   | W | R | Port A and B     | 0      | 16     | 
|vtw_core_top_i/shadow_i                                                                                          | mem_rom_reg                      | 16 K x 8(READ_FIRST)   | W | R | 16 K x 8(WRITE_FIRST)  |   | R | Port A and B     | 0      | 4      | 
|smartport_card_i                                                                                                 | in_fifo_reg                      | 1 K x 8(READ_FIRST)    | W |   | 1 K x 8(WRITE_FIRST)   |   | R | Port A and B     | 1      | 0      | 
|smartport_card_i                                                                                                 | out_fifo_reg                     | 1 K x 8(READ_FIRST)    | W |   | 1 K x 8(WRITE_FIRST)   |   | R | Port A and B     | 1      | 0      | 
|i_0/\video_top_i/fb_reader_i/fifo_inst /\gnuram_async_fifo.xpm_fifo_base_inst /\gen_sdpram.xpm_memory_base_inst  | gen_wr_a.gen_word_wide.mem_reg   | 8 K x 64(NO_CHANGE)    | W |   | 32 K x 16(NO_CHANGE)   |   | R | Port A and B     | 0      | 16     | 
+-----------------------------------------------------------------------------------------------------------------+----------------------------------+------------------------+---+---+------------------------+---+---+------------------+--------+--------+

Note: The table above is a preliminary report that shows the Block RAMs at the current stage of the synthesis flow. Some Block RAMs may be reimplemented as non Block RAM primitives later in the synthesis flow. Multiple instantiated Block RAMs are reported only once. 

Distributed RAM: Preliminary Mapping Report (see note below)
+---------------------+-------------------------------------------+-----------+----------------------+---------------+
|Module Name          | RTL Object                                | Inference | Size (Depth x Width) | Primitives    | 
+---------------------+-------------------------------------------+-----------+----------------------+---------------+
|apple_cycle_egress_i | stage_q_reg[15][data]                     | Implied   | 16 x 8               | RAM32M x 2    | 
|apple_cycle_egress_i | stage_q_reg[15][addr_decode_en]           | Implied   | 16 x 1               | RAM16X1D x 1  | 
|apple_cycle_egress_i | stage_q_reg[15][addr_decode]              | Implied   | 16 x 24              | RAM32M x 4    | 
|apple_cycle_egress_i | stage_q_reg[15][sw_dhires]                | Implied   | 16 x 1               | RAM16X1D x 1  | 
|apple_cycle_egress_i | stage_q_reg[15][sw_80col]                 | Implied   | 16 x 1               | RAM16X1D x 1  | 
|apple_cycle_egress_i | stage_q_reg[15][sw_altcharset]            | Implied   | 16 x 1               | RAM16X1D x 1  | 
|apple_cycle_egress_i | stage_q_reg[15][sw_hires]                 | Implied   | 16 x 1               | RAM16X1D x 1  | 
|apple_cycle_egress_i | stage_q_reg[15][sw_page2]                 | Implied   | 16 x 1               | RAM16X1D x 1  | 
|apple_cycle_egress_i | stage_q_reg[15][sw_mixed]                 | Implied   | 16 x 1               | RAM16X1D x 1  | 
|apple_cycle_egress_i | stage_q_reg[15][sw_text]                  | Implied   | 16 x 1               | RAM16X1D x 1  | 
|apple_cycle_egress_i | stage_q_reg[15][sw_altzp]                 | Implied   | 16 x 1               | RAM16X1D x 1  | 
|apple_cycle_egress_i | stage_q_reg[15][sw_ramwrt]                | Implied   | 16 x 1               | RAM16X1D x 1  | 
|apple_cycle_egress_i | stage_q_reg[15][sw_ramrd]                 | Implied   | 16 x 1               | RAM16X1D x 1  | 
|apple_cycle_egress_i | stage_q_reg[15][sw_80store]               | Implied   | 16 x 1               | RAM16X1D x 1  | 
|apple_cycle_egress_i | stage_q_reg[15][cycle_in_line]            | Implied   | 16 x 7               | RAM32M x 2    | 
|apple_cycle_egress_i | stage_q_reg[15][line_in_frame]            | Implied   | 16 x 9               | RAM32M x 2    | 
|apple_cycle_egress_i | stage_q_reg[15][frame_en]                 | Implied   | 16 x 1               | RAM16X1D x 1  | 
|apple_cycle_egress_i | stage_q_reg[15][record_kind]              | Implied   | 16 x 3               | RAM32M x 1    | 
|sdd_cycle_egress_i   | stage_q_reg[15][data]                     | Implied   | 16 x 8               | RAM32M x 2    | 
|sdd_cycle_egress_i   | stage_q_reg[15][addr_decode_en]           | Implied   | 16 x 1               | RAM16X1D x 1  | 
|sdd_cycle_egress_i   | stage_q_reg[15][addr_decode]              | Implied   | 16 x 24              | RAM32M x 4    | 
|sdd_cycle_egress_i   | stage_q_reg[15][sw_dhires]                | Implied   | 16 x 1               | RAM16X1D x 1  | 
|sdd_cycle_egress_i   | stage_q_reg[15][sw_80col]                 | Implied   | 16 x 1               | RAM16X1D x 1  | 
|sdd_cycle_egress_i   | stage_q_reg[15][sw_altcharset]            | Implied   | 16 x 1               | RAM16X1D x 1  | 
|sdd_cycle_egress_i   | stage_q_reg[15][sw_hires]                 | Implied   | 16 x 1               | RAM16X1D x 1  | 
|sdd_cycle_egress_i   | stage_q_reg[15][sw_page2]                 | Implied   | 16 x 1               | RAM16X1D x 1  | 
|sdd_cycle_egress_i   | stage_q_reg[15][sw_mixed]                 | Implied   | 16 x 1               | RAM16X1D x 1  | 
|sdd_cycle_egress_i   | stage_q_reg[15][sw_text]                  | Implied   | 16 x 1               | RAM16X1D x 1  | 
|sdd_cycle_egress_i   | stage_q_reg[15][sw_altzp]                 | Implied   | 16 x 1               | RAM16X1D x 1  | 
|sdd_cycle_egress_i   | stage_q_reg[15][sw_ramwrt]                | Implied   | 16 x 1               | RAM16X1D x 1  | 
|sdd_cycle_egress_i   | stage_q_reg[15][sw_ramrd]                 | Implied   | 16 x 1               | RAM16X1D x 1  | 
|sdd_cycle_egress_i   | stage_q_reg[15][sw_80store]               | Implied   | 16 x 1               | RAM16X1D x 1  | 
|sdd_cycle_egress_i   | stage_q_reg[15][cycle_in_line]            | Implied   | 16 x 7               | RAM32M x 2    | 
|sdd_cycle_egress_i   | stage_q_reg[15][line_in_frame]            | Implied   | 16 x 9               | RAM32M x 2    | 
|sdd_cycle_egress_i   | stage_q_reg[15][frame_en]                 | Implied   | 16 x 1               | RAM16X1D x 1  | 
|sdd_cycle_egress_i   | stage_q_reg[15][record_kind]              | Implied   | 16 x 3               | RAM32M x 1    | 
|boot_menu_card_i     | slot_c8_rom_reg                           | Implied   | 256 x 8              | RAM64M x 12   | 
|appletini_yarz_top   | nolabel_line668/axidouble_i/bfifo/mem_reg | Implied   | 8 x 14               | RAM32M x 3    | 
|appletini_yarz_top   | nolabel_line668/axidouble_i/rfifo/mem_reg | Implied   | 8 x 47               | RAM32M x 8    | 
+---------------------+-------------------------------------------+-----------+----------------------+---------------+

Note: The table above is a preliminary report that shows the Distributed RAMs at the current stage of the synthesis flow. Some Distributed RAMs may be reimplemented as non Distributed RAM primitives later in the synthesis flow. Multiple instantiated RAMs are reported only once.

DSP: Preliminary Mapping Report (see note below. The ' indicates corresponding REG is set)
+-----------------------+-----------------------+--------+--------+--------+--------+--------+------+------+------+------+-------+------+------+
|Module Name            | DSP Mapping           | A Size | B Size | C Size | D Size | P Size | AREG | BREG | CREG | DREG | ADREG | MREG | PREG | 
+-----------------------+-----------------------+--------+--------+--------+--------+--------+------+------+------+------+-------+------+------+
|ssi263_formant_backend | A2*B2                 | 24     | 16     | -      | -      | 40     | 1    | 1    | -    | -    | -     | 0    | 0    | 
|disk2_sound_player     | (A2*B)'               | 16     | 11     | -      | -      | 27     | 1    | 0    | -    | -    | -     | 1    | 0    | 
|disk2_card             | ((A:0x343fd)*B)'      | 18     | 16     | -      | -      | 32     | 0    | 0    | -    | -    | -     | 1    | 0    | 
|disk2_card             | (A*(B:0x43fd))'       | 16     | 15     | -      | -      | 16     | 0    | 0    | -    | -    | -     | 1    | 0    | 
|disk2_card             | PCIN+A:B+(C:0x269ec3) | 14     | 18     | 22     | -      | -1     | 0    | 0    | 0    | -    | -     | 0    | 0    | 
+-----------------------+-----------------------+--------+--------+--------+--------+--------+------+------+------+------+-------+------+------+

Note: The table above is a preliminary report that shows the DSPs inferred at the current stage of the synthesis flow. Some DSP may be reimplemented as non DSP primitives later in the synthesis flow. Multiple instantiated DSPs are reported only once.
---------------------------------------------------------------------------------
Finished ROM, RAM, DSP, Shift Register and Retiming Reporting
---------------------------------------------------------------------------------
---------------------------------------------------------------------------------
Start Applying XDC Timing Constraints
---------------------------------------------------------------------------------
---------------------------------------------------------------------------------
Finished Applying XDC Timing Constraints : Time (s): cpu = 00:01:50 ; elapsed = 00:01:53 . Memory (MB): peak = 1971.258 ; gain = 1394.344
---------------------------------------------------------------------------------
---------------------------------------------------------------------------------
Start Timing Optimization
---------------------------------------------------------------------------------
INFO: [Synth 8-5775] Found 'rw_addr_collision' attribute set to 'no' on SDP RAM gen_wr_a.gen_word_narrow.mem_reg. Setting write mode to NO_CHANGE 
INFO: [Synth 8-5775] Found 'rw_addr_collision' attribute set to 'no' on SDP RAM gen_wr_a.gen_word_narrow.mem_reg. Setting write mode to NO_CHANGE 
INFO: [Synth 8-5775] Found 'rw_addr_collision' attribute set to 'no' on SDP RAM gen_wr_a.gen_word_wide.mem_reg. Setting write mode to NO_CHANGE 
INFO: [Synth 8-5775] Found 'rw_addr_collision' attribute set to 'no' on SDP RAM gen_wr_a.gen_word_narrow.mem_reg. Setting write mode to NO_CHANGE 
INFO: [Synth 8-5775] Found 'rw_addr_collision' attribute set to 'no' on SDP RAM gen_wr_a.gen_word_narrow.mem_reg. Setting write mode to NO_CHANGE 
INFO: [Synth 8-5775] Found 'rw_addr_collision' attribute set to 'no' on SDP RAM gen_wr_a.gen_word_wide.mem_reg. Setting write mode to NO_CHANGE 
INFO: [Synth 8-5775] Found 'rw_addr_collision' attribute set to 'no' on SDP RAM gen_wr_a.gen_word_narrow.mem_reg. Setting write mode to NO_CHANGE 
INFO: [Synth 8-5775] Found 'rw_addr_collision' attribute set to 'no' on SDP RAM gen_wr_a.gen_word_narrow.mem_reg. Setting write mode to NO_CHANGE 
INFO: [Synth 8-5775] Found 'rw_addr_collision' attribute set to 'no' on SDP RAM gen_wr_a.gen_word_wide.mem_reg. Setting write mode to NO_CHANGE 
---------------------------------------------------------------------------------
Finished Timing Optimization : Time (s): cpu = 00:01:56 ; elapsed = 00:02:00 . Memory (MB): peak = 1971.258 ; gain = 1394.344
---------------------------------------------------------------------------------
---------------------------------------------------------------------------------
Start ROM, RAM, DSP, Shift Register and Retiming Reporting
---------------------------------------------------------------------------------

Block RAM: Final Mapping Report
+-----------------------------------------------------------------------------------------------------------------+----------------------------------+------------------------+---+---+------------------------+---+---+------------------+--------+--------+
|Module Name                                                                                                      | RTL Object                       | PORT A (Depth x Width) | W | R | PORT B (Depth x Width) | W | R | Ports driving FF | RAMB18 | RAMB36 | 
+-----------------------------------------------------------------------------------------------------------------+----------------------------------+------------------------+---+---+------------------------+---+---+------------------+--------+--------+
|apple_cycle_capture_i/cycle_fifo_inst/xpm_fifo_base_inst/\gen_sdpram.xpm_memory_base_inst                        | gen_wr_a.gen_word_narrow.mem_reg | 4 K x 64(NO_CHANGE)    | W |   | 4 K x 64(NO_CHANGE)    |   | R | Port A and B     | 1      | 7      | 
|sdd_bus_tap_i/sdd_fifo_inst/xpm_fifo_base_inst/\gen_sdpram.xpm_memory_base_inst                                  | gen_wr_a.gen_word_narrow.mem_reg | 4 K x 64(NO_CHANGE)    | W |   | 4 K x 64(NO_CHANGE)    |   | R | Port A and B     | 1      | 7      | 
|supersprite_card_i                                                                                               | vram_reg                         | 16 K x 8(READ_FIRST)   | W | R | 16 K x 8(WRITE_FIRST)  |   | R | Port A and B     | 0      | 4      | 
|vtw_core_top_i/engine_i                                                                                          | post_mem_reg                     | 512 x 24(READ_FIRST)   | W |   | 512 x 24(WRITE_FIRST)  |   | R | Port A and B     | 1      | 0      | 
|vtw_core_top_i/shadow_i                                                                                          | mem_main_reg                     | 64 K x 8(READ_FIRST)   | W | R | 64 K x 8(READ_FIRST)   | W | R | Port A and B     | 0      | 16     | 
|vtw_core_top_i/shadow_i                                                                                          | mem_aux_reg                      | 64 K x 8(READ_FIRST)   | W | R | 64 K x 8(READ_FIRST)   | W | R | Port A and B     | 0      | 16     | 
|vtw_core_top_i/shadow_i                                                                                          | mem_rom_reg                      | 16 K x 8(READ_FIRST)   | W | R | 16 K x 8(WRITE_FIRST)  |   | R | Port A and B     | 0      | 4      | 
|smartport_card_i                                                                                                 | in_fifo_reg                      | 1 K x 8(READ_FIRST)    | W |   | 1 K x 8(WRITE_FIRST)   |   | R | Port A and B     | 1      | 0      | 
|smartport_card_i                                                                                                 | out_fifo_reg                     | 1 K x 8(READ_FIRST)    | W |   | 1 K x 8(WRITE_FIRST)   |   | R | Port A and B     | 1      | 0      | 
|i_0/\video_top_i/fb_reader_i/fifo_inst /\gnuram_async_fifo.xpm_fifo_base_inst /\gen_sdpram.xpm_memory_base_inst  | gen_wr_a.gen_word_wide.mem_reg   | 8 K x 64(NO_CHANGE)    | W |   | 32 K x 16(NO_CHANGE)   |   | R | Port A and B     | 0      | 16     | 
+-----------------------------------------------------------------------------------------------------------------+----------------------------------+------------------------+---+---+------------------------+---+---+------------------+--------+--------+


Distributed RAM: Final Mapping Report
+---------------------+-------------------------------------------+-----------+----------------------+---------------+
|Module Name          | RTL Object                                | Inference | Size (Depth x Width) | Primitives    | 
+---------------------+-------------------------------------------+-----------+----------------------+---------------+
|apple_cycle_egress_i | stage_q_reg[15][data]                     | Implied   | 16 x 8               | RAM32M x 2    | 
|apple_cycle_egress_i | stage_q_reg[15][addr_decode_en]           | Implied   | 16 x 1               | RAM16X1D x 1  | 
|apple_cycle_egress_i | stage_q_reg[15][addr_decode]              | Implied   | 16 x 24              | RAM32M x 4    | 
|apple_cycle_egress_i | stage_q_reg[15][sw_dhires]                | Implied   | 16 x 1               | RAM16X1D x 1  | 
|apple_cycle_egress_i | stage_q_reg[15][sw_80col]                 | Implied   | 16 x 1               | RAM16X1D x 1  | 
|apple_cycle_egress_i | stage_q_reg[15][sw_altcharset]            | Implied   | 16 x 1               | RAM16X1D x 1  | 
|apple_cycle_egress_i | stage_q_reg[15][sw_hires]                 | Implied   | 16 x 1               | RAM16X1D x 1  | 
|apple_cycle_egress_i | stage_q_reg[15][sw_page2]                 | Implied   | 16 x 1               | RAM16X1D x 1  | 
|apple_cycle_egress_i | stage_q_reg[15][sw_mixed]                 | Implied   | 16 x 1               | RAM16X1D x 1  | 
|apple_cycle_egress_i | stage_q_reg[15][sw_text]                  | Implied   | 16 x 1               | RAM16X1D x 1  | 
|apple_cycle_egress_i | stage_q_reg[15][sw_altzp]                 | Implied   | 16 x 1               | RAM16X1D x 1  | 
|apple_cycle_egress_i | stage_q_reg[15][sw_ramwrt]                | Implied   | 16 x 1               | RAM16X1D x 1  | 
|apple_cycle_egress_i | stage_q_reg[15][sw_ramrd]                 | Implied   | 16 x 1               | RAM16X1D x 1  | 
|apple_cycle_egress_i | stage_q_reg[15][sw_80store]               | Implied   | 16 x 1               | RAM16X1D x 1  | 
|apple_cycle_egress_i | stage_q_reg[15][cycle_in_line]            | Implied   | 16 x 7               | RAM32M x 2    | 
|apple_cycle_egress_i | stage_q_reg[15][line_in_frame]            | Implied   | 16 x 9               | RAM32M x 2    | 
|apple_cycle_egress_i | stage_q_reg[15][frame_en]                 | Implied   | 16 x 1               | RAM16X1D x 1  | 
|apple_cycle_egress_i | stage_q_reg[15][record_kind]              | Implied   | 16 x 3               | RAM32M x 1    | 
|sdd_cycle_egress_i   | stage_q_reg[15][data]                     | Implied   | 16 x 8               | RAM32M x 2    | 
|sdd_cycle_egress_i   | stage_q_reg[15][addr_decode_en]           | Implied   | 16 x 1               | RAM16X1D x 1  | 
|sdd_cycle_egress_i   | stage_q_reg[15][addr_decode]              | Implied   | 16 x 24              | RAM32M x 4    | 
|sdd_cycle_egress_i   | stage_q_reg[15][sw_dhires]                | Implied   | 16 x 1               | RAM16X1D x 1  | 
|sdd_cycle_egress_i   | stage_q_reg[15][sw_80col]                 | Implied   | 16 x 1               | RAM16X1D x 1  | 
|sdd_cycle_egress_i   | stage_q_reg[15][sw_altcharset]            | Implied   | 16 x 1               | RAM16X1D x 1  | 
|sdd_cycle_egress_i   | stage_q_reg[15][sw_hires]                 | Implied   | 16 x 1               | RAM16X1D x 1  | 
|sdd_cycle_egress_i   | stage_q_reg[15][sw_page2]                 | Implied   | 16 x 1               | RAM16X1D x 1  | 
|sdd_cycle_egress_i   | stage_q_reg[15][sw_mixed]                 | Implied   | 16 x 1               | RAM16X1D x 1  | 
|sdd_cycle_egress_i   | stage_q_reg[15][sw_text]                  | Implied   | 16 x 1               | RAM16X1D x 1  | 
|sdd_cycle_egress_i   | stage_q_reg[15][sw_altzp]                 | Implied   | 16 x 1               | RAM16X1D x 1  | 
|sdd_cycle_egress_i   | stage_q_reg[15][sw_ramwrt]                | Implied   | 16 x 1               | RAM16X1D x 1  | 
|sdd_cycle_egress_i   | stage_q_reg[15][sw_ramrd]                 | Implied   | 16 x 1               | RAM16X1D x 1  | 
|sdd_cycle_egress_i   | stage_q_reg[15][sw_80store]               | Implied   | 16 x 1               | RAM16X1D x 1  | 
|sdd_cycle_egress_i   | stage_q_reg[15][cycle_in_line]            | Implied   | 16 x 7               | RAM32M x 2    | 
|sdd_cycle_egress_i   | stage_q_reg[15][line_in_frame]            | Implied   | 16 x 9               | RAM32M x 2    | 
|sdd_cycle_egress_i   | stage_q_reg[15][frame_en]                 | Implied   | 16 x 1               | RAM16X1D x 1  | 
|sdd_cycle_egress_i   | stage_q_reg[15][record_kind]              | Implied   | 16 x 3               | RAM32M x 1    | 
|boot_menu_card_i     | slot_c8_rom_reg                           | Implied   | 256 x 8              | RAM64M x 12   | 
|appletini_yarz_top   | nolabel_line668/axidouble_i/bfifo/mem_reg | Implied   | 8 x 14               | RAM32M x 3    | 
|appletini_yarz_top   | nolabel_line668/axidouble_i/rfifo/mem_reg | Implied   | 8 x 47               | RAM32M x 8    | 
+---------------------+-------------------------------------------+-----------+----------------------+---------------+

---------------------------------------------------------------------------------
Finished ROM, RAM, DSP, Shift Register and Retiming Reporting
---------------------------------------------------------------------------------
---------------------------------------------------------------------------------
Start Technology Mapping
---------------------------------------------------------------------------------
INFO: [Synth 8-7052] The timing for the instance apple_top_ii_12/smartport_card_i/in_fifo_reg (implemented as a Block RAM) might be sub-optimal as no optional output register could be merged into the ram block. Providing additional output register may help in improving timing.
INFO: [Synth 8-7052] The timing for the instance apple_top_ii_12/smartport_card_i/out_fifo_reg (implemented as a Block RAM) might be sub-optimal as no optional output register could be merged into the ram block. Providing additional output register may help in improving timing.
INFO: [Synth 8-7052] The timing for the instance apple_top_ii_12/smartport_card_i/slot_rom_data_q_reg (implemented as a Block RAM) might be sub-optimal as no optional output register could be merged into the ram block. Providing additional output register may help in improving timing.
INFO: [Synth 8-7052] The timing for the instance apple_top_ii_12/smartport_card_i/c8_rom_data_q_reg (implemented as a Block RAM) might be sub-optimal as no optional output register could be merged into the ram block. Providing additional output register may help in improving timing.
INFO: [Synth 8-223] decloning instance 'apple_top_ii_9/apple_top_i/sdd_bus_tap_i/sdd_fifo_inst/xpm_fifo_base_inst/gen_sdpram.xpm_memory_base_inst/gen_wr_a.gen_word_narrow.mem_reg_4' (RAMB36E1) to 'apple_top_ii_9/apple_top_i/sdd_bus_tap_i/sdd_fifo_inst/xpm_fifo_base_inst/gen_sdpram.xpm_memory_base_inst/gen_wr_a.gen_word_narrow.mem_reg_5'
INFO: [Synth 8-7052] The timing for the instance apple_top_ii_9/apple_top_i/supersprite_card_i/vram_reg_0 (implemented as a Block RAM) might be sub-optimal as no optional output register could be merged into the ram block. Providing additional output register may help in improving timing.
INFO: [Synth 8-7052] The timing for the instance apple_top_ii_9/apple_top_i/supersprite_card_i/vram_reg_1 (implemented as a Block RAM) might be sub-optimal as no optional output register could be merged into the ram block. Providing additional output register may help in improving timing.
INFO: [Synth 8-7052] The timing for the instance apple_top_ii_9/apple_top_i/supersprite_card_i/vram_reg_2 (implemented as a Block RAM) might be sub-optimal as no optional output register could be merged into the ram block. Providing additional output register may help in improving timing.
INFO: [Synth 8-7052] The timing for the instance apple_top_ii_9/apple_top_i/supersprite_card_i/vram_reg_3 (implemented as a Block RAM) might be sub-optimal as no optional output register could be merged into the ram block. Providing additional output register may help in improving timing.
INFO: [Synth 8-7052] The timing for the instance apple_top_ii_9/apple_top_i/vtw_core_top_i/engine_i/post_mem_reg (implemented as a Block RAM) might be sub-optimal as no optional output register could be merged into the ram block. Providing additional output register may help in improving timing.
INFO: [Synth 8-7052] The timing for the instance apple_top_ii_9/apple_top_i/vtw_core_top_i/shadow_i/mem_main_reg_1_0 (implemented as a Block RAM) might be sub-optimal as no optional output register could be merged into the ram block. Providing additional output register may help in improving timing.
INFO: [Synth 8-7052] The timing for the instance apple_top_ii_9/apple_top_i/vtw_core_top_i/shadow_i/mem_main_reg_1_0 (implemented as a Block RAM) might be sub-optimal as no optional output register could be merged into the ram block. Providing additional output register may help in improving timing.
INFO: [Synth 8-7052] The timing for the instance apple_top_ii_9/apple_top_i/vtw_core_top_i/shadow_i/mem_main_reg_1_1 (implemented as a Block RAM) might be sub-optimal as no optional output register could be merged into the ram block. Providing additional output register may help in improving timing.
INFO: [Synth 8-7052] The timing for the instance apple_top_ii_9/apple_top_i/vtw_core_top_i/shadow_i/mem_main_reg_1_1 (implemented as a Block RAM) might be sub-optimal as no optional output register could be merged into the ram block. Providing additional output register may help in improving timing.
INFO: [Synth 8-7052] The timing for the instance apple_top_ii_9/apple_top_i/vtw_core_top_i/shadow_i/mem_main_reg_1_2 (implemented as a Block RAM) might be sub-optimal as no optional output register could be merged into the ram block. Providing additional output register may help in improving timing.
INFO: [Synth 8-7052] The timing for the instance apple_top_ii_9/apple_top_i/vtw_core_top_i/shadow_i/mem_main_reg_1_2 (implemented as a Block RAM) might be sub-optimal as no optional output register could be merged into the ram block. Providing additional output register may help in improving timing.
INFO: [Synth 8-7052] The timing for the instance apple_top_ii_9/apple_top_i/vtw_core_top_i/shadow_i/mem_main_reg_1_3 (implemented as a Block RAM) might be sub-optimal as no optional output register could be merged into the ram block. Providing additional output register may help in improving timing.
INFO: [Synth 8-7052] The timing for the instance apple_top_ii_9/apple_top_i/vtw_core_top_i/shadow_i/mem_main_reg_1_3 (implemented as a Block RAM) might be sub-optimal as no optional output register could be merged into the ram block. Providing additional output register may help in improving timing.
INFO: [Synth 8-7052] The timing for the instance apple_top_ii_9/apple_top_i/vtw_core_top_i/shadow_i/mem_main_reg_1_4 (implemented as a Block RAM) might be sub-optimal as no optional output register could be merged into the ram block. Providing additional output register may help in improving timing.
INFO: [Synth 8-7052] The timing for the instance apple_top_ii_9/apple_top_i/vtw_core_top_i/shadow_i/mem_main_reg_1_4 (implemented as a Block RAM) might be sub-optimal as no optional output register could be merged into the ram block. Providing additional output register may help in improving timing.
INFO: [Synth 8-7052] The timing for the instance apple_top_ii_9/apple_top_i/vtw_core_top_i/shadow_i/mem_main_reg_1_5 (implemented as a Block RAM) might be sub-optimal as no optional output register could be merged into the ram block. Providing additional output register may help in improving timing.
INFO: [Synth 8-7052] The timing for the instance apple_top_ii_9/apple_top_i/vtw_core_top_i/shadow_i/mem_main_reg_1_5 (implemented as a Block RAM) might be sub-optimal as no optional output register could be merged into the ram block. Providing additional output register may help in improving timing.
INFO: [Synth 8-7052] The timing for the instance apple_top_ii_9/apple_top_i/vtw_core_top_i/shadow_i/mem_main_reg_1_6 (implemented as a Block RAM) might be sub-optimal as no optional output register could be merged into the ram block. Providing additional output register may help in improving timing.
INFO: [Synth 8-7052] The timing for the instance apple_top_ii_9/apple_top_i/vtw_core_top_i/shadow_i/mem_main_reg_1_6 (implemented as a Block RAM) might be sub-optimal as no optional output register could be merged into the ram block. Providing additional output register may help in improving timing.
INFO: [Synth 8-7052] The timing for the instance apple_top_ii_9/apple_top_i/vtw_core_top_i/shadow_i/mem_main_reg_1_7 (implemented as a Block RAM) might be sub-optimal as no optional output register could be merged into the ram block. Providing additional output register may help in improving timing.
INFO: [Synth 8-7052] The timing for the instance apple_top_ii_9/apple_top_i/vtw_core_top_i/shadow_i/mem_main_reg_1_7 (implemented as a Block RAM) might be sub-optimal as no optional output register could be merged into the ram block. Providing additional output register may help in improving timing.
INFO: [Synth 8-7052] The timing for the instance apple_top_ii_9/apple_top_i/vtw_core_top_i/shadow_i/mem_aux_reg_1_0 (implemented as a Block RAM) might be sub-optimal as no optional output register could be merged into the ram block. Providing additional output register may help in improving timing.
INFO: [Synth 8-7052] The timing for the instance apple_top_ii_9/apple_top_i/vtw_core_top_i/shadow_i/mem_aux_reg_1_0 (implemented as a Block RAM) might be sub-optimal as no optional output register could be merged into the ram block. Providing additional output register may help in improving timing.
INFO: [Synth 8-7052] The timing for the instance apple_top_ii_9/apple_top_i/vtw_core_top_i/shadow_i/mem_aux_reg_1_1 (implemented as a Block RAM) might be sub-optimal as no optional output register could be merged into the ram block. Providing additional output register may help in improving timing.
INFO: [Synth 8-7052] The timing for the instance apple_top_ii_9/apple_top_i/vtw_core_top_i/shadow_i/mem_aux_reg_1_1 (implemented as a Block RAM) might be sub-optimal as no optional output register could be merged into the ram block. Providing additional output register may help in improving timing.
INFO: [Synth 8-7052] The timing for the instance apple_top_ii_9/apple_top_i/vtw_core_top_i/shadow_i/mem_aux_reg_1_2 (implemented as a Block RAM) might be sub-optimal as no optional output register could be merged into the ram block. Providing additional output register may help in improving timing.
INFO: [Synth 8-7052] The timing for the instance apple_top_ii_9/apple_top_i/vtw_core_top_i/shadow_i/mem_aux_reg_1_2 (implemented as a Block RAM) might be sub-optimal as no optional output register could be merged into the ram block. Providing additional output register may help in improving timing.
INFO: [Synth 8-7052] The timing for the instance apple_top_ii_9/apple_top_i/vtw_core_top_i/shadow_i/mem_aux_reg_1_3 (implemented as a Block RAM) might be sub-optimal as no optional output register could be merged into the ram block. Providing additional output register may help in improving timing.
INFO: [Synth 8-7052] The timing for the instance apple_top_ii_9/apple_top_i/vtw_core_top_i/shadow_i/mem_aux_reg_1_3 (implemented as a Block RAM) might be sub-optimal as no optional output register could be merged into the ram block. Providing additional output register may help in improving timing.
INFO: [Synth 8-7052] The timing for the instance apple_top_ii_9/apple_top_i/vtw_core_top_i/shadow_i/mem_aux_reg_1_4 (implemented as a Block RAM) might be sub-optimal as no optional output register could be merged into the ram block. Providing additional output register may help in improving timing.
INFO: [Synth 8-7052] The timing for the instance apple_top_ii_9/apple_top_i/vtw_core_top_i/shadow_i/mem_aux_reg_1_4 (implemented as a Block RAM) might be sub-optimal as no optional output register could be merged into the ram block. Providing additional output register may help in improving timing.
INFO: [Synth 8-7052] The timing for the instance apple_top_ii_9/apple_top_i/vtw_core_top_i/shadow_i/mem_aux_reg_1_5 (implemented as a Block RAM) might be sub-optimal as no optional output register could be merged into the ram block. Providing additional output register may help in improving timing.
INFO: [Synth 8-7052] The timing for the instance apple_top_ii_9/apple_top_i/vtw_core_top_i/shadow_i/mem_aux_reg_1_5 (implemented as a Block RAM) might be sub-optimal as no optional output register could be merged into the ram block. Providing additional output register may help in improving timing.
INFO: [Synth 8-7052] The timing for the instance apple_top_ii_9/apple_top_i/vtw_core_top_i/shadow_i/mem_aux_reg_1_6 (implemented as a Block RAM) might be sub-optimal as no optional output register could be merged into the ram block. Providing additional output register may help in improving timing.
INFO: [Synth 8-7052] The timing for the instance apple_top_ii_9/apple_top_i/vtw_core_top_i/shadow_i/mem_aux_reg_1_6 (implemented as a Block RAM) might be sub-optimal as no optional output register could be merged into the ram block. Providing additional output register may help in improving timing.
INFO: [Synth 8-7052] The timing for the instance apple_top_ii_9/apple_top_i/vtw_core_top_i/shadow_i/mem_aux_reg_1_7 (implemented as a Block RAM) might be sub-optimal as no optional output register could be merged into the ram block. Providing additional output register may help in improving timing.
INFO: [Synth 8-7052] The timing for the instance apple_top_ii_9/apple_top_i/vtw_core_top_i/shadow_i/mem_aux_reg_1_7 (implemented as a Block RAM) might be sub-optimal as no optional output register could be merged into the ram block. Providing additional output register may help in improving timing.
INFO: [Synth 8-7052] The timing for the instance apple_top_ii_9/apple_top_i/vtw_core_top_i/shadow_i/mem_rom_reg_0 (implemented as a Block RAM) might be sub-optimal as no optional output register could be merged into the ram block. Providing additional output register may help in improving timing.
INFO: [Synth 8-7052] The timing for the instance apple_top_ii_9/apple_top_i/vtw_core_top_i/shadow_i/mem_rom_reg_0 (implemented as a Block RAM) might be sub-optimal as no optional output register could be merged into the ram block. Providing additional output register may help in improving timing.
INFO: [Synth 8-7052] The timing for the instance apple_top_ii_9/apple_top_i/vtw_core_top_i/shadow_i/mem_rom_reg_1 (implemented as a Block RAM) might be sub-optimal as no optional output register could be merged into the ram block. Providing additional output register may help in improving timing.
INFO: [Synth 8-7052] The timing for the instance apple_top_ii_9/apple_top_i/vtw_core_top_i/shadow_i/mem_rom_reg_1 (implemented as a Block RAM) might be sub-optimal as no optional output register could be merged into the ram block. Providing additional output register may help in improving timing.
INFO: [Synth 8-7052] The timing for the instance apple_top_ii_9/apple_top_i/vtw_core_top_i/shadow_i/mem_rom_reg_2 (implemented as a Block RAM) might be sub-optimal as no optional output register could be merged into the ram block. Providing additional output register may help in improving timing.
INFO: [Synth 8-7052] The timing for the instance apple_top_ii_9/apple_top_i/vtw_core_top_i/shadow_i/mem_rom_reg_2 (implemented as a Block RAM) might be sub-optimal as no optional output register could be merged into the ram block. Providing additional output register may help in improving timing.
INFO: [Synth 8-7052] The timing for the instance apple_top_ii_9/apple_top_i/vtw_core_top_i/shadow_i/mem_rom_reg_3 (implemented as a Block RAM) might be sub-optimal as no optional output register could be merged into the ram block. Providing additional output register may help in improving timing.
INFO: [Synth 8-7052] The timing for the instance apple_top_ii_9/apple_top_i/vtw_core_top_i/shadow_i/mem_rom_reg_3 (implemented as a Block RAM) might be sub-optimal as no optional output register could be merged into the ram block. Providing additional output register may help in improving timing.
---------------------------------------------------------------------------------
Finished Technology Mapping : Time (s): cpu = 00:02:05 ; elapsed = 00:02:10 . Memory (MB): peak = 1971.258 ; gain = 1394.344
---------------------------------------------------------------------------------
---------------------------------------------------------------------------------
Start IO Insertion
---------------------------------------------------------------------------------
---------------------------------------------------------------------------------
Start Flattening Before IO Insertion
---------------------------------------------------------------------------------
---------------------------------------------------------------------------------
Finished Flattening Before IO Insertion
---------------------------------------------------------------------------------
---------------------------------------------------------------------------------
Start Final Netlist Cleanup
---------------------------------------------------------------------------------
INFO: [Synth 8-7052] The timing for the instance apple_top_i/supersprite_card_i/vram_reg_0 (implemented as a Block RAM) might be sub-optimal as no optional output register could be merged into the ram block. Providing additional output register may help in improving timing.
INFO: [Synth 8-7052] The timing for the instance apple_top_i/supersprite_card_i/vram_reg_1 (implemented as a Block RAM) might be sub-optimal as no optional output register could be merged into the ram block. Providing additional output register may help in improving timing.
INFO: [Synth 8-7052] The timing for the instance apple_top_i/supersprite_card_i/vram_reg_2 (implemented as a Block RAM) might be sub-optimal as no optional output register could be merged into the ram block. Providing additional output register may help in improving timing.
INFO: [Synth 8-7052] The timing for the instance apple_top_i/supersprite_card_i/vram_reg_3 (implemented as a Block RAM) might be sub-optimal as no optional output register could be merged into the ram block. Providing additional output register may help in improving timing.
INFO: [Synth 8-7052] The timing for the instance apple_top_i/vtw_core_top_i/engine_i/post_mem_reg (implemented as a Block RAM) might be sub-optimal as no optional output register could be merged into the ram block. Providing additional output register may help in improving timing.
INFO: [Synth 8-7052] The timing for the instance apple_top_i/vtw_core_top_i/shadow_i/mem_main_reg_1_0 (implemented as a Block RAM) might be sub-optimal as no optional output register could be merged into the ram block. Providing additional output register may help in improving timing.
INFO: [Synth 8-7052] The timing for the instance apple_top_i/vtw_core_top_i/shadow_i/mem_main_reg_1_0 (implemented as a Block RAM) might be sub-optimal as no optional output register could be merged into the ram block. Providing additional output register may help in improving timing.
INFO: [Synth 8-7052] The timing for the instance apple_top_i/vtw_core_top_i/shadow_i/mem_main_reg_1_1 (implemented as a Block RAM) might be sub-optimal as no optional output register could be merged into the ram block. Providing additional output register may help in improving timing.
INFO: [Synth 8-7052] The timing for the instance apple_top_i/vtw_core_top_i/shadow_i/mem_main_reg_1_1 (implemented as a Block RAM) might be sub-optimal as no optional output register could be merged into the ram block. Providing additional output register may help in improving timing.
INFO: [Synth 8-7052] The timing for the instance apple_top_i/vtw_core_top_i/shadow_i/mem_main_reg_1_2 (implemented as a Block RAM) might be sub-optimal as no optional output register could be merged into the ram block. Providing additional output register may help in improving timing.
INFO: [Synth 8-7052] The timing for the instance apple_top_i/vtw_core_top_i/shadow_i/mem_main_reg_1_2 (implemented as a Block RAM) might be sub-optimal as no optional output register could be merged into the ram block. Providing additional output register may help in improving timing.
INFO: [Synth 8-7052] The timing for the instance apple_top_i/vtw_core_top_i/shadow_i/mem_main_reg_1_3 (implemented as a Block RAM) might be sub-optimal as no optional output register could be merged into the ram block. Providing additional output register may help in improving timing.
INFO: [Synth 8-7052] The timing for the instance apple_top_i/vtw_core_top_i/shadow_i/mem_main_reg_1_3 (implemented as a Block RAM) might be sub-optimal as no optional output register could be merged into the ram block. Providing additional output register may help in improving timing.
INFO: [Synth 8-7052] The timing for the instance apple_top_i/vtw_core_top_i/shadow_i/mem_main_reg_1_4 (implemented as a Block RAM) might be sub-optimal as no optional output register could be merged into the ram block. Providing additional output register may help in improving timing.
INFO: [Synth 8-7052] The timing for the instance apple_top_i/vtw_core_top_i/shadow_i/mem_main_reg_1_4 (implemented as a Block RAM) might be sub-optimal as no optional output register could be merged into the ram block. Providing additional output register may help in improving timing.
INFO: [Synth 8-7052] The timing for the instance apple_top_i/vtw_core_top_i/shadow_i/mem_main_reg_1_5 (implemented as a Block RAM) might be sub-optimal as no optional output register could be merged into the ram block. Providing additional output register may help in improving timing.
INFO: [Synth 8-7052] The timing for the instance apple_top_i/vtw_core_top_i/shadow_i/mem_main_reg_1_5 (implemented as a Block RAM) might be sub-optimal as no optional output register could be merged into the ram block. Providing additional output register may help in improving timing.
INFO: [Synth 8-7052] The timing for the instance apple_top_i/vtw_core_top_i/shadow_i/mem_main_reg_1_6 (implemented as a Block RAM) might be sub-optimal as no optional output register could be merged into the ram block. Providing additional output register may help in improving timing.
INFO: [Synth 8-7052] The timing for the instance apple_top_i/vtw_core_top_i/shadow_i/mem_main_reg_1_6 (implemented as a Block RAM) might be sub-optimal as no optional output register could be merged into the ram block. Providing additional output register may help in improving timing.
INFO: [Synth 8-7052] The timing for the instance apple_top_i/vtw_core_top_i/shadow_i/mem_main_reg_1_7 (implemented as a Block RAM) might be sub-optimal as no optional output register could be merged into the ram block. Providing additional output register may help in improving timing.
INFO: [Synth 8-7052] The timing for the instance apple_top_i/vtw_core_top_i/shadow_i/mem_main_reg_1_7 (implemented as a Block RAM) might be sub-optimal as no optional output register could be merged into the ram block. Providing additional output register may help in improving timing.
INFO: [Synth 8-7052] The timing for the instance apple_top_i/vtw_core_top_i/shadow_i/mem_aux_reg_1_0 (implemented as a Block RAM) might be sub-optimal as no optional output register could be merged into the ram block. Providing additional output register may help in improving timing.
INFO: [Synth 8-7052] The timing for the instance apple_top_i/vtw_core_top_i/shadow_i/mem_aux_reg_1_0 (implemented as a Block RAM) might be sub-optimal as no optional output register could be merged into the ram block. Providing additional output register may help in improving timing.
INFO: [Synth 8-7052] The timing for the instance apple_top_i/vtw_core_top_i/shadow_i/mem_aux_reg_1_1 (implemented as a Block RAM) might be sub-optimal as no optional output register could be merged into the ram block. Providing additional output register may help in improving timing.
INFO: [Synth 8-7052] The timing for the instance apple_top_i/vtw_core_top_i/shadow_i/mem_aux_reg_1_1 (implemented as a Block RAM) might be sub-optimal as no optional output register could be merged into the ram block. Providing additional output register may help in improving timing.
INFO: [Synth 8-7052] The timing for the instance apple_top_i/vtw_core_top_i/shadow_i/mem_aux_reg_1_2 (implemented as a Block RAM) might be sub-optimal as no optional output register could be merged into the ram block. Providing additional output register may help in improving timing.
INFO: [Synth 8-7052] The timing for the instance apple_top_i/vtw_core_top_i/shadow_i/mem_aux_reg_1_2 (implemented as a Block RAM) might be sub-optimal as no optional output register could be merged into the ram block. Providing additional output register may help in improving timing.
INFO: [Synth 8-7052] The timing for the instance apple_top_i/vtw_core_top_i/shadow_i/mem_aux_reg_1_3 (implemented as a Block RAM) might be sub-optimal as no optional output register could be merged into the ram block. Providing additional output register may help in improving timing.
INFO: [Synth 8-7052] The timing for the instance apple_top_i/vtw_core_top_i/shadow_i/mem_aux_reg_1_3 (implemented as a Block RAM) might be sub-optimal as no optional output register could be merged into the ram block. Providing additional output register may help in improving timing.
INFO: [Synth 8-7052] The timing for the instance apple_top_i/vtw_core_top_i/shadow_i/mem_aux_reg_1_4 (implemented as a Block RAM) might be sub-optimal as no optional output register could be merged into the ram block. Providing additional output register may help in improving timing.
INFO: [Synth 8-7052] The timing for the instance apple_top_i/vtw_core_top_i/shadow_i/mem_aux_reg_1_4 (implemented as a Block RAM) might be sub-optimal as no optional output register could be merged into the ram block. Providing additional output register may help in improving timing.
INFO: [Synth 8-7052] The timing for the instance apple_top_i/vtw_core_top_i/shadow_i/mem_aux_reg_1_5 (implemented as a Block RAM) might be sub-optimal as no optional output register could be merged into the ram block. Providing additional output register may help in improving timing.
INFO: [Synth 8-7052] The timing for the instance apple_top_i/vtw_core_top_i/shadow_i/mem_aux_reg_1_5 (implemented as a Block RAM) might be sub-optimal as no optional output register could be merged into the ram block. Providing additional output register may help in improving timing.
INFO: [Synth 8-7052] The timing for the instance apple_top_i/vtw_core_top_i/shadow_i/mem_aux_reg_1_6 (implemented as a Block RAM) might be sub-optimal as no optional output register could be merged into the ram block. Providing additional output register may help in improving timing.
INFO: [Synth 8-7052] The timing for the instance apple_top_i/vtw_core_top_i/shadow_i/mem_aux_reg_1_6 (implemented as a Block RAM) might be sub-optimal as no optional output register could be merged into the ram block. Providing additional output register may help in improving timing.
INFO: [Synth 8-7052] The timing for the instance apple_top_i/vtw_core_top_i/shadow_i/mem_aux_reg_1_7 (implemented as a Block RAM) might be sub-optimal as no optional output register could be merged into the ram block. Providing additional output register may help in improving timing.
INFO: [Synth 8-7052] The timing for the instance apple_top_i/vtw_core_top_i/shadow_i/mem_aux_reg_1_7 (implemented as a Block RAM) might be sub-optimal as no optional output register could be merged into the ram block. Providing additional output register may help in improving timing.
INFO: [Synth 8-7052] The timing for the instance apple_top_i/vtw_core_top_i/shadow_i/mem_rom_reg_0 (implemented as a Block RAM) might be sub-optimal as no optional output register could be merged into the ram block. Providing additional output register may help in improving timing.
INFO: [Synth 8-7052] The timing for the instance apple_top_i/vtw_core_top_i/shadow_i/mem_rom_reg_0 (implemented as a Block RAM) might be sub-optimal as no optional output register could be merged into the ram block. Providing additional output register may help in improving timing.
INFO: [Synth 8-7052] The timing for the instance apple_top_i/vtw_core_top_i/shadow_i/mem_rom_reg_1 (implemented as a Block RAM) might be sub-optimal as no optional output register could be merged into the ram block. Providing additional output register may help in improving timing.
INFO: [Synth 8-7052] The timing for the instance apple_top_i/vtw_core_top_i/shadow_i/mem_rom_reg_1 (implemented as a Block RAM) might be sub-optimal as no optional output register could be merged into the ram block. Providing additional output register may help in improving timing.
INFO: [Synth 8-7052] The timing for the instance apple_top_i/vtw_core_top_i/shadow_i/mem_rom_reg_2 (implemented as a Block RAM) might be sub-optimal as no optional output register could be merged into the ram block. Providing additional output register may help in improving timing.
INFO: [Synth 8-7052] The timing for the instance apple_top_i/vtw_core_top_i/shadow_i/mem_rom_reg_2 (implemented as a Block RAM) might be sub-optimal as no optional output register could be merged into the ram block. Providing additional output register may help in improving timing.
INFO: [Synth 8-7052] The timing for the instance apple_top_i/vtw_core_top_i/shadow_i/mem_rom_reg_3 (implemented as a Block RAM) might be sub-optimal as no optional output register could be merged into the ram block. Providing additional output register may help in improving timing.
INFO: [Synth 8-7052] The timing for the instance apple_top_i/vtw_core_top_i/shadow_i/mem_rom_reg_3 (implemented as a Block RAM) might be sub-optimal as no optional output register could be merged into the ram block. Providing additional output register may help in improving timing.
INFO: [Synth 8-7052] The timing for the instance apple_top_i/smartport_card_i/in_fifo_reg (implemented as a Block RAM) might be sub-optimal as no optional output register could be merged into the ram block. Providing additional output register may help in improving timing.
INFO: [Synth 8-7052] The timing for the instance apple_top_i/smartport_card_i/out_fifo_reg (implemented as a Block RAM) might be sub-optimal as no optional output register could be merged into the ram block. Providing additional output register may help in improving timing.
INFO: [Synth 8-7052] The timing for the instance apple_top_i/smartport_card_i/slot_rom_data_q_reg (implemented as a Block RAM) might be sub-optimal as no optional output register could be merged into the ram block. Providing additional output register may help in improving timing.
INFO: [Synth 8-7052] The timing for the instance apple_top_i/smartport_card_i/c8_rom_data_q_reg (implemented as a Block RAM) might be sub-optimal as no optional output register could be merged into the ram block. Providing additional output register may help in improving timing.
INFO: [Synth 8-4163] Replicating register \apple_top_i/apple_bus_wrapper_i/misc_clean_sync/iob_capture_reg[0]  to handle IOB=TRUE attribute
INFO: [Synth 8-4163] Replicating register \apple_top_i/apple_bus_wrapper_i/misc_clean_sync/iob_capture_reg[1]  to handle IOB=TRUE attribute
INFO: [Synth 8-4163] Replicating register \apple_top_i/apple_bus_wrapper_i/misc_clean_sync/iob_capture_reg[2]  to handle IOB=TRUE attribute
INFO: [Synth 8-4163] Replicating register \apple_top_i/apple_bus_wrapper_i/misc_clean_sync/iob_capture_reg[3]  to handle IOB=TRUE attribute
INFO: [Synth 8-4163] Replicating register \apple_top_i/apple_bus_wrapper_i/misc_clean_sync/iob_capture_reg[4]  to handle IOB=TRUE attribute
INFO: [Synth 8-4163] Replicating register \apple_top_i/apple_bus_wrapper_i/misc_clean_sync/iob_capture_reg[5]  to handle IOB=TRUE attribute
INFO: [Synth 8-4163] Replicating register \apple_top_i/apple_bus_wrapper_i/misc_clean_sync/iob_capture_reg[6]  to handle IOB=TRUE attribute
INFO: [Synth 8-4163] Replicating register \apple_top_i/apple_bus_wrapper_i/misc_clean_sync/iob_capture_reg[7]  to handle IOB=TRUE attribute
INFO: [Synth 8-4163] Replicating register \apple_top_i/apple_bus_wrapper_i/misc_clean_sync/iob_capture_reg[8]  to handle IOB=TRUE attribute
INFO: [Synth 8-4163] Replicating register \apple_top_i/apple_bus_wrapper_i/misc_clean_sync/iob_capture_reg[9]  to handle IOB=TRUE attribute
INFO: [Synth 8-4163] Replicating register \apple_top_i/apple_bus_wrapper_i/addr_clean_sync/iob_capture_reg[0]  to handle IOB=TRUE attribute
INFO: [Synth 8-4163] Replicating register \apple_top_i/apple_bus_wrapper_i/addr_clean_sync/iob_capture_reg[1]  to handle IOB=TRUE attribute
INFO: [Synth 8-4163] Replicating register \apple_top_i/apple_bus_wrapper_i/addr_clean_sync/iob_capture_reg[2]  to handle IOB=TRUE attribute
INFO: [Synth 8-4163] Replicating register \apple_top_i/apple_bus_wrapper_i/addr_clean_sync/iob_capture_reg[3]  to handle IOB=TRUE attribute
INFO: [Synth 8-4163] Replicating register \apple_top_i/apple_bus_wrapper_i/addr_clean_sync/iob_capture_reg[4]  to handle IOB=TRUE attribute
INFO: [Synth 8-4163] Replicating register \apple_top_i/apple_bus_wrapper_i/addr_clean_sync/iob_capture_reg[5]  to handle IOB=TRUE attribute
INFO: [Synth 8-4163] Replicating register \apple_top_i/apple_bus_wrapper_i/addr_clean_sync/iob_capture_reg[6]  to handle IOB=TRUE attribute
INFO: [Synth 8-4163] Replicating register \apple_top_i/apple_bus_wrapper_i/addr_clean_sync/iob_capture_reg[7]  to handle IOB=TRUE attribute
INFO: [Synth 8-4163] Replicating register \apple_top_i/apple_bus_wrapper_i/addr_clean_sync/iob_capture_reg[8]  to handle IOB=TRUE attribute
INFO: [Synth 8-4163] Replicating register \apple_top_i/apple_bus_wrapper_i/addr_clean_sync/iob_capture_reg[9]  to handle IOB=TRUE attribute
INFO: [Synth 8-4163] Replicating register \apple_top_i/apple_bus_wrapper_i/addr_clean_sync/iob_capture_reg[10]  to handle IOB=TRUE attribute
INFO: [Synth 8-4163] Replicating register \apple_top_i/apple_bus_wrapper_i/addr_clean_sync/iob_capture_reg[11]  to handle IOB=TRUE attribute
INFO: [Synth 8-4163] Replicating register \apple_top_i/apple_bus_wrapper_i/addr_clean_sync/iob_capture_reg[12]  to handle IOB=TRUE attribute
INFO: [Synth 8-4163] Replicating register \apple_top_i/apple_bus_wrapper_i/addr_clean_sync/iob_capture_reg[13]  to handle IOB=TRUE attribute
INFO: [Synth 8-4163] Replicating register \apple_top_i/apple_bus_wrapper_i/addr_clean_sync/iob_capture_reg[14]  to handle IOB=TRUE attribute
INFO: [Synth 8-4163] Replicating register \apple_top_i/apple_bus_wrapper_i/addr_clean_sync/iob_capture_reg[15]  to handle IOB=TRUE attribute
INFO: [Synth 8-4163] Replicating register \apple_top_i/apple_bus_wrapper_i/data_clean_sync/iob_capture_reg[0]  to handle IOB=TRUE attribute
INFO: [Synth 8-4163] Replicating register \apple_top_i/apple_bus_wrapper_i/data_clean_sync/iob_capture_reg[1]  to handle IOB=TRUE attribute
INFO: [Synth 8-4163] Replicating register \apple_top_i/apple_bus_wrapper_i/data_clean_sync/iob_capture_reg[2]  to handle IOB=TRUE attribute
INFO: [Synth 8-4163] Replicating register \apple_top_i/apple_bus_wrapper_i/data_clean_sync/iob_capture_reg[3]  to handle IOB=TRUE attribute
INFO: [Synth 8-4163] Replicating register \apple_top_i/apple_bus_wrapper_i/data_clean_sync/iob_capture_reg[4]  to handle IOB=TRUE attribute
INFO: [Synth 8-4163] Replicating register \apple_top_i/apple_bus_wrapper_i/data_clean_sync/iob_capture_reg[5]  to handle IOB=TRUE attribute
INFO: [Synth 8-4163] Replicating register \apple_top_i/apple_bus_wrapper_i/data_clean_sync/iob_capture_reg[6]  to handle IOB=TRUE attribute
INFO: [Synth 8-4163] Replicating register \apple_top_i/apple_bus_wrapper_i/data_clean_sync/iob_capture_reg[7]  to handle IOB=TRUE attribute
INFO: [Synth 8-4163] Replicating register \apple_top_i/psram_driver_i/psram_b_o_reg[0]  to handle IOB=TRUE attribute
INFO: [Synth 8-4163] Replicating register \apple_top_i/psram_driver_i/psram_b_o_reg[1]  to handle IOB=TRUE attribute
INFO: [Synth 8-4163] Replicating register \apple_top_i/psram_driver_i/psram_b_o_reg[2]  to handle IOB=TRUE attribute
INFO: [Synth 8-4163] Replicating register \apple_top_i/psram_driver_i/psram_b_o_reg[3]  to handle IOB=TRUE attribute
INFO: [Synth 8-4163] Replicating register \apple_top_i/psram_driver_i/psram_oe_reg[0]  to handle IOB=TRUE attribute
INFO: [Synth 8-4163] Replicating register \apple_top_i/psram_driver_i/psram_a_o_reg[0]  to handle IOB=TRUE attribute
INFO: [Synth 8-4163] Replicating register \apple_top_i/psram_driver_i/psram_oe_reg[1]  to handle IOB=TRUE attribute
INFO: [Synth 8-4163] Replicating register \apple_top_i/psram_driver_i/psram_a_o_reg[1]  to handle IOB=TRUE attribute
INFO: [Synth 8-4163] Replicating register \apple_top_i/psram_driver_i/psram_oe_reg[2]  to handle IOB=TRUE attribute
INFO: [Synth 8-4163] Replicating register \apple_top_i/psram_driver_i/psram_a_o_reg[2]  to handle IOB=TRUE attribute
INFO: [Synth 8-4163] Replicating register \apple_top_i/psram_driver_i/psram_oe_reg[3]  to handle IOB=TRUE attribute
INFO: [Synth 8-4163] Replicating register \apple_top_i/psram_driver_i/psram_a_o_reg[3]  to handle IOB=TRUE attribute
---------------------------------------------------------------------------------
Finished Final Netlist Cleanup
---------------------------------------------------------------------------------
---------------------------------------------------------------------------------
Finished IO Insertion : Time (s): cpu = 00:02:10 ; elapsed = 00:02:16 . Memory (MB): peak = 2063.156 ; gain = 1486.242
---------------------------------------------------------------------------------
---------------------------------------------------------------------------------
Start Renaming Generated Instances
---------------------------------------------------------------------------------
---------------------------------------------------------------------------------
Finished Renaming Generated Instances : Time (s): cpu = 00:02:10 ; elapsed = 00:02:16 . Memory (MB): peak = 2063.156 ; gain = 1486.242
---------------------------------------------------------------------------------
---------------------------------------------------------------------------------
Start Rebuilding User Hierarchy
---------------------------------------------------------------------------------
---------------------------------------------------------------------------------
Finished Rebuilding User Hierarchy : Time (s): cpu = 00:02:15 ; elapsed = 00:02:21 . Memory (MB): peak = 2089.844 ; gain = 1512.930
---------------------------------------------------------------------------------
---------------------------------------------------------------------------------
Start Renaming Generated Ports
---------------------------------------------------------------------------------
---------------------------------------------------------------------------------
Finished Renaming Generated Ports : Time (s): cpu = 00:02:15 ; elapsed = 00:02:21 . Memory (MB): peak = 2089.844 ; gain = 1512.930
---------------------------------------------------------------------------------
---------------------------------------------------------------------------------
Start Handling Custom Attributes
---------------------------------------------------------------------------------
---------------------------------------------------------------------------------
Finished Handling Custom Attributes : Time (s): cpu = 00:02:16 ; elapsed = 00:02:22 . Memory (MB): peak = 2089.844 ; gain = 1512.930
---------------------------------------------------------------------------------
---------------------------------------------------------------------------------
Start Renaming Generated Nets
---------------------------------------------------------------------------------
---------------------------------------------------------------------------------
Finished Renaming Generated Nets : Time (s): cpu = 00:02:16 ; elapsed = 00:02:22 . Memory (MB): peak = 2089.844 ; gain = 1512.930
---------------------------------------------------------------------------------
---------------------------------------------------------------------------------
Start ROM, RAM, DSP, Shift Register and Retiming Reporting
---------------------------------------------------------------------------------

Static Shift Register Report:
+-------------------+---------------------------------------------------+--------+-------+--------------+--------------------+-------------------+--------+---------+
|Module Name        | RTL Name                                          | Length | Width | Reset Signal | Pull out first Reg | Pull out last Reg | SRL16E | SRLC32E | 
+-------------------+---------------------------------------------------+--------+-------+--------------+--------------------+-------------------+--------+---------+
|appletini_yarz_top | apple_top_i/apple_bus_wrapper_i/addr_pipe_reg[32] | 6      | 2     | YES          | NO                 | YES               | 2      | 0       | 
|appletini_yarz_top | apple_top_i/apple_bus_wrapper_i/addr_pipe_reg[25] | 16     | 1     | YES          | NO                 | YES               | 1      | 0       | 
|appletini_yarz_top | apple_top_i/apple_bus_wrapper_i/addr_pipe_reg[3]  | 4      | 1     | YES          | NO                 | YES               | 1      | 0       | 
|appletini_yarz_top | apple_top_i/apple_bus_wrapper_i/data_pipe_reg[59] | 34     | 1     | YES          | NO                 | YES               | 0      | 1       | 
|appletini_yarz_top | apple_top_i/apple_bus_wrapper_i/data_pipe_reg[25] | 17     | 1     | YES          | NO                 | YES               | 1      | 0       | 
|appletini_yarz_top | apple_top_i/apple_bus_wrapper_i/data_pipe_reg[8]  | 9      | 1     | YES          | NO                 | YES               | 1      | 0       | 
+-------------------+---------------------------------------------------+--------+-------+--------------+--------------------+-------------------+--------+---------+

---------------------------------------------------------------------------------
Finished ROM, RAM, DSP, Shift Register and Retiming Reporting
---------------------------------------------------------------------------------
---------------------------------------------------------------------------------
Start Writing Synthesis Report
---------------------------------------------------------------------------------

DSP Final Report (the ' indicates corresponding REG is set)
+-----------------------+-------------+--------+--------+--------+--------+--------+------+------+------+------+-------+------+------+
|Module Name            | DSP Mapping | A Size | B Size | C Size | D Size | P Size | AREG | BREG | CREG | DREG | ADREG | MREG | PREG | 
+-----------------------+-------------+--------+--------+--------+--------+--------+------+------+------+------+-------+------+------+
|disk2_card             | (A*B)'      | 18     | 16     | -      | -      | 32     | 0    | 0    | -    | -    | -     | 1    | 0    | 
|disk2_card             | (A*B)'      | 16     | 15     | -      | -      | 16     | 0    | 0    | -    | -    | -     | 1    | 0    | 
|disk2_card             | PCIN+A:B+C  | 14     | 18     | -      | -      | 32     | 0    | 0    | -    | -    | -     | 0    | 0    | 
|disk2_sound_player     | (A'*B)'     | 30     | 10     | -      | -      | 27     | 1    | 0    | -    | -    | -     | 1    | 0    | 
|ssi263_formant_backend | (A'*B')'    | 30     | 18     | -      | -      | 40     | 1    | 1    | -    | -    | -     | 0    | 1    | 
|ssi263_formant_backend | (A'*B')'    | 30     | 18     | -      | -      | 40     | 1    | 1    | -    | -    | -     | 0    | 1    | 
+-----------------------+-------------+--------+--------+--------+--------+--------+------+------+------+------+-------+------+------+


Report BlackBoxes: 
+------+----------------------------------+----------+
|      |BlackBox name                     |Instances |
+------+----------------------------------+----------+
|1     |zynq_ps_bd_clk_wiz_0_0            |         1|
|2     |zynq_ps_bd_clk_wiz_1_0            |         1|
|3     |zynq_ps_bd_proc_sys_reset_0_0     |         1|
|4     |zynq_ps_bd_proc_sys_reset_2_0     |         1|
|5     |zynq_ps_bd_processing_system7_0_0 |         1|
+------+----------------------------------+----------+

Report Cell Usage: 
+------+--------------------------------+------+
|      |Cell                            |Count |
+------+--------------------------------+------+
|1     |zynq_ps_bd_clk_wiz_0            |     1|
|2     |zynq_ps_bd_clk_wiz_1            |     1|
|3     |zynq_ps_bd_proc_sys_reset_0     |     1|
|4     |zynq_ps_bd_proc_sys_reset_2     |     1|
|5     |zynq_ps_bd_processing_system7_0 |     1|
|6     |BUFG                            |     2|
|7     |CARRY4                          |  2724|
|8     |DSP48E1                         |     6|
|12    |IDDR                            |     8|
|13    |IDELAYCTRL                      |     1|
|14    |IDELAYE2                        |     8|
|15    |LUT1                            |  1661|
|16    |LUT2                            |  4704|
|17    |LUT3                            |  3535|
|18    |LUT4                            |  3627|
|19    |LUT5                            |  6315|
|20    |LUT6                            | 12541|
|21    |MUXF7                           |  1451|
|22    |MUXF8                           |   445|
|23    |ODDR                            |     2|
|25    |RAM16X1D                        |    26|
|26    |RAM32M                          |    28|
|27    |RAM32X1D                        |     2|
|28    |RAM64M                          |    12|
|29    |RAMB18E1                        |     7|
|34    |RAMB36E1                        |    69|
|40    |SRL16E                          |     6|
|41    |SRLC32E                         |     1|
|42    |FDCE                            |   460|
|43    |FDPE                            |    17|
|44    |FDRE                            | 15991|
|45    |FDSE                            |  1032|
|46    |IBUF                            |     6|
|47    |IOBUF                           |    45|
|48    |OBUF                            |    42|
+------+--------------------------------+------+
---------------------------------------------------------------------------------
Finished Writing Synthesis Report : Time (s): cpu = 00:02:16 ; elapsed = 00:02:22 . Memory (MB): peak = 2089.844 ; gain = 1512.930
---------------------------------------------------------------------------------
Synthesis finished with 0 errors, 0 critical warnings and 216 warnings.
Synthesis Optimization Runtime : Time (s): cpu = 00:01:56 ; elapsed = 00:02:14 . Memory (MB): peak = 2089.844 ; gain = 1390.426
Synthesis Optimization Complete : Time (s): cpu = 00:02:17 ; elapsed = 00:02:23 . Memory (MB): peak = 2089.844 ; gain = 1512.930
INFO: [Project 1-571] Translating synthesized netlist
Netlist sorting complete. Time (s): cpu = 00:00:00 ; elapsed = 00:00:00.345 . Memory (MB): peak = 2126.371 ; gain = 0.000
INFO: [Netlist 29-17] Analyzing 4833 Unisim elements for replacement
INFO: [Netlist 29-28] Unisim Transformation completed in 1 CPU seconds
INFO: [Project 1-570] Preparing netlist for logic optimization
INFO: [Opt 31-138] Pushed 0 inverter(s) to 0 load pin(s).
Netlist sorting complete. Time (s): cpu = 00:00:00 ; elapsed = 00:00:00.012 . Memory (MB): peak = 2137.855 ; gain = 0.000
INFO: [Project 1-111] Unisim Transformation Summary:
  A total of 113 instances were transformed.
  IOBUF => IOBUF (IBUF, OBUFT): 45 instances
  RAM16X1D => RAM32X1D (RAMD32(x2)): 26 instances
  RAM32M => RAM32M (RAMD32(x6), RAMS32(x2)): 28 instances
  RAM32X1D => RAM32X1D (RAMD32(x2)): 2 instances
  RAM64M => RAM64M (RAMD64E(x4)): 12 instances

Synth Design complete | Checksum: 7bd5f3c2
INFO: [Common 17-83] Releasing license: Synthesis
723 Infos, 235 Warnings, 0 Critical Warnings and 0 Errors encountered.
synth_design completed successfully
synth_design: Time (s): cpu = 00:02:25 ; elapsed = 00:02:35 . Memory (MB): peak = 2137.855 ; gain = 1802.977
Write ShapeDB Complete: Time (s): cpu = 00:00:00 ; elapsed = 00:00:00.056 . Memory (MB): peak = 2137.855 ; gain = 0.000
INFO: [Common 17-1381] The checkpoint 'C:/Users/hasse/source/repos/hasseily/appletini-one/project/appletini_yarz.runs/synth_1/appletini_yarz_top.dcp' has been generated.
INFO: [Vivado 12-24828] Executing command : report_utilization -file appletini_yarz_top_utilization_synth.rpt -pb appletini_yarz_top_utilization_synth.pb
INFO: [Common 17-206] Exiting Vivado at Mon Jul 20 13:13:18 2026...
[Mon Jul 20 13:13:20 2026] synth_1 finished
wait_on_runs: Time (s): cpu = 00:00:00 ; elapsed = 00:02:46 . Memory (MB): peak = 353.434 ; gain = 0.000
Launching implementation to write_bitstream...
[Mon Jul 20 13:13:22 2026] Launched impl_1...
Run output will be captured here: C:/Users/hasse/source/repos/hasseily/appletini-one/project/appletini_yarz.runs/impl_1/runme.log
[Mon Jul 20 13:13:22 2026] Waiting for impl_1 to finish...


*** Running vivado
    with args -log appletini_yarz_top.vdi -applog -m64 -product Vivado -messageDb vivado.pb -mode batch -source appletini_yarz_top.tcl -notrace



****** Vivado v2025.2 (64-bit)
  **** SW Build 6299465 on Fri Nov 14 19:35:11 GMT 2025
  **** IP Build 6300035 on Fri Nov 14 10:48:45 MST 2025
  **** SharedData Build 6298862 on Thu Nov 13 04:50:51 MST 2025
  **** Start of session at: Mon Jul 20 13:13:28 2026
    ** Copyright 1986-2022 Xilinx, Inc. All Rights Reserved.
    ** Copyright 2022-2025 Advanced Micro Devices, Inc. All Rights Reserved.

INFO: [Common 17-1239] XILINX_LOCAL_USER_DATA is set to 'NO'.
INFO: [Common 17-748] XILINX_TCLAPP_REPO is set to 'C:/Xilinx/2025.2/Vivado/data/XilinxTclStore'. Refresh XilinxTclStore catalog is disabled when XILINX_TCLAPP_REPO is set.
source appletini_yarz_top.tcl -notrace
INFO: [IP_Flow 19-234] Refreshing IP repositories
INFO: [IP_Flow 19-1704] No user IP repositories specified
INFO: [IP_Flow 19-2313] Loaded Vivado IP repository 'C:/Xilinx/2025.2/Vivado/data/ip'.
Command: link_design -top appletini_yarz_top -part xc7z020clg484-2
Design is defaulting to srcset: sources_1
Design is defaulting to constrset: constrs_1
INFO: [Device 21-403] Loading part xc7z020clg484-2
INFO: [Project 1-5699] Read binary netlist with skipMacroContent - 1
INFO: [Project 1-454] Reading design checkpoint 'c:/Users/hasse/source/repos/hasseily/appletini-one/project/appletini_yarz.gen/sources_1/bd/zynq_ps_bd/ip/zynq_ps_bd_clk_wiz_0_0/zynq_ps_bd_clk_wiz_0_0.dcp' for cell 'zynq_ps_i/zynq_ps_bd_i/clk_wiz_0'
INFO: [Project 1-454] Reading design checkpoint 'c:/Users/hasse/source/repos/hasseily/appletini-one/project/appletini_yarz.gen/sources_1/bd/zynq_ps_bd/ip/zynq_ps_bd_clk_wiz_1_0/zynq_ps_bd_clk_wiz_1_0.dcp' for cell 'zynq_ps_i/zynq_ps_bd_i/clk_wiz_1'
INFO: [Project 1-454] Reading design checkpoint 'c:/Users/hasse/source/repos/hasseily/appletini-one/project/appletini_yarz.gen/sources_1/bd/zynq_ps_bd/ip/zynq_ps_bd_proc_sys_reset_0_0/zynq_ps_bd_proc_sys_reset_0_0.dcp' for cell 'zynq_ps_i/zynq_ps_bd_i/proc_sys_reset_0'
INFO: [Project 1-454] Reading design checkpoint 'c:/Users/hasse/source/repos/hasseily/appletini-one/project/appletini_yarz.gen/sources_1/bd/zynq_ps_bd/ip/zynq_ps_bd_proc_sys_reset_2_0/zynq_ps_bd_proc_sys_reset_2_0.dcp' for cell 'zynq_ps_i/zynq_ps_bd_i/proc_sys_reset_2'
INFO: [Project 1-454] Reading design checkpoint 'c:/Users/hasse/source/repos/hasseily/appletini-one/project/appletini_yarz.gen/sources_1/bd/zynq_ps_bd/ip/zynq_ps_bd_processing_system7_0_0/zynq_ps_bd_processing_system7_0_0.dcp' for cell 'zynq_ps_i/zynq_ps_bd_i/processing_system7_0'
Netlist sorting complete. Time (s): cpu = 00:00:00 ; elapsed = 00:00:00.222 . Memory (MB): peak = 670.965 ; gain = 0.000
INFO: [Netlist 29-17] Analyzing 4835 Unisim elements for replacement
INFO: [Netlist 29-28] Unisim Transformation completed in 0 CPU seconds
INFO: [Project 1-479] Netlist was created with Vivado 2025.2
INFO: [Project 1-570] Preparing netlist for logic optimization
Parsing XDC File [c:/Users/hasse/source/repos/hasseily/appletini-one/project/appletini_yarz.gen/sources_1/bd/zynq_ps_bd/ip/zynq_ps_bd_processing_system7_0_0/zynq_ps_bd_processing_system7_0_0.xdc] for cell 'zynq_ps_i/zynq_ps_bd_i/processing_system7_0/inst'
WARNING: [Vivado 12-2489] -input_jitter contains time 0.199980 which will be rounded to 0.200 to ensure it is an integer multiple of 1 picosecond [c:/Users/hasse/source/repos/hasseily/appletini-one/project/appletini_yarz.gen/sources_1/bd/zynq_ps_bd/ip/zynq_ps_bd_processing_system7_0_0/zynq_ps_bd_processing_system7_0_0.xdc:21]
WARNING: [Vivado 12-2489] -input_jitter contains time 0.224970 which will be rounded to 0.225 to ensure it is an integer multiple of 1 picosecond [c:/Users/hasse/source/repos/hasseily/appletini-one/project/appletini_yarz.gen/sources_1/bd/zynq_ps_bd/ip/zynq_ps_bd_processing_system7_0_0/zynq_ps_bd_processing_system7_0_0.xdc:24]
Finished Parsing XDC File [c:/Users/hasse/source/repos/hasseily/appletini-one/project/appletini_yarz.gen/sources_1/bd/zynq_ps_bd/ip/zynq_ps_bd_processing_system7_0_0/zynq_ps_bd_processing_system7_0_0.xdc] for cell 'zynq_ps_i/zynq_ps_bd_i/processing_system7_0/inst'
Parsing XDC File [c:/Users/hasse/source/repos/hasseily/appletini-one/project/appletini_yarz.gen/sources_1/bd/zynq_ps_bd/ip/zynq_ps_bd_proc_sys_reset_0_0/zynq_ps_bd_proc_sys_reset_0_0_board.xdc] for cell 'zynq_ps_i/zynq_ps_bd_i/proc_sys_reset_0/U0'
Finished Parsing XDC File [c:/Users/hasse/source/repos/hasseily/appletini-one/project/appletini_yarz.gen/sources_1/bd/zynq_ps_bd/ip/zynq_ps_bd_proc_sys_reset_0_0/zynq_ps_bd_proc_sys_reset_0_0_board.xdc] for cell 'zynq_ps_i/zynq_ps_bd_i/proc_sys_reset_0/U0'
Parsing XDC File [c:/Users/hasse/source/repos/hasseily/appletini-one/project/appletini_yarz.gen/sources_1/bd/zynq_ps_bd/ip/zynq_ps_bd_clk_wiz_0_0/zynq_ps_bd_clk_wiz_0_0_board.xdc] for cell 'zynq_ps_i/zynq_ps_bd_i/clk_wiz_0/inst'
Finished Parsing XDC File [c:/Users/hasse/source/repos/hasseily/appletini-one/project/appletini_yarz.gen/sources_1/bd/zynq_ps_bd/ip/zynq_ps_bd_clk_wiz_0_0/zynq_ps_bd_clk_wiz_0_0_board.xdc] for cell 'zynq_ps_i/zynq_ps_bd_i/clk_wiz_0/inst'
Parsing XDC File [c:/Users/hasse/source/repos/hasseily/appletini-one/project/appletini_yarz.gen/sources_1/bd/zynq_ps_bd/ip/zynq_ps_bd_clk_wiz_0_0/zynq_ps_bd_clk_wiz_0_0.xdc] for cell 'zynq_ps_i/zynq_ps_bd_i/clk_wiz_0/inst'
Finished Parsing XDC File [c:/Users/hasse/source/repos/hasseily/appletini-one/project/appletini_yarz.gen/sources_1/bd/zynq_ps_bd/ip/zynq_ps_bd_clk_wiz_0_0/zynq_ps_bd_clk_wiz_0_0.xdc] for cell 'zynq_ps_i/zynq_ps_bd_i/clk_wiz_0/inst'
Parsing XDC File [c:/Users/hasse/source/repos/hasseily/appletini-one/project/appletini_yarz.gen/sources_1/bd/zynq_ps_bd/ip/zynq_ps_bd_proc_sys_reset_2_0/zynq_ps_bd_proc_sys_reset_2_0_board.xdc] for cell 'zynq_ps_i/zynq_ps_bd_i/proc_sys_reset_2/U0'
Finished Parsing XDC File [c:/Users/hasse/source/repos/hasseily/appletini-one/project/appletini_yarz.gen/sources_1/bd/zynq_ps_bd/ip/zynq_ps_bd_proc_sys_reset_2_0/zynq_ps_bd_proc_sys_reset_2_0_board.xdc] for cell 'zynq_ps_i/zynq_ps_bd_i/proc_sys_reset_2/U0'
Parsing XDC File [c:/Users/hasse/source/repos/hasseily/appletini-one/project/appletini_yarz.gen/sources_1/bd/zynq_ps_bd/ip/zynq_ps_bd_clk_wiz_1_0/zynq_ps_bd_clk_wiz_1_0_board.xdc] for cell 'zynq_ps_i/zynq_ps_bd_i/clk_wiz_1/inst'
Finished Parsing XDC File [c:/Users/hasse/source/repos/hasseily/appletini-one/project/appletini_yarz.gen/sources_1/bd/zynq_ps_bd/ip/zynq_ps_bd_clk_wiz_1_0/zynq_ps_bd_clk_wiz_1_0_board.xdc] for cell 'zynq_ps_i/zynq_ps_bd_i/clk_wiz_1/inst'
Parsing XDC File [c:/Users/hasse/source/repos/hasseily/appletini-one/project/appletini_yarz.gen/sources_1/bd/zynq_ps_bd/ip/zynq_ps_bd_clk_wiz_1_0/zynq_ps_bd_clk_wiz_1_0.xdc] for cell 'zynq_ps_i/zynq_ps_bd_i/clk_wiz_1/inst'
Finished Parsing XDC File [c:/Users/hasse/source/repos/hasseily/appletini-one/project/appletini_yarz.gen/sources_1/bd/zynq_ps_bd/ip/zynq_ps_bd_clk_wiz_1_0/zynq_ps_bd_clk_wiz_1_0.xdc] for cell 'zynq_ps_i/zynq_ps_bd_i/clk_wiz_1/inst'
Parsing XDC File [C:/Users/hasse/source/repos/hasseily/appletini-one/hdl/constraints/appletini_yarz.xdc]
Finished Parsing XDC File [C:/Users/hasse/source/repos/hasseily/appletini-one/hdl/constraints/appletini_yarz.xdc]
WARNING: [Power 33-324] Setting switching activity is not supported on the clock net audio_i2s_mclk. Please use create_clock constraints to modify the clock property and run the report power
WARNING: [Power 33-294] Please check port connectivity. For differential IOs, refer to P side instead of N side for setting/reporting switching activities.
WARNING: [Power 33-294] Please check port connectivity. For differential IOs, refer to P side instead of N side for setting/reporting switching activities.
WARNING: [Power 33-294] Please check port connectivity. For differential IOs, refer to P side instead of N side for setting/reporting switching activities.
WARNING: [Power 33-294] Please check port connectivity. For differential IOs, refer to P side instead of N side for setting/reporting switching activities.
WARNING: [Power 33-294] Please check port connectivity. For differential IOs, refer to P side instead of N side for setting/reporting switching activities.
WARNING: [Power 33-294] Please check port connectivity. For differential IOs, refer to P side instead of N side for setting/reporting switching activities.
WARNING: [Power 33-294] Please check port connectivity. For differential IOs, refer to P side instead of N side for setting/reporting switching activities.
WARNING: [Power 33-294] Please check port connectivity. For differential IOs, refer to P side instead of N side for setting/reporting switching activities.
WARNING: [Power 33-294] Please check port connectivity. For differential IOs, refer to P side instead of N side for setting/reporting switching activities.
WARNING: [Power 33-294] Please check port connectivity. For differential IOs, refer to P side instead of N side for setting/reporting switching activities.
WARNING: [Power 33-294] Please check port connectivity. For differential IOs, refer to P side instead of N side for setting/reporting switching activities.
WARNING: [Power 33-324] Setting switching activity is not supported on the clock net audio_i2s_bick. Please use create_clock constraints to modify the clock property and run the report power
Parsing XDC File [c:/Users/hasse/source/repos/hasseily/appletini-one/project/appletini_yarz.gen/sources_1/bd/zynq_ps_bd/ip/zynq_ps_bd_clk_wiz_0_0/zynq_ps_bd_clk_wiz_0_0_late.xdc] for cell 'zynq_ps_i/zynq_ps_bd_i/clk_wiz_0/inst'
Finished Parsing XDC File [c:/Users/hasse/source/repos/hasseily/appletini-one/project/appletini_yarz.gen/sources_1/bd/zynq_ps_bd/ip/zynq_ps_bd_clk_wiz_0_0/zynq_ps_bd_clk_wiz_0_0_late.xdc] for cell 'zynq_ps_i/zynq_ps_bd_i/clk_wiz_0/inst'
Parsing XDC File [c:/Users/hasse/source/repos/hasseily/appletini-one/project/appletini_yarz.gen/sources_1/bd/zynq_ps_bd/ip/zynq_ps_bd_clk_wiz_1_0/zynq_ps_bd_clk_wiz_1_0_late.xdc] for cell 'zynq_ps_i/zynq_ps_bd_i/clk_wiz_1/inst'
Finished Parsing XDC File [c:/Users/hasse/source/repos/hasseily/appletini-one/project/appletini_yarz.gen/sources_1/bd/zynq_ps_bd/ip/zynq_ps_bd_clk_wiz_1_0/zynq_ps_bd_clk_wiz_1_0_late.xdc] for cell 'zynq_ps_i/zynq_ps_bd_i/clk_wiz_1/inst'
INFO: [Project 1-1714] 20 XPM XDC files have been applied to the design.
INFO: [Opt 31-138] Pushed 0 inverter(s) to 0 load pin(s).
Netlist sorting complete. Time (s): cpu = 00:00:00 ; elapsed = 00:00:00.008 . Memory (MB): peak = 1486.262 ; gain = 0.000
INFO: [Project 1-111] Unisim Transformation Summary:
  A total of 113 instances were transformed.
  IOBUF => IOBUF (IBUF, OBUFT): 45 instances
  RAM16X1D => RAM32X1D (RAMD32(x2)): 26 instances
  RAM32M => RAM32M (RAMD32(x6), RAMS32(x2)): 28 instances
  RAM32X1D => RAM32X1D (RAMD32(x2)): 2 instances
  RAM64M => RAM64M (RAMD64E(x4)): 12 instances

17 Infos, 15 Warnings, 0 Critical Warnings and 0 Errors encountered.
link_design completed successfully
link_design: Time (s): cpu = 00:00:17 ; elapsed = 00:00:16 . Memory (MB): peak = 1486.262 ; gain = 1145.598
Command: opt_design -directive Explore
INFO: [Vivado_Tcl 4-136] Directive used for opt_design is: Explore
Attempting to get a license for feature 'Implementation' and/or device 'xc7z020'
INFO: [Common 17-349] Got license for feature 'Implementation' and/or device 'xc7z020'
Running DRC as a precondition to command opt_design

Starting DRC Task
INFO: [DRC 23-27] Running DRC with 2 threads
INFO: [Project 1-461] DRC finished with 0 Errors, 2 Warnings
INFO: [Project 1-462] Please refer to the DRC report (report_drc) for more information.

Time (s): cpu = 00:00:01 ; elapsed = 00:00:00.481 . Memory (MB): peak = 1486.262 ; gain = 0.000

Starting Logic Optimization Task

Phase 1 Initialization

Phase 1.1 Core Generation And Design Setup
Phase 1.1 Core Generation And Design Setup | Checksum: 202daa894

Time (s): cpu = 00:00:00 ; elapsed = 00:00:00.020 . Memory (MB): peak = 1843.641 ; gain = 0.000

Phase 1.2 Setup Constraints And Sort Netlist
Phase 1.2 Setup Constraints And Sort Netlist | Checksum: 202daa894

Time (s): cpu = 00:00:00 ; elapsed = 00:00:00.037 . Memory (MB): peak = 1843.641 ; gain = 0.000
Phase 1 Initialization | Checksum: 202daa894

Time (s): cpu = 00:00:00 ; elapsed = 00:00:00.039 . Memory (MB): peak = 1843.641 ; gain = 0.000

Phase 2 Timer Update And Timing Data Collection

Phase 2.1 Detect if minReqCache needed
Phase 2.1 Detect if minReqCache needed | Checksum: 202daa894

Time (s): cpu = 00:00:00 ; elapsed = 00:00:00.055 . Memory (MB): peak = 1843.680 ; gain = 0.039

Phase 2.2 Timer Update
INFO: [Timing 38-35] Done setting XDC timing constraints.
Phase 2.2 Timer Update | Checksum: 202daa894

Time (s): cpu = 00:00:02 ; elapsed = 00:00:01 . Memory (MB): peak = 1912.320 ; gain = 68.680

Phase 2.3 Timing Data Collection
Phase 2.3 Timing Data Collection | Checksum: 202daa894

Time (s): cpu = 00:00:02 ; elapsed = 00:00:01 . Memory (MB): peak = 1912.320 ; gain = 68.680
Phase 2 Timer Update And Timing Data Collection | Checksum: 202daa894

Time (s): cpu = 00:00:02 ; elapsed = 00:00:01 . Memory (MB): peak = 1912.320 ; gain = 68.680

Phase 3 Retarget
INFO: [Opt 31-1851] Number of loadless carry chains removed were: 0
INFO: [Opt 31-1834] Total Chains To Be Transformed Were: 0 AND Number of Transformed insts Created are: 0
INFO: [Opt 31-1566] Pulled 28 inverters resulting in an inversion of 603 pins
INFO: [Opt 31-138] Pushed 4 inverter(s) to 25 load pin(s).
INFO: [Opt 31-49] Retargeted 0 cell(s).
Phase 3 Retarget | Checksum: aa9337c3

Time (s): cpu = 00:00:02 ; elapsed = 00:00:02 . Memory (MB): peak = 1912.320 ; gain = 68.680
Retarget | Checksum: aa9337c3
INFO: [Opt 31-389] Phase Retarget created 24 cells and removed 126 cells
INFO: [Opt 31-1021] In phase Retarget, 3 netlist objects are constrained preventing optimization. Please run opt_design with -debug_log to get more detail. 

Phase 4 Constant propagation
INFO: [Opt 31-138] Pushed 0 inverter(s) to 0 load pin(s).
Phase 4 Constant propagation | Checksum: 17354848e

Time (s): cpu = 00:00:03 ; elapsed = 00:00:02 . Memory (MB): peak = 1912.320 ; gain = 68.680
Constant propagation | Checksum: 17354848e
INFO: [Opt 31-389] Phase Constant propagation created 1 cells and removed 6 cells
INFO: [Opt 31-1021] In phase Constant propagation, 17 netlist objects are constrained preventing optimization. Please run opt_design with -debug_log to get more detail. 

Phase 5 Sweep
INFO: [Constraints 18-11670] Building netlist checker database with flags, 0x8
Done building netlist checker database: Time (s): cpu = 00:00:00 ; elapsed = 00:00:00.009 . Memory (MB): peak = 1912.320 ; gain = 0.000
INFO: [Constraints 18-11670] Building netlist checker database with flags, 0x8
Done building netlist checker database: Time (s): cpu = 00:00:00 ; elapsed = 00:00:00.009 . Memory (MB): peak = 1912.320 ; gain = 0.000
Phase 5 Sweep | Checksum: 1be5b3b4c

Time (s): cpu = 00:00:03 ; elapsed = 00:00:03 . Memory (MB): peak = 1912.320 ; gain = 68.680
Sweep | Checksum: 1be5b3b4c
INFO: [Opt 31-389] Phase Sweep created 0 cells and removed 311 cells

Phase 6 BUFG optimization
Phase 6 BUFG optimization | Checksum: 1be5b3b4c

Time (s): cpu = 00:00:04 ; elapsed = 00:00:03 . Memory (MB): peak = 1912.320 ; gain = 68.680
BUFG optimization | Checksum: 1be5b3b4c
INFO: [Opt 31-662] Phase BUFG optimization created 0 cells of which 0 are BUFGs and removed 0 cells.

Phase 7 Shift Register Optimization
INFO: [Opt 31-1064] SRL Remap converted 0 SRLs to 0 registers and converted 0 registers of register chains to 0 SRLs
Phase 7 Shift Register Optimization | Checksum: 1be5b3b4c

Time (s): cpu = 00:00:04 ; elapsed = 00:00:03 . Memory (MB): peak = 1912.320 ; gain = 68.680
Shift Register Optimization | Checksum: 1be5b3b4c
INFO: [Opt 31-389] Phase Shift Register Optimization created 0 cells and removed 0 cells
INFO: [Opt 31-1555] control_set_opt supports Versal devices only, and device 7z020 is unsupported

Phase 8 Post Processing Netlist
Phase 8 Post Processing Netlist | Checksum: 198d432d0

Time (s): cpu = 00:00:04 ; elapsed = 00:00:03 . Memory (MB): peak = 1912.320 ; gain = 68.680
Post Processing Netlist | Checksum: 198d432d0
INFO: [Opt 31-389] Phase Post Processing Netlist created 0 cells and removed 0 cells
INFO: [Opt 31-1021] In phase Post Processing Netlist, 1 netlist objects are constrained preventing optimization. Please run opt_design with -debug_log to get more detail. 

Phase 9 Finalization

Phase 9.1 Finalizing Design Cores and Updating Shapes
Phase 9.1 Finalizing Design Cores and Updating Shapes | Checksum: 15bac27bc

Time (s): cpu = 00:00:04 ; elapsed = 00:00:04 . Memory (MB): peak = 1912.320 ; gain = 68.680

Phase 9.2 Verifying Netlist Connectivity

Starting Connectivity Check Task

Time (s): cpu = 00:00:00 ; elapsed = 00:00:00.053 . Memory (MB): peak = 1912.320 ; gain = 0.000
Phase 9.2 Verifying Netlist Connectivity | Checksum: 15bac27bc

Time (s): cpu = 00:00:05 ; elapsed = 00:00:04 . Memory (MB): peak = 1912.320 ; gain = 68.680
Phase 9 Finalization | Checksum: 15bac27bc

Time (s): cpu = 00:00:05 ; elapsed = 00:00:04 . Memory (MB): peak = 1912.320 ; gain = 68.680
Opt_design Change Summary
=========================


-------------------------------------------------------------------------------------------------------------------------
|  Phase                        |  #Cells created  |  #Cells Removed  |  #Constrained objects preventing optimizations  |
-------------------------------------------------------------------------------------------------------------------------
|  Retarget                     |              24  |             126  |                                              3  |
|  Constant propagation         |               1  |               6  |                                             17  |
|  Sweep                        |               0  |             311  |                                              0  |
|  BUFG optimization            |               0  |               0  |                                              0  |
|  Shift Register Optimization  |               0  |               0  |                                              0  |
|  Post Processing Netlist      |               0  |               0  |                                              1  |
-------------------------------------------------------------------------------------------------------------------------


Ending Logic Optimization Task | Checksum: 15bac27bc

Time (s): cpu = 00:00:05 ; elapsed = 00:00:04 . Memory (MB): peak = 1912.320 ; gain = 68.680
Netlist sorting complete. Time (s): cpu = 00:00:00 ; elapsed = 00:00:00.008 . Memory (MB): peak = 1912.320 ; gain = 0.000
INFO: [Common 17-83] Releasing license: Implementation
43 Infos, 15 Warnings, 0 Critical Warnings and 0 Errors encountered.
opt_design completed successfully
opt_design: Time (s): cpu = 00:00:08 ; elapsed = 00:00:07 . Memory (MB): peak = 1912.320 ; gain = 426.059
INFO: [Vivado 12-24828] Executing command : report_drc -file appletini_yarz_top_drc_opted.rpt -pb appletini_yarz_top_drc_opted.pb -rpx appletini_yarz_top_drc_opted.rpx
Command: report_drc -file appletini_yarz_top_drc_opted.rpt -pb appletini_yarz_top_drc_opted.pb -rpx appletini_yarz_top_drc_opted.rpx
INFO: [IP_Flow 19-1839] IP Catalog is up to date.
INFO: [DRC 23-27] Running DRC with 2 threads
INFO: [Vivado_Tcl 2-168] The results of DRC are in file C:/Users/hasse/source/repos/hasseily/appletini-one/project/appletini_yarz.runs/impl_1/appletini_yarz_top_drc_opted.rpt.
report_drc completed successfully
INFO: [Timing 38-480] Writing timing data to binary archive.
Wrote PlaceDB: Time (s): cpu = 00:00:00 ; elapsed = 00:00:00 . Memory (MB): peak = 1912.320 ; gain = 0.000
Wrote PulsedLatchDB: Time (s): cpu = 00:00:00 ; elapsed = 00:00:00 . Memory (MB): peak = 1912.320 ; gain = 0.000
Writing XDEF routing.
Writing XDEF routing logical nets.
Writing XDEF routing special nets.
Wrote RouteStorage: Time (s): cpu = 00:00:01 ; elapsed = 00:00:00.039 . Memory (MB): peak = 1912.320 ; gain = 0.000
Wrote PlaceStorage: Time (s): cpu = 00:00:00 ; elapsed = 00:00:00.010 . Memory (MB): peak = 1912.320 ; gain = 0.000
Wrote Netlist Cache: Time (s): cpu = 00:00:00 ; elapsed = 00:00:00.001 . Memory (MB): peak = 1912.320 ; gain = 0.000
Write ShapeDB Complete: Time (s): cpu = 00:00:01 ; elapsed = 00:00:00.059 . Memory (MB): peak = 1912.320 ; gain = 0.000
Wrote Device Cache: Time (s): cpu = 00:00:00 ; elapsed = 00:00:00.008 . Memory (MB): peak = 1912.320 ; gain = 0.000
Write Physdb Complete: Time (s): cpu = 00:00:01 ; elapsed = 00:00:00.066 . Memory (MB): peak = 1912.320 ; gain = 0.000
INFO: [Common 17-1381] The checkpoint 'C:/Users/hasse/source/repos/hasseily/appletini-one/project/appletini_yarz.runs/impl_1/appletini_yarz_top_opt.dcp' has been generated.
Command: place_design -directive Explore
Attempting to get a license for feature 'Implementation' and/or device 'xc7z020'
INFO: [Common 17-349] Got license for feature 'Implementation' and/or device 'xc7z020'
INFO: [Common 17-83] Releasing license: Implementation
INFO: [DRC 23-27] Running DRC with 2 threads
INFO: [Vivado_Tcl 4-198] DRC finished with 0 Errors
INFO: [Vivado_Tcl 4-199] Please refer to the DRC report (report_drc) for more information.
INFO: [Timing 38-35] Done setting XDC timing constraints.
INFO: [Vivado_Tcl 4-2302] The placer was invoked with the 'Explore' directive.
Running DRC as a precondition to command place_design
INFO: [DRC 23-27] Running DRC with 2 threads
INFO: [Vivado_Tcl 4-198] DRC finished with 0 Errors, 38 Warnings
INFO: [Vivado_Tcl 4-199] Please refer to the DRC report (report_drc) for more information.
INFO: [Place 30-611] Multithreading enabled for place_design using a maximum of 2 CPUs

Starting Placer Task

Phase 1 Placer Initialization

Phase 1.1 Placer Initialization Netlist Sorting
Netlist sorting complete. Time (s): cpu = 00:00:00 ; elapsed = 00:00:00.008 . Memory (MB): peak = 1912.320 ; gain = 0.000
Phase 1.1 Placer Initialization Netlist Sorting | Checksum: 13388aacf

Time (s): cpu = 00:00:00 ; elapsed = 00:00:00.014 . Memory (MB): peak = 1912.320 ; gain = 0.000
Netlist sorting complete. Time (s): cpu = 00:00:00 ; elapsed = 00:00:00.008 . Memory (MB): peak = 1912.320 ; gain = 0.000

Phase 1.2 IO Placement/ Clock Placement/ Build Placer Device
Phase 1.2 IO Placement/ Clock Placement/ Build Placer Device | Checksum: 19daf1132

Time (s): cpu = 00:00:02 ; elapsed = 00:00:01 . Memory (MB): peak = 1912.320 ; gain = 0.000

Phase 1.3 Build Placer Netlist Model
Phase 1.3 Build Placer Netlist Model | Checksum: fcfc73b3

Time (s): cpu = 00:00:10 ; elapsed = 00:00:07 . Memory (MB): peak = 1912.320 ; gain = 0.000

Phase 1.4 Constrain Clocks/Macros
Phase 1.4 Constrain Clocks/Macros | Checksum: fcfc73b3

Time (s): cpu = 00:00:10 ; elapsed = 00:00:07 . Memory (MB): peak = 1912.320 ; gain = 0.000
Phase 1 Placer Initialization | Checksum: fcfc73b3

Time (s): cpu = 00:00:10 ; elapsed = 00:00:08 . Memory (MB): peak = 1912.320 ; gain = 0.000

Phase 2 Global Placement

Phase 2.1 Floorplanning
Phase 2.1 Floorplanning | Checksum: 1370a714d

Time (s): cpu = 00:00:15 ; elapsed = 00:00:10 . Memory (MB): peak = 1912.320 ; gain = 0.000

Phase 2.2 Update Timing before SLR Path Opt
Phase 2.2 Update Timing before SLR Path Opt | Checksum: 12e210e2e

Time (s): cpu = 00:00:19 ; elapsed = 00:00:13 . Memory (MB): peak = 1912.320 ; gain = 0.000

Phase 2.3 Post-Processing in Floorplanning
Phase 2.3 Post-Processing in Floorplanning | Checksum: 1099227b5

Time (s): cpu = 00:00:19 ; elapsed = 00:00:13 . Memory (MB): peak = 1912.320 ; gain = 0.000

Phase 2.4 Global Place Phase1
Phase 2.4 Global Place Phase1 | Checksum: b7c121f9

Time (s): cpu = 00:00:56 ; elapsed = 00:00:34 . Memory (MB): peak = 1912.320 ; gain = 0.000

Phase 2.5 Global Place Phase2

Phase 2.5.1 UpdateTiming Before Physical Synthesis
Phase 2.5.1 UpdateTiming Before Physical Synthesis | Checksum: 11e9fe442

Time (s): cpu = 00:01:02 ; elapsed = 00:00:37 . Memory (MB): peak = 1912.320 ; gain = 0.000

Phase 2.5.2 Physical Synthesis In Placer
INFO: [Physopt 32-1035] Found 38 LUTNM shape to break, 1023 LUT instances to create LUTNM shape
INFO: [Physopt 32-1044] Break lutnm for timing: one critical 32, two critical 6, total 38, new lutff created 1
INFO: [Physopt 32-1138] End 1 Pass. Optimized 428 nets or LUTs. Breaked 38 LUTs, combined 390 existing LUTs and moved 0 existing LUT
INFO: [Physopt 32-1408] Pass 1. Identified 4 candidate nets for high-fanout optimization.
INFO: [Physopt 32-81] Processed net zynq_ps_i/zynq_ps_bd_i/proc_sys_reset_0/U0/peripheral_aresetn[5]. Replicated 9 times.
INFO: [Physopt 32-81] Processed net apple_top_i/mb1/ssi263_primary_i/bus_wrapper_i/formant_backend_i/tap[1]. Replicated 6 times.
INFO: [Physopt 32-81] Processed net apple_top_i/apple_bus_wrapper_i/din[17]. Replicated 5 times.
INFO: [Physopt 32-81] Processed net apple_top_i/mb1/ssi263_primary_i/bus_wrapper_i/formant_backend_i/tap[2]. Replicated 6 times.
INFO: [Physopt 32-232] Optimized 4 nets. Created 26 new instances.
INFO: [Physopt 32-775] End 1 Pass. Optimized 4 nets or cells. Created 26 new cells, deleted 0 existing cell and moved 0 existing cell
Netlist sorting complete. Time (s): cpu = 00:00:00 ; elapsed = 00:00:00.132 . Memory (MB): peak = 1912.320 ; gain = 0.000
INFO: [Physopt 32-76] Pass 1. Identified 6 candidate nets for fanout optimization.
INFO: [Physopt 32-81] Processed net apple_top_i/apple_bus_wrapper_i/din[9]. Replicated 6 times.
INFO: [Physopt 32-81] Processed net apple_top_i/apple_bus_wrapper_i/din[10]. Replicated 6 times.
INFO: [Physopt 32-81] Processed net apple_top_i/apple_bus_wrapper_i/din[8]. Replicated 5 times.
INFO: [Physopt 32-81] Processed net apple_top_i/apple_bus_wrapper_i/din[5]. Replicated 9 times.
INFO: [Physopt 32-81] Processed net apple_top_i/apple_bus_wrapper_i/din[6]. Replicated 1 times.
INFO: [Physopt 32-232] Optimized 5 nets. Created 27 new instances.
INFO: [Physopt 32-775] End 1 Pass. Optimized 5 nets or cells. Created 27 new cells, deleted 0 existing cell and moved 0 existing cell
Netlist sorting complete. Time (s): cpu = 00:00:01 ; elapsed = 00:00:00.048 . Memory (MB): peak = 1912.320 ; gain = 0.000
INFO: [Physopt 32-457] Pass 1. Identified 1 candidate cell for DSP register optimization.
INFO: [Physopt 32-665] Processed cell apple_top_i/mb1/ssi263_primary_i/bus_wrapper_i/formant_backend_i/mac_product_return0. 40 registers were pushed out.
INFO: [Physopt 32-775] End 2 Pass. Optimized 1 net or cell. Created 40 new cells, deleted 0 existing cell and moved 0 existing cell
Netlist sorting complete. Time (s): cpu = 00:00:00 ; elapsed = 00:00:00.029 . Memory (MB): peak = 1912.320 ; gain = 0.000
INFO: [Physopt 32-1123] No candidate cells found for Shift Register to Pipeline optimization
INFO: [Physopt 32-775] End 2 Pass. Optimized 0 net or cell. Created 0 new cell, deleted 0 existing cell and moved 0 existing cell
INFO: [Physopt 32-1401] No candidate cells found for Shift Register optimization.
INFO: [Physopt 32-677] No candidate cells for Shift Register optimization found in the design
INFO: [Physopt 32-775] End 1 Pass. Optimized 0 net or cell. Created 0 new cell, deleted 0 existing cell and moved 0 existing cell
INFO: [Physopt 32-526] No candidate cells for BRAM register optimization found in the design
INFO: [Physopt 32-775] End 1 Pass. Optimized 0 net or cell. Created 0 new cell, deleted 0 existing cell and moved 0 existing cell
INFO: [Physopt 32-846] No candidate cells for URAM register optimization found in the design
INFO: [Physopt 32-775] End 1 Pass. Optimized 0 net or cell. Created 0 new cell, deleted 0 existing cell and moved 0 existing cell
INFO: [Physopt 32-846] No candidate cells for URAM register optimization found in the design
INFO: [Physopt 32-775] End 1 Pass. Optimized 0 net or cell. Created 0 new cell, deleted 0 existing cell and moved 0 existing cell
INFO: [Physopt 32-949] No candidate nets found for dynamic/static region interface net replication
INFO: [Physopt 32-775] End 1 Pass. Optimized 0 net or cell. Created 0 new cell, deleted 0 existing cell and moved 0 existing cell
Netlist sorting complete. Time (s): cpu = 00:00:00 ; elapsed = 00:00:00.008 . Memory (MB): peak = 1912.320 ; gain = 0.000

Summary of Physical Synthesis Optimizations
============================================


-----------------------------------------------------------------------------------------------------------------------------------------------------------
|  Optimization                                     |  Added Cells  |  Removed Cells  |  Optimized Cells/Nets  |  Dont Touch  |  Iterations  |  Elapsed   |
-----------------------------------------------------------------------------------------------------------------------------------------------------------
|  LUT Combining                                    |           38  |            390  |                   428  |           0  |           1  |  00:00:01  |
|  Retime                                           |            0  |              0  |                     0  |           0  |           1  |  00:00:00  |
|  Very High Fanout                                 |           26  |              0  |                     4  |           0  |           1  |  00:00:01  |
|  Fanout                                           |           27  |              0  |                     5  |           0  |           1  |  00:00:00  |
|  DSP Register                                     |           40  |              0  |                     1  |           0  |           1  |  00:00:00  |
|  Shift Register to Pipeline                       |            0  |              0  |                     0  |           0  |           1  |  00:00:00  |
|  Shift Register                                   |            0  |              0  |                     0  |           0  |           1  |  00:00:00  |
|  BRAM Register                                    |            0  |              0  |                     0  |           0  |           1  |  00:00:00  |
|  URAM Register                                    |            0  |              0  |                     0  |           0  |           1  |  00:00:00  |
|  Dynamic/Static Region Interface Net Replication  |            0  |              0  |                     0  |           0  |           1  |  00:00:00  |
|  Total                                            |          131  |            390  |                   438  |           0  |          10  |  00:00:02  |
-----------------------------------------------------------------------------------------------------------------------------------------------------------


Phase 2.5.2 Physical Synthesis In Placer | Checksum: 21596768e

Time (s): cpu = 00:01:09 ; elapsed = 00:00:42 . Memory (MB): peak = 1912.320 ; gain = 0.000
Phase 2.5 Global Place Phase2 | Checksum: 1596dbcbc

Time (s): cpu = 00:01:10 ; elapsed = 00:00:43 . Memory (MB): peak = 1912.320 ; gain = 0.000
Phase 2 Global Placement | Checksum: 1596dbcbc

Time (s): cpu = 00:01:10 ; elapsed = 00:00:43 . Memory (MB): peak = 1912.320 ; gain = 0.000

Phase 3 Detail Placement

Phase 3.1 Commit Multi Column Macros
Phase 3.1 Commit Multi Column Macros | Checksum: 1cf7760b3

Time (s): cpu = 00:01:15 ; elapsed = 00:00:46 . Memory (MB): peak = 1912.320 ; gain = 0.000

Phase 3.2 Commit Most Macros & LUTRAMs
Phase 3.2 Commit Most Macros & LUTRAMs | Checksum: 1d49e2651

Time (s): cpu = 00:01:24 ; elapsed = 00:00:51 . Memory (MB): peak = 1912.320 ; gain = 0.000

Phase 3.3 Area Swap Optimization
Phase 3.3 Area Swap Optimization | Checksum: 1ea1ccc00

Time (s): cpu = 00:01:24 ; elapsed = 00:00:52 . Memory (MB): peak = 1912.320 ; gain = 0.000

Phase 3.4 Pipeline Register Optimization
Phase 3.4 Pipeline Register Optimization | Checksum: 1ecc92f3c

Time (s): cpu = 00:01:24 ; elapsed = 00:00:52 . Memory (MB): peak = 1912.320 ; gain = 0.000

Phase 3.5 Fast Optimization
Phase 3.5 Fast Optimization | Checksum: 168f9da0b

Time (s): cpu = 00:01:33 ; elapsed = 00:00:57 . Memory (MB): peak = 1912.320 ; gain = 0.000

Phase 3.6 Small Shape Detail Placement
Phase 3.6 Small Shape Detail Placement | Checksum: 1f7d17ab4

Time (s): cpu = 00:01:45 ; elapsed = 00:01:08 . Memory (MB): peak = 1912.320 ; gain = 0.000

Phase 3.7 Re-assign LUT pins
Phase 3.7 Re-assign LUT pins | Checksum: 284329e48

Time (s): cpu = 00:01:48 ; elapsed = 00:01:11 . Memory (MB): peak = 1912.320 ; gain = 0.000

Phase 3.8 Pipeline Register Optimization
Phase 3.8 Pipeline Register Optimization | Checksum: 270341ccb

Time (s): cpu = 00:01:48 ; elapsed = 00:01:11 . Memory (MB): peak = 1912.320 ; gain = 0.000
Phase 3 Detail Placement | Checksum: 270341ccb

Time (s): cpu = 00:01:48 ; elapsed = 00:01:12 . Memory (MB): peak = 1912.320 ; gain = 0.000

Phase 4 Post Placement Optimization and Clean-Up

Phase 4.1 Post Commit Optimization
INFO: [Timing 38-35] Done setting XDC timing constraints.

Phase 4.1.1 Post Placement Optimization
Post Placement Optimization Initialization | Checksum: 16dfa8753

Phase 4.1.1.1 BUFG Insertion

Starting Physical Synthesis Task

Phase 1 Physical Synthesis Initialization
INFO: [Physopt 32-721] Multithreading enabled for phys_opt_design using a maximum of 2 CPUs
INFO: [Physopt 32-619] Estimated Timing Summary | WNS=-0.597 | TNS=-19.100 |
Phase 1 Physical Synthesis Initialization | Checksum: e9aba6df

Time (s): cpu = 00:00:01 ; elapsed = 00:00:00.514 . Memory (MB): peak = 1986.430 ; gain = 0.000
INFO: [Place 46-33] Processed net zynq_ps_i/ticks_q0, BUFG insertion was skipped due to placement/routing conflicts.
INFO: [Place 46-33] Processed net zynq_ps_i/REGRST0, BUFG insertion was skipped due to placement/routing conflicts.
INFO: [Place 46-56] BUFG insertion identified 2 candidate nets. Inserted BUFG: 0, Replicated BUFG Driver: 0, Skipped due to Placement/Routing Conflicts: 2, Skipped due to Timing Degradation: 0, Skipped due to netlist editing failed: 0.
Ending Physical Synthesis Task | Checksum: 1e74afcb1

Time (s): cpu = 00:00:02 ; elapsed = 00:00:00.968 . Memory (MB): peak = 1986.430 ; gain = 0.000
Phase 4.1.1.1 BUFG Insertion | Checksum: 16dfa8753

Time (s): cpu = 00:02:00 ; elapsed = 00:01:19 . Memory (MB): peak = 1986.430 ; gain = 74.109

Phase 4.1.1.2 Post Placement Timing Optimization
INFO: [Place 30-746] Post Placement Timing Summary WNS=0.152. For the most accurate timing information please run report_timing.
Phase 4.1.1.2 Post Placement Timing Optimization | Checksum: 239976651

Time (s): cpu = 00:03:04 ; elapsed = 00:02:19 . Memory (MB): peak = 2001.566 ; gain = 89.246

Time (s): cpu = 00:03:04 ; elapsed = 00:02:19 . Memory (MB): peak = 2001.566 ; gain = 89.246
Phase 4.1 Post Commit Optimization | Checksum: 239976651

Time (s): cpu = 00:03:04 ; elapsed = 00:02:19 . Memory (MB): peak = 2001.566 ; gain = 89.246

Phase 4.2 Post Placement Cleanup
Phase 4.2 Post Placement Cleanup | Checksum: 239976651

Time (s): cpu = 00:03:04 ; elapsed = 00:02:19 . Memory (MB): peak = 2001.566 ; gain = 89.246

Phase 4.3 Placer Reporting

Phase 4.3.1 Print Estimated Congestion
INFO: [Place 30-612] Post-Placement Estimated Congestion 
 ____________________________________________________
|           | Global Congestion | Short Congestion  |
| Direction | Region Size       | Region Size       |
|___________|___________________|___________________|
|      North|                1x1|                4x4|
|___________|___________________|___________________|
|      South|                1x1|                2x2|
|___________|___________________|___________________|
|       East|                1x1|                4x4|
|___________|___________________|___________________|
|       West|                1x1|                2x2|
|___________|___________________|___________________|

Phase 4.3.1 Print Estimated Congestion | Checksum: 239976651

Time (s): cpu = 00:03:04 ; elapsed = 00:02:19 . Memory (MB): peak = 2001.566 ; gain = 89.246
Phase 4.3 Placer Reporting | Checksum: 239976651

Time (s): cpu = 00:03:05 ; elapsed = 00:02:19 . Memory (MB): peak = 2001.566 ; gain = 89.246

Phase 4.4 Final Placement Cleanup
Netlist sorting complete. Time (s): cpu = 00:00:00 ; elapsed = 00:00:00.009 . Memory (MB): peak = 2001.566 ; gain = 0.000

Time (s): cpu = 00:03:05 ; elapsed = 00:02:19 . Memory (MB): peak = 2001.566 ; gain = 89.246
Phase 4 Post Placement Optimization and Clean-Up | Checksum: 1d4d01584

Time (s): cpu = 00:03:05 ; elapsed = 00:02:19 . Memory (MB): peak = 2001.598 ; gain = 89.277
Ending Placer Task | Checksum: e22901cd

Time (s): cpu = 00:03:05 ; elapsed = 00:02:19 . Memory (MB): peak = 2001.598 ; gain = 89.277
102 Infos, 15 Warnings, 0 Critical Warnings and 0 Errors encountered.
place_design completed successfully
place_design: Time (s): cpu = 00:03:09 ; elapsed = 00:02:22 . Memory (MB): peak = 2001.598 ; gain = 89.277
INFO: [Vivado 12-24838] Running report commands "report_control_sets, report_io, report_utilization" in parallel.
Running report generation with 2 threads.
INFO: [Vivado 12-24828] Executing command : report_io -file appletini_yarz_top_io_placed.rpt
report_io: Time (s): cpu = 00:00:00 ; elapsed = 00:00:00.122 . Memory (MB): peak = 2001.598 ; gain = 0.000
INFO: [Vivado 12-24828] Executing command : report_control_sets -verbose -file appletini_yarz_top_control_sets_placed.rpt
report_control_sets: Time (s): cpu = 00:00:00 ; elapsed = 00:00:00.080 . Memory (MB): peak = 2001.598 ; gain = 0.000
INFO: [Vivado 12-24828] Executing command : report_utilization -file appletini_yarz_top_utilization_placed.rpt -pb appletini_yarz_top_utilization_placed.pb
INFO: [Timing 38-480] Writing timing data to binary archive.
Wrote PlaceDB: Time (s): cpu = 00:00:00 ; elapsed = 00:00:00 . Memory (MB): peak = 2004.242 ; gain = 0.000
Wrote PulsedLatchDB: Time (s): cpu = 00:00:00 ; elapsed = 00:00:00 . Memory (MB): peak = 2004.242 ; gain = 0.000
Writing XDEF routing.
Writing XDEF routing logical nets.
Writing XDEF routing special nets.
Wrote RouteStorage: Time (s): cpu = 00:00:00 ; elapsed = 00:00:00.045 . Memory (MB): peak = 2004.957 ; gain = 0.715
Write ShapeDB Complete: Time (s): cpu = 00:00:00 ; elapsed = 00:00:00.081 . Memory (MB): peak = 2006.195 ; gain = 2.074
Wrote PlaceStorage: Time (s): cpu = 00:00:03 ; elapsed = 00:00:01 . Memory (MB): peak = 2009.770 ; gain = 4.812
Wrote Netlist Cache: Time (s): cpu = 00:00:00 ; elapsed = 00:00:00.055 . Memory (MB): peak = 2009.770 ; gain = 0.000
Wrote Device Cache: Time (s): cpu = 00:00:00 ; elapsed = 00:00:00.010 . Memory (MB): peak = 2009.770 ; gain = 0.000
Write Physdb Complete: Time (s): cpu = 00:00:03 ; elapsed = 00:00:02 . Memory (MB): peak = 2009.770 ; gain = 5.648
INFO: [Common 17-1381] The checkpoint 'C:/Users/hasse/source/repos/hasseily/appletini-one/project/appletini_yarz.runs/impl_1/appletini_yarz_top_placed.dcp' has been generated.
Command: phys_opt_design -directive Explore
Attempting to get a license for feature 'Implementation' and/or device 'xc7z020'
INFO: [Common 17-349] Got license for feature 'Implementation' and/or device 'xc7z020'
INFO: [Vivado_Tcl 4-137] Directive used for phys_opt_design is: Explore

Starting Initial Update Timing Task

Time (s): cpu = 00:00:08 ; elapsed = 00:00:05 . Memory (MB): peak = 2019.734 ; gain = 9.965
INFO: [Vivado_Tcl 4-2279] Estimated Timing Summary | WNS= 0.152 | TNS= 0.000 | 
INFO: [Vivado_Tcl 4-383] Design worst setup slack (WNS) is greater than or equal to 0.000 ns. All physical synthesis setup optimizations will be skipped.
INFO: [Vivado_Tcl 4-232] No setup violation found. The netlist was not modified.
INFO: [Common 17-83] Releasing license: Implementation
114 Infos, 15 Warnings, 0 Critical Warnings and 0 Errors encountered.
phys_opt_design completed successfully
INFO: [Timing 38-480] Writing timing data to binary archive.
Wrote PlaceDB: Time (s): cpu = 00:00:00 ; elapsed = 00:00:00 . Memory (MB): peak = 2032.656 ; gain = 0.000
Wrote PulsedLatchDB: Time (s): cpu = 00:00:00 ; elapsed = 00:00:00 . Memory (MB): peak = 2032.656 ; gain = 0.000
Writing XDEF routing.
Writing XDEF routing logical nets.
Writing XDEF routing special nets.
Wrote RouteStorage: Time (s): cpu = 00:00:00 ; elapsed = 00:00:00.041 . Memory (MB): peak = 2033.336 ; gain = 0.680
Write ShapeDB Complete: Time (s): cpu = 00:00:00 ; elapsed = 00:00:00.077 . Memory (MB): peak = 2034.508 ; gain = 1.852
Wrote PlaceStorage: Time (s): cpu = 00:00:03 ; elapsed = 00:00:01 . Memory (MB): peak = 2038.094 ; gain = 4.758
Wrote Netlist Cache: Time (s): cpu = 00:00:00 ; elapsed = 00:00:00.055 . Memory (MB): peak = 2038.094 ; gain = 0.000
Wrote Device Cache: Time (s): cpu = 00:00:00 ; elapsed = 00:00:00.009 . Memory (MB): peak = 2038.094 ; gain = 0.000
Write Physdb Complete: Time (s): cpu = 00:00:03 ; elapsed = 00:00:01 . Memory (MB): peak = 2038.094 ; gain = 5.438
INFO: [Common 17-1381] The checkpoint 'C:/Users/hasse/source/repos/hasseily/appletini-one/project/appletini_yarz.runs/impl_1/appletini_yarz_top_physopt.dcp' has been generated.
Command: route_design -directive Explore -tns_cleanup
Attempting to get a license for feature 'Implementation' and/or device 'xc7z020'
INFO: [Common 17-349] Got license for feature 'Implementation' and/or device 'xc7z020'


Starting Routing Task
INFO: [Route 35-270] Using Router directive 'Explore'.
INFO: [Route 35-254] Multithreading enabled for route_design using a maximum of 2 CPUs

Phase 1 Build RT Design
Checksum: PlaceDB: a3d0d651 ConstDB: 0 ShapeSum: 285eb88c RouteDB: 15f972f0
Post Restoration Checksum: NetGraph: 55b42164 | NumContArr: a5340fa5 | Constraints: c2a8fa9d | Timing: c2a8fa9d
Phase 1 Build RT Design | Checksum: 2803a2643

Time (s): cpu = 00:00:25 ; elapsed = 00:00:18 . Memory (MB): peak = 2047.855 ; gain = 9.762

Phase 2 Router Initialization

Phase 2.1 Fix Topology Constraints
Phase 2.1 Fix Topology Constraints | Checksum: 2803a2643

Time (s): cpu = 00:00:26 ; elapsed = 00:00:18 . Memory (MB): peak = 2047.855 ; gain = 9.762

Phase 2.2 Pre Route Cleanup
Phase 2.2 Pre Route Cleanup | Checksum: 2803a2643

Time (s): cpu = 00:00:26 ; elapsed = 00:00:18 . Memory (MB): peak = 2047.855 ; gain = 9.762
 Number of Nodes with overlaps = 0

Phase 2.3 Update Timing
Phase 2.3 Update Timing | Checksum: 1c9e94ffe

Time (s): cpu = 00:00:38 ; elapsed = 00:00:25 . Memory (MB): peak = 2127.016 ; gain = 88.922
INFO: [Route 35-416] Intermediate Timing Summary | WNS=0.332  | TNS=0.000  | WHS=-0.224 | THS=-526.975|


Phase 2.4 Update Timing for Bus Skew

Phase 2.4.1 Update Timing
Phase 2.4.1 Update Timing | Checksum: 1e1d110f5

Time (s): cpu = 00:00:47 ; elapsed = 00:00:31 . Memory (MB): peak = 2155.668 ; gain = 117.574
INFO: [Route 35-416] Intermediate Timing Summary | WNS=0.332  | TNS=0.000  | WHS=-0.148 | THS=-1.473 |

Phase 2.4 Update Timing for Bus Skew | Checksum: 1a586d155

Time (s): cpu = 00:00:47 ; elapsed = 00:00:31 . Memory (MB): peak = 2158.809 ; gain = 120.715

Phase 2.5 Soft Constraint Pins - Fast Budgeting
Phase 2.5 Soft Constraint Pins - Fast Budgeting | Checksum: 1a586d155

Time (s): cpu = 00:00:47 ; elapsed = 00:00:31 . Memory (MB): peak = 2199.883 ; gain = 161.789

Router Utilization Summary
  Global Vertical Routing Utilization    = 0.00232992 %
  Global Horizontal Routing Utilization  = 0.00236646 %
  Routable Net Status*
  *Does not include unroutable nets such as driverless and loadless.
  Run report_route_status for detailed report.
  Number of Failed Nets               = 41474
    (Failed Nets is the sum of unrouted and partially routed nets)
  Number of Unrouted Nets             = 41473
  Number of Partially Routed Nets     = 1
  Number of Node Overlaps             = 0

Phase 2 Router Initialization | Checksum: 26a98c1c9

Time (s): cpu = 00:00:47 ; elapsed = 00:00:31 . Memory (MB): peak = 2199.883 ; gain = 161.789

Phase 3 Global Routing
Phase 3 Global Routing | Checksum: 26a98c1c9

Time (s): cpu = 00:00:47 ; elapsed = 00:00:31 . Memory (MB): peak = 2199.883 ; gain = 161.789

Phase 4 Initial Routing

Phase 4.1 Initial Net Routing Pass
Phase 4.1 Initial Net Routing Pass | Checksum: 2ce502060

Time (s): cpu = 00:01:01 ; elapsed = 00:00:39 . Memory (MB): peak = 2206.855 ; gain = 168.762
Phase 4 Initial Routing | Checksum: 2ce502060

Time (s): cpu = 00:01:01 ; elapsed = 00:00:39 . Memory (MB): peak = 2206.855 ; gain = 168.762

Phase 5 Rip-up And Reroute

Phase 5.1 Global Iteration 0
 Number of Nodes with overlaps = 9976
 Number of Nodes with overlaps = 2192
 Number of Nodes with overlaps = 791
 Number of Nodes with overlaps = 181
 Number of Nodes with overlaps = 54
 Number of Nodes with overlaps = 11
 Number of Nodes with overlaps = 2
 Number of Nodes with overlaps = 1
 Number of Nodes with overlaps = 0
INFO: [Route 35-416] Intermediate Timing Summary | WNS=-0.468 | TNS=-2.519 | WHS=N/A    | THS=N/A    |

Phase 5.1 Global Iteration 0 | Checksum: 1a35cddd2

Time (s): cpu = 00:01:45 ; elapsed = 00:01:15 . Memory (MB): peak = 2208.098 ; gain = 170.004

Phase 5.2 Global Iteration 1
 Number of Nodes with overlaps = 721
 Number of Nodes with overlaps = 187
 Number of Nodes with overlaps = 101
 Number of Nodes with overlaps = 67
 Number of Nodes with overlaps = 30
 Number of Nodes with overlaps = 16
 Number of Nodes with overlaps = 7
 Number of Nodes with overlaps = 11
 Number of Nodes with overlaps = 6
 Number of Nodes with overlaps = 2
 Number of Nodes with overlaps = 1
 Number of Nodes with overlaps = 0
INFO: [Route 35-416] Intermediate Timing Summary | WNS=-0.202 | TNS=-0.903 | WHS=N/A    | THS=N/A    |

Phase 5.2 Global Iteration 1 | Checksum: 27a95360b

Time (s): cpu = 00:02:05 ; elapsed = 00:01:32 . Memory (MB): peak = 2208.098 ; gain = 170.004

Phase 5.3 Global Iteration 2
 Number of Nodes with overlaps = 658
 Number of Nodes with overlaps = 179
 Number of Nodes with overlaps = 100
 Number of Nodes with overlaps = 85
 Number of Nodes with overlaps = 47
 Number of Nodes with overlaps = 13
 Number of Nodes with overlaps = 5
 Number of Nodes with overlaps = 3
 Number of Nodes with overlaps = 1
 Number of Nodes with overlaps = 2
 Number of Nodes with overlaps = 1
 Number of Nodes with overlaps = 0
INFO: [Route 35-416] Intermediate Timing Summary | WNS=-0.207 | TNS=-0.207 | WHS=N/A    | THS=N/A    |

Phase 5.3 Global Iteration 2 | Checksum: 14f310ac3

Time (s): cpu = 00:02:18 ; elapsed = 00:01:41 . Memory (MB): peak = 2208.098 ; gain = 170.004
Phase 5 Rip-up And Reroute | Checksum: 14f310ac3

Time (s): cpu = 00:02:18 ; elapsed = 00:01:41 . Memory (MB): peak = 2208.098 ; gain = 170.004

Phase 6 Delay and Skew Optimization

Phase 6.1 TNS Cleanup

Phase 6.1.1 Delay CleanUp

Phase 6.1.1.1 Update Timing
Phase 6.1.1.1 Update Timing | Checksum: 2385fd47e

Time (s): cpu = 00:02:20 ; elapsed = 00:01:42 . Memory (MB): peak = 2208.098 ; gain = 170.004
INFO: [Route 35-416] Intermediate Timing Summary | WNS=-0.105 | TNS=-0.105 | WHS=N/A    | THS=N/A    |

 Number of Nodes with overlaps = 0

Phase 6.1.1.2 Update Timing
Phase 6.1.1.2 Update Timing | Checksum: 1939c2dc9

Time (s): cpu = 00:02:20 ; elapsed = 00:01:42 . Memory (MB): peak = 2208.098 ; gain = 170.004
INFO: [Route 35-416] Intermediate Timing Summary | WNS=-0.076 | TNS=-0.076 | WHS=N/A    | THS=N/A    |

Phase 6.1.1 Delay CleanUp | Checksum: 2427bb946

Time (s): cpu = 00:02:21 ; elapsed = 00:01:43 . Memory (MB): peak = 2208.098 ; gain = 170.004
Phase 6.1 TNS Cleanup | Checksum: 2427bb946

Time (s): cpu = 00:02:21 ; elapsed = 00:01:43 . Memory (MB): peak = 2208.098 ; gain = 170.004

Phase 6.2 Clock Skew Optimization
Phase 6.2 Clock Skew Optimization | Checksum: 2427bb946

Time (s): cpu = 00:02:21 ; elapsed = 00:01:43 . Memory (MB): peak = 2208.098 ; gain = 170.004
Phase 6 Delay and Skew Optimization | Checksum: 2427bb946

Time (s): cpu = 00:02:21 ; elapsed = 00:01:43 . Memory (MB): peak = 2208.098 ; gain = 170.004

Phase 7 Post Hold Fix

Phase 7.1 Hold Fix Iter
INFO: [Route 35-416] Intermediate Timing Summary | WNS=-0.076 | TNS=-0.076 | WHS=0.032  | THS=0.000  |

Phase 7.1 Hold Fix Iter | Checksum: 19a700180

Time (s): cpu = 00:02:22 ; elapsed = 00:01:44 . Memory (MB): peak = 2208.098 ; gain = 170.004
Phase 7 Post Hold Fix | Checksum: 19a700180

Time (s): cpu = 00:02:23 ; elapsed = 00:01:44 . Memory (MB): peak = 2208.098 ; gain = 170.004

Phase 8 Timing Verification

Phase 8.1 Update Timing
Phase 8.1 Update Timing | Checksum: 2616d9119

Time (s): cpu = 00:02:27 ; elapsed = 00:01:46 . Memory (MB): peak = 2208.098 ; gain = 170.004
INFO: [Route 35-416] Intermediate Timing Summary | WNS=-0.076 | TNS=-0.076 | WHS=0.032  | THS=0.000  |

Phase 8 Timing Verification | Checksum: 2616d9119

Time (s): cpu = 00:02:27 ; elapsed = 00:01:46 . Memory (MB): peak = 2208.098 ; gain = 170.004

Phase 9 Route finalize

Router Utilization Summary
  Global Vertical Routing Utilization    = 12.7967 %
  Global Horizontal Routing Utilization  = 15.8845 %
  Routable Net Status*
  *Does not include unroutable nets such as driverless and loadless.
  Run report_route_status for detailed report.
  Number of Failed Nets               = 0
    (Failed Nets is the sum of unrouted and partially routed nets)
  Number of Unrouted Nets             = 0
  Number of Partially Routed Nets     = 0
  Number of Node Overlaps             = 0


--GLOBAL Congestion:
Utilization threshold used for congestion level computation: 0.85
Congestion Report
North Dir 1x1 Area, Max Cong = 78.3784%, No Congested Regions.
South Dir 1x1 Area, Max Cong = 88.2883%, Congestion bounded by tiles (Lower Left Tile -> Upper Right Tile):
   INT_R_X61Y113 -> INT_R_X61Y113
East Dir 1x1 Area, Max Cong = 94.1176%, Congestion bounded by tiles (Lower Left Tile -> Upper Right Tile):
   INT_R_X27Y46 -> INT_R_X27Y46
   INT_R_X27Y44 -> INT_R_X27Y44
   INT_L_X26Y41 -> INT_L_X26Y41
   INT_R_X53Y37 -> INT_R_X53Y37
   INT_R_X53Y35 -> INT_R_X53Y35
West Dir 1x1 Area, Max Cong = 86.7647%, Congestion bounded by tiles (Lower Left Tile -> Upper Right Tile):
   INT_R_X41Y52 -> INT_R_X41Y52
   INT_R_X41Y51 -> INT_R_X41Y51

------------------------------
Reporting congestion hotspots
------------------------------
Direction: North
----------------
Congested clusters found at Level 0
Effective congestion level: 0 Aspect Ratio: 1 Sparse Ratio: 0
Direction: South
----------------
Congested clusters found at Level 0
Effective congestion level: 0 Aspect Ratio: 1 Sparse Ratio: 1
Direction: East
----------------
Congested clusters found at Level 0
Effective congestion level: 1 Aspect Ratio: 1 Sparse Ratio: 1.25
Direction: West
----------------
Congested clusters found at Level 0
Effective congestion level: 1 Aspect Ratio: 0.5 Sparse Ratio: 0.5

Phase 9 Route finalize | Checksum: 2616d9119

Time (s): cpu = 00:02:27 ; elapsed = 00:01:46 . Memory (MB): peak = 2208.098 ; gain = 170.004

Phase 10 Verifying routed nets

 Verification completed successfully
Phase 10 Verifying routed nets | Checksum: 2616d9119

Time (s): cpu = 00:02:27 ; elapsed = 00:01:46 . Memory (MB): peak = 2208.098 ; gain = 170.004

Phase 11 Depositing Routes
Phase 11 Depositing Routes | Checksum: 2a965ca6c

Time (s): cpu = 00:02:32 ; elapsed = 00:01:50 . Memory (MB): peak = 2208.098 ; gain = 170.004

Phase 12 Incr Placement Change
Netlist sorting complete. Time (s): cpu = 00:00:00 ; elapsed = 00:00:00.009 . Memory (MB): peak = 2208.098 ; gain = 0.000
INFO: [Place 30-746] Post Placement Timing Summary WNS=-0.070. For the most accurate timing information please run report_timing.
Ending IncrPlace Task | Checksum: 1c09087cf

Time (s): cpu = 00:00:28 ; elapsed = 00:00:19 . Memory (MB): peak = 2208.098 ; gain = 0.000
Google Cpuprofiler is only supported on Linux.
Phase 12 Incr Placement Change | Checksum: 1c09087cf

Time (s): cpu = 00:03:00 ; elapsed = 00:02:09 . Memory (MB): peak = 2208.098 ; gain = 170.004

Phase 13 Build RT Design
Checksum: PlaceDB: 915d6251 ConstDB: 0 ShapeSum: 3037814e RouteDB: fefba430
Post Restoration Checksum: NetGraph: 7d099092 | NumContArr: 4b1d4edf | Constraints: c2a8fa9d | Timing: c2a8fa9d
Phase 13 Build RT Design | Checksum: 24d78d4ab

Time (s): cpu = 00:03:12 ; elapsed = 00:02:15 . Memory (MB): peak = 2208.098 ; gain = 170.004

Phase 14 Router Initialization

Phase 14.1 Fix Topology Constraints
Phase 14.1 Fix Topology Constraints | Checksum: 24d78d4ab

Time (s): cpu = 00:03:12 ; elapsed = 00:02:15 . Memory (MB): peak = 2208.098 ; gain = 170.004

Phase 14.2 Pre Route Cleanup
Phase 14.2 Pre Route Cleanup | Checksum: 24d78d4ab

Time (s): cpu = 00:03:12 ; elapsed = 00:02:16 . Memory (MB): peak = 2208.098 ; gain = 170.004

Phase 14.3 Timing Verification

Phase 14.3.1 Update Timing
Phase 14.3.1 Update Timing | Checksum: 203048235

Time (s): cpu = 00:03:25 ; elapsed = 00:02:23 . Memory (MB): peak = 2208.098 ; gain = 170.004
INFO: [Route 35-416] Intermediate Timing Summary | WNS=-0.070 | TNS=-0.070 | WHS=0.033  | THS=0.000  |

Phase 14.3 Timing Verification | Checksum: 203048235

Time (s): cpu = 00:03:25 ; elapsed = 00:02:23 . Memory (MB): peak = 2208.098 ; gain = 170.004
 Number of Nodes with overlaps = 0

Phase 14.4 Update Timing
Phase 14.4 Update Timing | Checksum: 1c93d1a11

Time (s): cpu = 00:03:40 ; elapsed = 00:02:31 . Memory (MB): peak = 2300.973 ; gain = 262.879
INFO: [Route 35-416] Intermediate Timing Summary | WNS=-0.176 | TNS=-0.461 | WHS=-0.224 | THS=-522.789|


Phase 14.5 Update Timing for Bus Skew

Phase 14.5.1 Update Timing
Phase 14.5.1 Update Timing | Checksum: 17b98bf76

Time (s): cpu = 00:03:46 ; elapsed = 00:02:35 . Memory (MB): peak = 2333.496 ; gain = 295.402
INFO: [Route 35-416] Intermediate Timing Summary | WNS=-0.176 | TNS=-0.067 | WHS=0.030  | THS=0.000  |

Phase 14.5 Update Timing for Bus Skew | Checksum: 15457c875

Time (s): cpu = 00:03:46 ; elapsed = 00:02:35 . Memory (MB): peak = 2333.496 ; gain = 295.402

Phase 14.6 Soft Constraint Pins - Fast Budgeting
Phase 14.6 Soft Constraint Pins - Fast Budgeting | Checksum: 15457c875

Time (s): cpu = 00:03:46 ; elapsed = 00:02:35 . Memory (MB): peak = 2369.367 ; gain = 331.273

Router Utilization Summary
  Global Vertical Routing Utilization    = 12.7967 %
  Global Horizontal Routing Utilization  = 15.8845 %
  Routable Net Status*
  *Does not include unroutable nets such as driverless and loadless.
  Run report_route_status for detailed report.
  Number of Failed Nets               = 0
    (Failed Nets is the sum of unrouted and partially routed nets)
  Number of Unrouted Nets             = 0
  Number of Partially Routed Nets     = 0
  Number of Node Overlaps             = 0

Phase 14 Router Initialization | Checksum: 19d6966e3

Time (s): cpu = 00:03:47 ; elapsed = 00:02:36 . Memory (MB): peak = 2369.367 ; gain = 331.273

Phase 15 Global Routing
Phase 15 Global Routing | Checksum: 19d6966e3

Time (s): cpu = 00:03:47 ; elapsed = 00:02:36 . Memory (MB): peak = 2369.367 ; gain = 331.273

Phase 16 Initial Routing

Phase 16.1 Initial Net Routing Pass
Phase 16.1 Initial Net Routing Pass | Checksum: 1e5fa0a93

Time (s): cpu = 00:03:47 ; elapsed = 00:02:36 . Memory (MB): peak = 2369.367 ; gain = 331.273
Phase 16 Initial Routing | Checksum: 1e5fa0a93

Time (s): cpu = 00:03:47 ; elapsed = 00:02:36 . Memory (MB): peak = 2369.367 ; gain = 331.273

Phase 17 Rip-up And Reroute

Phase 17.1 Global Iteration 0
INFO: [Route 35-416] Intermediate Timing Summary | WNS=-0.173 | TNS=-0.442 | WHS=N/A    | THS=N/A    |

Phase 17.1 Global Iteration 0 | Checksum: 224f02a0c

Time (s): cpu = 00:03:54 ; elapsed = 00:02:40 . Memory (MB): peak = 2378.301 ; gain = 340.207

Phase 17.2 Global Iteration 1
 Number of Nodes with overlaps = 1432
 Number of Nodes with overlaps = 801
 Number of Nodes with overlaps = 490
 Number of Nodes with overlaps = 316
 Number of Nodes with overlaps = 204
 Number of Nodes with overlaps = 126
 Number of Nodes with overlaps = 56
 Number of Nodes with overlaps = 40
 Number of Nodes with overlaps = 18
 Number of Nodes with overlaps = 8
 Number of Nodes with overlaps = 6
 Number of Nodes with overlaps = 3
 Number of Nodes with overlaps = 2
 Number of Nodes with overlaps = 4
 Number of Nodes with overlaps = 0
INFO: [Route 35-416] Intermediate Timing Summary | WNS=-0.158 | TNS=-0.158 | WHS=N/A    | THS=N/A    |

Phase 17.2 Global Iteration 1 | Checksum: 17ff038e9

Time (s): cpu = 00:04:17 ; elapsed = 00:02:56 . Memory (MB): peak = 2380.062 ; gain = 341.969

Phase 17.3 Global Iteration 2
 Number of Nodes with overlaps = 671
 Number of Nodes with overlaps = 210
 Number of Nodes with overlaps = 86
 Number of Nodes with overlaps = 69
 Number of Nodes with overlaps = 49
 Number of Nodes with overlaps = 77
 Number of Nodes with overlaps = 42
 Number of Nodes with overlaps = 47
 Number of Nodes with overlaps = 15
 Number of Nodes with overlaps = 13
 Number of Nodes with overlaps = 4
 Number of Nodes with overlaps = 0
INFO: [Route 35-416] Intermediate Timing Summary | WNS=-0.164 | TNS=-0.164 | WHS=N/A    | THS=N/A    |

Phase 17.3 Global Iteration 2 | Checksum: 1b1090f4d

Time (s): cpu = 00:04:32 ; elapsed = 00:03:06 . Memory (MB): peak = 2380.062 ; gain = 341.969
Phase 17 Rip-up And Reroute | Checksum: 1b1090f4d

Time (s): cpu = 00:04:32 ; elapsed = 00:03:06 . Memory (MB): peak = 2380.062 ; gain = 341.969

Phase 18 Delay and Skew Optimization

Phase 18.1 TNS Cleanup

Phase 18.1.1 Delay CleanUp

Phase 18.1.1.1 Update Timing
Phase 18.1.1.1 Update Timing | Checksum: 12dba0488

Time (s): cpu = 00:04:33 ; elapsed = 00:03:07 . Memory (MB): peak = 2380.062 ; gain = 341.969
INFO: [Route 35-416] Intermediate Timing Summary | WNS=-0.061 | TNS=-0.061 | WHS=N/A    | THS=N/A    |

 Number of Nodes with overlaps = 0

Phase 18.1.1.2 Update Timing
Phase 18.1.1.2 Update Timing | Checksum: 1dd4350fa

Time (s): cpu = 00:04:34 ; elapsed = 00:03:08 . Memory (MB): peak = 2380.062 ; gain = 341.969
INFO: [Route 35-416] Intermediate Timing Summary | WNS=-0.019 | TNS=-0.019 | WHS=N/A    | THS=N/A    |

Phase 18.1.1 Delay CleanUp | Checksum: 13cc4cb01

Time (s): cpu = 00:04:34 ; elapsed = 00:03:08 . Memory (MB): peak = 2380.062 ; gain = 341.969
Phase 18.1 TNS Cleanup | Checksum: 13cc4cb01

Time (s): cpu = 00:04:34 ; elapsed = 00:03:08 . Memory (MB): peak = 2380.062 ; gain = 341.969

Phase 18.2 Clock Skew Optimization
Phase 18.2 Clock Skew Optimization | Checksum: 13cc4cb01

Time (s): cpu = 00:04:34 ; elapsed = 00:03:08 . Memory (MB): peak = 2380.062 ; gain = 341.969
Phase 18 Delay and Skew Optimization | Checksum: 13cc4cb01

Time (s): cpu = 00:04:34 ; elapsed = 00:03:08 . Memory (MB): peak = 2380.062 ; gain = 341.969

Phase 19 Post Hold Fix

Phase 19.1 Hold Fix Iter
INFO: [Route 35-416] Intermediate Timing Summary | WNS=-0.019 | TNS=-0.019 | WHS=0.032  | THS=0.000  |

Phase 19.1 Hold Fix Iter | Checksum: 1162d26be

Time (s): cpu = 00:04:36 ; elapsed = 00:03:09 . Memory (MB): peak = 2380.062 ; gain = 341.969
Phase 19 Post Hold Fix | Checksum: 1162d26be

Time (s): cpu = 00:04:36 ; elapsed = 00:03:09 . Memory (MB): peak = 2380.062 ; gain = 341.969

Phase 20 Timing Verification

Phase 20.1 Update Timing
Phase 20.1 Update Timing | Checksum: 12fd5ab6a

Time (s): cpu = 00:04:40 ; elapsed = 00:03:11 . Memory (MB): peak = 2380.062 ; gain = 341.969
INFO: [Route 35-416] Intermediate Timing Summary | WNS=-0.019 | TNS=-0.019 | WHS=0.032  | THS=0.000  |

Phase 20 Timing Verification | Checksum: 12fd5ab6a

Time (s): cpu = 00:04:40 ; elapsed = 00:03:11 . Memory (MB): peak = 2380.062 ; gain = 341.969

Phase 21 Route finalize

Router Utilization Summary
  Global Vertical Routing Utilization    = 12.8322 %
  Global Horizontal Routing Utilization  = 15.9216 %
  Routable Net Status*
  *Does not include unroutable nets such as driverless and loadless.
  Run report_route_status for detailed report.
  Number of Failed Nets               = 0
    (Failed Nets is the sum of unrouted and partially routed nets)
  Number of Unrouted Nets             = 0
  Number of Partially Routed Nets     = 0
  Number of Node Overlaps             = 0


--GLOBAL Congestion:
Utilization threshold used for congestion level computation: 0.85
Congestion Report
North Dir 1x1 Area, Max Cong = 76.5766%, No Congested Regions.
South Dir 1x1 Area, Max Cong = 88.2883%, Congestion bounded by tiles (Lower Left Tile -> Upper Right Tile):
   INT_R_X61Y113 -> INT_R_X61Y113
East Dir 1x1 Area, Max Cong = 95.5882%, Congestion bounded by tiles (Lower Left Tile -> Upper Right Tile):
   INT_R_X27Y46 -> INT_R_X27Y46
   INT_R_X27Y44 -> INT_R_X27Y44
   INT_R_X27Y42 -> INT_R_X27Y42
   INT_L_X26Y41 -> INT_L_X26Y41
   INT_R_X53Y37 -> INT_R_X53Y37
West Dir 1x1 Area, Max Cong = 86.7647%, Congestion bounded by tiles (Lower Left Tile -> Upper Right Tile):
   INT_R_X41Y52 -> INT_R_X41Y52
   INT_R_X41Y51 -> INT_R_X41Y51
   INT_R_X43Y48 -> INT_R_X43Y48

------------------------------
Reporting congestion hotspots
------------------------------
Direction: North
----------------
Congested clusters found at Level 0
Effective congestion level: 0 Aspect Ratio: 1 Sparse Ratio: 0
Direction: South
----------------
Congested clusters found at Level 0
Effective congestion level: 0 Aspect Ratio: 1 Sparse Ratio: 1
Direction: East
----------------
Congested clusters found at Level 0
Effective congestion level: 1 Aspect Ratio: 0.333333 Sparse Ratio: 0.75
Direction: West
----------------
Congested clusters found at Level 0
Effective congestion level: 1 Aspect Ratio: 0.5 Sparse Ratio: 0.5

Phase 21 Route finalize | Checksum: 12fd5ab6a

Time (s): cpu = 00:04:40 ; elapsed = 00:03:11 . Memory (MB): peak = 2380.062 ; gain = 341.969

Phase 22 Verifying routed nets

 Verification completed successfully
Phase 22 Verifying routed nets | Checksum: 12fd5ab6a

Time (s): cpu = 00:04:41 ; elapsed = 00:03:11 . Memory (MB): peak = 2380.062 ; gain = 341.969

Phase 23 Depositing Routes
Phase 23 Depositing Routes | Checksum: 1c126c37e

Time (s): cpu = 00:04:45 ; elapsed = 00:03:15 . Memory (MB): peak = 2380.062 ; gain = 341.969

Phase 24 Post Process Routing
Phase 24 Post Process Routing | Checksum: 1c126c37e

Time (s): cpu = 00:04:45 ; elapsed = 00:03:15 . Memory (MB): peak = 2380.062 ; gain = 341.969

Phase 25 Post Router Timing
INFO: [Route 35-20] Post Routing Timing Summary | WNS=-0.012 | TNS=-0.012 | WHS=0.033  | THS=0.000  |

Phase 25 Post Router Timing | Checksum: 27e8ec90e

Time (s): cpu = 00:04:58 ; elapsed = 00:03:22 . Memory (MB): peak = 2380.062 ; gain = 341.969
WARNING: [Route 35-39] The design did not meet timing requirements. Please run report_timing_summary for detailed reports.
Resolution: Verify that the timing was met or had small violations at all previous steps (synthesis, placement, power_opt, and phys_opt). Run report_timing_summary and analyze individual timing paths.
INFO: [Route 35-253] TNS is the sum of the worst slack violation on every endpoint in the design. Review the paths with the biggest WNS violations in the timing reports and modify your constraints or your design to improve both WNS and TNS.
Total Elapsed time in route_design: 202.142 secs

Phase 26 Post-Route Event Processing
Phase 26 Post-Route Event Processing | Checksum: 1cbd8ee5b

Time (s): cpu = 00:04:58 ; elapsed = 00:03:22 . Memory (MB): peak = 2380.062 ; gain = 341.969
INFO: [Route 35-16] Router Completed Successfully
Ending Routing Task | Checksum: 1cbd8ee5b

Time (s): cpu = 00:04:58 ; elapsed = 00:03:22 . Memory (MB): peak = 2380.062 ; gain = 341.969

Routing Is Done.
INFO: [Common 17-83] Releasing license: Implementation
143 Infos, 16 Warnings, 0 Critical Warnings and 0 Errors encountered.
route_design completed successfully
route_design: Time (s): cpu = 00:04:58 ; elapsed = 00:03:23 . Memory (MB): peak = 2380.062 ; gain = 341.969
INFO: [Vivado 12-24828] Executing command : report_drc -file appletini_yarz_top_drc_routed.rpt -pb appletini_yarz_top_drc_routed.pb -rpx appletini_yarz_top_drc_routed.rpx
Command: report_drc -file appletini_yarz_top_drc_routed.rpt -pb appletini_yarz_top_drc_routed.pb -rpx appletini_yarz_top_drc_routed.rpx
INFO: [IP_Flow 19-1839] IP Catalog is up to date.
INFO: [DRC 23-27] Running DRC with 2 threads
INFO: [Vivado_Tcl 2-168] The results of DRC are in file C:/Users/hasse/source/repos/hasseily/appletini-one/project/appletini_yarz.runs/impl_1/appletini_yarz_top_drc_routed.rpt.
report_drc completed successfully
INFO: [Vivado 12-24828] Executing command : report_methodology -file appletini_yarz_top_methodology_drc_routed.rpt -pb appletini_yarz_top_methodology_drc_routed.pb -rpx appletini_yarz_top_methodology_drc_routed.rpx
Command: report_methodology -file appletini_yarz_top_methodology_drc_routed.rpt -pb appletini_yarz_top_methodology_drc_routed.pb -rpx appletini_yarz_top_methodology_drc_routed.rpx
INFO: [Timing 38-35] Done setting XDC timing constraints.
INFO: [DRC 23-133] Running Methodology with 2 threads
INFO: [Vivado_Tcl 2-1520] The results of Report Methodology are in file C:/Users/hasse/source/repos/hasseily/appletini-one/project/appletini_yarz.runs/impl_1/appletini_yarz_top_methodology_drc_routed.rpt.
report_methodology completed successfully
report_methodology: Time (s): cpu = 00:00:17 ; elapsed = 00:00:09 . Memory (MB): peak = 2380.062 ; gain = 0.000
INFO: [Vivado 12-24828] Executing command : report_timing_summary -max_paths 10 -routable_nets -report_unconstrained -file appletini_yarz_top_timing_summary_routed.rpt -pb appletini_yarz_top_timing_summary_routed.pb -rpx appletini_yarz_top_timing_summary_routed.rpx
INFO: [Timing 38-35] Done setting XDC timing constraints.
INFO: [Timing 38-91] UpdateTimingParams: Speed grade: -2, Delay Type: min_max.
INFO: [Timing 38-191] Multithreading enabled for timing update using a maximum of 2 CPUs
WARNING: [Timing 38-436] There are set_bus_skew constraint(s) in this design. Please run report_bus_skew to ensure that bus skew requirements are met.
INFO: [Vivado 12-24838] Running report commands "report_incremental_reuse, report_route_status" in parallel.
Running report generation with 2 threads.
INFO: [Vivado 12-24828] Executing command : report_incremental_reuse -file appletini_yarz_top_incremental_reuse_routed.rpt
INFO: [Vivado_Tcl 4-1062] Incremental flow is disabled. No incremental reuse Info to report.
INFO: [Vivado 12-24828] Executing command : report_route_status -file appletini_yarz_top_route_status.rpt -pb appletini_yarz_top_route_status.pb
INFO: [Vivado 12-24828] Executing command : report_power -file appletini_yarz_top_power_routed.rpt -pb appletini_yarz_top_power_summary_routed.pb -rpx appletini_yarz_top_power_routed.rpx
Command: report_power -file appletini_yarz_top_power_routed.rpt -pb appletini_yarz_top_power_summary_routed.pb -rpx appletini_yarz_top_power_routed.rpx
Running Vector-less Activity Propagation...

Finished Running Vector-less Activity Propagation
WARNING: [Power 33-332] Found switching activity that implies high-fanout reset nets being asserted for excessive periods of time which may result in inaccurate power analysis.
Resolution: To review and fix problems, please run Power Constraints Advisor in the GUI from Tools > Power Constraints Advisor or run report_power with the -advisory option to generate a text report.
160 Infos, 18 Warnings, 0 Critical Warnings and 0 Errors encountered.
report_power completed successfully
report_power: Time (s): cpu = 00:00:10 ; elapsed = 00:00:07 . Memory (MB): peak = 2380.062 ; gain = 0.000
INFO: [Vivado 12-24828] Executing command : report_clock_utilization -file appletini_yarz_top_clock_utilization_routed.rpt
INFO: [Vivado 12-24828] Executing command : report_bus_skew -warn_on_violation -file appletini_yarz_top_bus_skew_routed.rpt -pb appletini_yarz_top_bus_skew_routed.pb -rpx appletini_yarz_top_bus_skew_routed.rpx
INFO: [Timing 38-91] UpdateTimingParams: Speed grade: -2, Delay Type: min_max.
INFO: [Timing 38-191] Multithreading enabled for timing update using a maximum of 2 CPUs
generate_parallel_reports: Time (s): cpu = 00:00:39 ; elapsed = 00:00:24 . Memory (MB): peak = 2380.062 ; gain = 0.000
INFO: [Timing 38-480] Writing timing data to binary archive.
Wrote PlaceDB: Time (s): cpu = 00:00:00 ; elapsed = 00:00:00 . Memory (MB): peak = 2380.062 ; gain = 0.000
Wrote PulsedLatchDB: Time (s): cpu = 00:00:00 ; elapsed = 00:00:00 . Memory (MB): peak = 2380.062 ; gain = 0.000
Writing XDEF routing.
Writing XDEF routing logical nets.
Write ShapeDB Complete: Time (s): cpu = 00:00:00 ; elapsed = 00:00:00.088 . Memory (MB): peak = 2380.062 ; gain = 0.000
Writing XDEF routing special nets.
Wrote RouteStorage: Time (s): cpu = 00:00:01 ; elapsed = 00:00:00.390 . Memory (MB): peak = 2380.062 ; gain = 0.000
Wrote PlaceStorage: Time (s): cpu = 00:00:02 ; elapsed = 00:00:01 . Memory (MB): peak = 2380.062 ; gain = 0.000
Wrote Netlist Cache: Time (s): cpu = 00:00:00 ; elapsed = 00:00:00.054 . Memory (MB): peak = 2380.062 ; gain = 0.000
Wrote Device Cache: Time (s): cpu = 00:00:00 ; elapsed = 00:00:00.010 . Memory (MB): peak = 2380.062 ; gain = 0.000
Write Physdb Complete: Time (s): cpu = 00:00:03 ; elapsed = 00:00:02 . Memory (MB): peak = 2380.062 ; gain = 0.000
INFO: [Common 17-1381] The checkpoint 'C:/Users/hasse/source/repos/hasseily/appletini-one/project/appletini_yarz.runs/impl_1/appletini_yarz_top_routed.dcp' has been generated.
Command: phys_opt_design -directive Explore
Attempting to get a license for feature 'Implementation' and/or device 'xc7z020'
INFO: [Common 17-349] Got license for feature 'Implementation' and/or device 'xc7z020'
INFO: [Vivado_Tcl 4-241] Physical synthesis in post route mode 
INFO: [Vivado_Tcl 4-137] Directive used for phys_opt_design is: Explore
INFO: [Vivado_Tcl 4-1435] PhysOpt_Tcl_Interface Runtime Before Starting Physical Synthesis Task | CPU: 1.00s |  WALL: 1.02s
Netlist sorting complete. Time (s): cpu = 00:00:00 ; elapsed = 00:00:00.009 . Memory (MB): peak = 2380.062 ; gain = 0.000

Starting Physical Synthesis Task

Phase 1 Physical Synthesis Initialization
INFO: [Physopt 32-721] Multithreading enabled for phys_opt_design using a maximum of 2 CPUs
INFO: [Physopt 32-668] Current Timing Summary | WNS=-0.012 | TNS=-0.012 | WHS=0.033 | THS=0.000 |
Phase 1 Physical Synthesis Initialization | Checksum: 2cd92e28c

Time (s): cpu = 00:00:12 ; elapsed = 00:00:06 . Memory (MB): peak = 2380.062 ; gain = 0.000

Phase 2 Critical Path Optimization
INFO: [Physopt 32-668] Current Timing Summary | WNS=-0.012 | TNS=-0.012 | WHS=0.033 | THS=0.000 |
INFO: [Physopt 32-953] Path group WNS did not improve. Path group: clk_out1_zynq_ps_bd_clk_wiz_1_0. Processed net: apple_top_i/vtw_core_top_i/core_i/p_q_reg_n_0_[1].
INFO: [Physopt 32-953] Path group WNS did not improve. Path group: clk_out1_zynq_ps_bd_clk_wiz_1_0. Processed net: zynq_ps_i/zynq_ps_bd_i/clk_wiz_1/inst/clk_out1_zynq_ps_bd_clk_wiz_1_0.
INFO: [Physopt 32-953] Path group WNS did not improve. Path group: clk_out1_zynq_ps_bd_clk_wiz_1_0. Processed net: apple_top_i/vtw_core_top_i/core_i/p_q[1]_i_4_n_0.
INFO: [Physopt 32-953] Path group WNS did not improve. Path group: clk_out1_zynq_ps_bd_clk_wiz_1_0. Processed net: apple_top_i/vtw_core_top_i/core_i/p_q[1]_i_16_n_0.
INFO: [Physopt 32-710] Processed net apple_top_i/vtw_core_top_i/core_i/p_q[1]_i_16_n_0. Critical path length was reduced through logic transformation on cell apple_top_i/vtw_core_top_i/core_i/p_q[1]_i_16_comp.
INFO: [Physopt 32-735] Processed net apple_top_i/vtw_core_top_i/core_i/p_q[1]_i_30_n_0. Optimization improves timing on the net.
INFO: [Physopt 32-668] Current Timing Summary | WNS=0.136 | TNS=0.000 | WHS=0.033 | THS=0.000 |
INFO: [Physopt 32-668] Current Timing Summary | WNS=0.136 | TNS=0.000 | WHS=0.033 | THS=0.000 |
Netlist sorting complete. Time (s): cpu = 00:00:00 ; elapsed = 00:00:00.012 . Memory (MB): peak = 2380.062 ; gain = 0.000
Phase 2 Critical Path Optimization | Checksum: 2cd92e28c

Time (s): cpu = 00:00:45 ; elapsed = 00:00:31 . Memory (MB): peak = 2380.062 ; gain = 0.000
Netlist sorting complete. Time (s): cpu = 00:00:00 ; elapsed = 00:00:00.008 . Memory (MB): peak = 2380.062 ; gain = 0.000
INFO: [Physopt 32-669] Post Physical Optimization Timing Summary | WNS=0.136 | TNS=0.000 | WHS=0.033 | THS=0.000 |

Summary of Physical Synthesis Optimizations
============================================


-------------------------------------------------------------------------------------------------------------------------------------------------------------
|  Optimization   |  WNS Gain (ns)  |  TNS Gain (ns)  |  Added Cells  |  Removed Cells  |  Optimized Cells/Nets  |  Dont Touch  |  Iterations  |  Elapsed   |
-------------------------------------------------------------------------------------------------------------------------------------------------------------
|  Critical Path  |          0.147  |          0.012  |            0  |              0  |                     1  |           0  |           1  |  00:00:25  |
-------------------------------------------------------------------------------------------------------------------------------------------------------------


Netlist sorting complete. Time (s): cpu = 00:00:00 ; elapsed = 00:00:00.008 . Memory (MB): peak = 2380.062 ; gain = 0.000
Ending Physical Synthesis Task | Checksum: 2407d42bb

Time (s): cpu = 00:00:45 ; elapsed = 00:00:31 . Memory (MB): peak = 2380.062 ; gain = 0.000
INFO: [Common 17-83] Releasing license: Implementation
183 Infos, 18 Warnings, 0 Critical Warnings and 0 Errors encountered.
phys_opt_design completed successfully
phys_opt_design: Time (s): cpu = 00:00:46 ; elapsed = 00:00:32 . Memory (MB): peak = 2380.062 ; gain = 0.000
INFO: [Vivado 12-24828] Executing command : report_timing_summary -max_paths 10 -report_unconstrained -warn_on_violation -file appletini_yarz_top_timing_summary_postroute_physopted.rpt -pb appletini_yarz_top_timing_summary_postroute_physopted.pb -rpx appletini_yarz_top_timing_summary_postroute_physopted.rpx
INFO: [Timing 38-91] UpdateTimingParams: Speed grade: -2, Delay Type: min_max.
INFO: [Timing 38-191] Multithreading enabled for timing update using a maximum of 2 CPUs
WARNING: [Timing 38-436] There are set_bus_skew constraint(s) in this design. Please run report_bus_skew to ensure that bus skew requirements are met.
report_timing_summary: Time (s): cpu = 00:00:13 ; elapsed = 00:00:07 . Memory (MB): peak = 2380.062 ; gain = 0.000
INFO: [Vivado 12-24828] Executing command : report_bus_skew -warn_on_violation -file appletini_yarz_top_bus_skew_postroute_physopted.rpt -pb appletini_yarz_top_bus_skew_postroute_physopted.pb -rpx appletini_yarz_top_bus_skew_postroute_physopted.rpx
INFO: [Timing 38-91] UpdateTimingParams: Speed grade: -2, Delay Type: min_max.
INFO: [Timing 38-191] Multithreading enabled for timing update using a maximum of 2 CPUs
generate_parallel_reports: Time (s): cpu = 00:00:13 ; elapsed = 00:00:07 . Memory (MB): peak = 2380.062 ; gain = 0.000
INFO: [Timing 38-480] Writing timing data to binary archive.
Wrote PlaceDB: Time (s): cpu = 00:00:00 ; elapsed = 00:00:00 . Memory (MB): peak = 2380.062 ; gain = 0.000
Wrote PulsedLatchDB: Time (s): cpu = 00:00:00 ; elapsed = 00:00:00 . Memory (MB): peak = 2380.062 ; gain = 0.000
Writing XDEF routing.
Writing XDEF routing logical nets.
Write ShapeDB Complete: Time (s): cpu = 00:00:00 ; elapsed = 00:00:00.054 . Memory (MB): peak = 2380.062 ; gain = 0.000
Writing XDEF routing special nets.
Wrote RouteStorage: Time (s): cpu = 00:00:01 ; elapsed = 00:00:00.306 . Memory (MB): peak = 2380.062 ; gain = 0.000
Wrote PlaceStorage: Time (s): cpu = 00:00:02 ; elapsed = 00:00:01 . Memory (MB): peak = 2380.062 ; gain = 0.000
Wrote Netlist Cache: Time (s): cpu = 00:00:00 ; elapsed = 00:00:00.055 . Memory (MB): peak = 2380.062 ; gain = 0.000
Wrote Device Cache: Time (s): cpu = 00:00:00 ; elapsed = 00:00:00.011 . Memory (MB): peak = 2380.062 ; gain = 0.000
Write Physdb Complete: Time (s): cpu = 00:00:03 ; elapsed = 00:00:02 . Memory (MB): peak = 2380.062 ; gain = 0.000
INFO: [Common 17-1381] The checkpoint 'C:/Users/hasse/source/repos/hasseily/appletini-one/project/appletini_yarz.runs/impl_1/appletini_yarz_top_postroute_physopt.dcp' has been generated.
Command: write_bitstream -force appletini_yarz_top.bit
Attempting to get a license for feature 'Implementation' and/or device 'xc7z020'
INFO: [Common 17-349] Got license for feature 'Implementation' and/or device 'xc7z020'
Running DRC as a precondition to command write_bitstream
INFO: [IP_Flow 19-1839] IP Catalog is up to date.
INFO: [DRC 23-27] Running DRC with 2 threads
INFO: [Vivado 12-3199] DRC finished with 0 Errors
INFO: [Vivado 12-3200] Please refer to the DRC report (report_drc) for more information.
Integrating Hard IP ELF/MEM with the PDI.
INFO: [Designutils 20-2272] Running write_bitstream with 2 threads.
Loading data files...
Loading site data...
Loading route data...
Processing options...
Creating bitmap...
Creating bitstream...
Bitstream compression saved 12074240 bits.
Writing bitstream ./appletini_yarz_top.bit...
INFO: [Vivado 12-1842] Bitgen Completed Successfully.
INFO: [Common 17-83] Releasing license: Implementation
199 Infos, 19 Warnings, 0 Critical Warnings and 0 Errors encountered.
write_bitstream completed successfully
write_bitstream: Time (s): cpu = 00:00:29 ; elapsed = 00:00:18 . Memory (MB): peak = 2547.285 ; gain = 167.223
INFO: [Common 17-206] Exiting Vivado at Mon Jul 20 13:21:26 2026...
[Mon Jul 20 13:21:29 2026] impl_1 finished
wait_on_runs: Time (s): cpu = 00:00:00 ; elapsed = 00:08:08 . Memory (MB): peak = 353.434 ; gain = 0.000
INFO: [Device 21-403] Loading part xc7z020clg484-2
Netlist sorting complete. Time (s): cpu = 00:00:00 ; elapsed = 00:00:00.211 . Memory (MB): peak = 658.379 ; gain = 0.000
INFO: [Netlist 29-17] Analyzing 4831 Unisim elements for replacement
INFO: [Netlist 29-28] Unisim Transformation completed in 0 CPU seconds
INFO: [Project 1-479] Netlist was created with Vivado 2025.2
INFO: [Project 1-570] Preparing netlist for logic optimization
Read ShapeDB Complete: Time (s): cpu = 00:00:00 ; elapsed = 00:00:00.062 . Memory (MB): peak = 799.738 ; gain = 10.230
INFO: [Timing 38-478] Restoring timing data from binary archive.
INFO: [Timing 38-479] Binary timing data restore complete.
INFO: [Project 1-856] Restoring constraints from binary archive.
INFO: [Project 1-853] Binary constraint restore complete.
WARNING: [Power 33-324] Setting switching activity is not supported on the clock net audio_i2s_mclk. Please use create_clock constraints to modify the clock property and run the report power
WARNING: [Power 33-294] Please check port connectivity. For differential IOs, refer to P side instead of N side for setting/reporting switching activities.
WARNING: [Power 33-294] Please check port connectivity. For differential IOs, refer to P side instead of N side for setting/reporting switching activities.
WARNING: [Power 33-294] Please check port connectivity. For differential IOs, refer to P side instead of N side for setting/reporting switching activities.
WARNING: [Power 33-294] Please check port connectivity. For differential IOs, refer to P side instead of N side for setting/reporting switching activities.
WARNING: [Power 33-294] Please check port connectivity. For differential IOs, refer to P side instead of N side for setting/reporting switching activities.
WARNING: [Power 33-294] Please check port connectivity. For differential IOs, refer to P side instead of N side for setting/reporting switching activities.
WARNING: [Power 33-294] Please check port connectivity. For differential IOs, refer to P side instead of N side for setting/reporting switching activities.
WARNING: [Power 33-294] Please check port connectivity. For differential IOs, refer to P side instead of N side for setting/reporting switching activities.
WARNING: [Power 33-294] Please check port connectivity. For differential IOs, refer to P side instead of N side for setting/reporting switching activities.
WARNING: [Power 33-294] Please check port connectivity. For differential IOs, refer to P side instead of N side for setting/reporting switching activities.
WARNING: [Power 33-294] Please check port connectivity. For differential IOs, refer to P side instead of N side for setting/reporting switching activities.
WARNING: [Power 33-294] Please check port connectivity. For differential IOs, refer to P side instead of N side for setting/reporting switching activities.
WARNING: [Power 33-324] Setting switching activity is not supported on the clock net audio_i2s_bick. Please use create_clock constraints to modify the clock property and run the report power
INFO: [Designutils 20-5722] Start Reading Physical Databases.
Reading placement.
Read Netlist Cache: Time (s): cpu = 00:00:00 ; elapsed = 00:00:00.042 . Memory (MB): peak = 1464.570 ; gain = 0.668
Reading placer database...
Read Device Cache: Time (s): cpu = 00:00:00 ; elapsed = 00:00:00.013 . Memory (MB): peak = 1469.512 ; gain = 4.941
Read PlaceDB: Time (s): cpu = 00:00:00 ; elapsed = 00:00:00 . Memory (MB): peak = 1469.605 ; gain = 0.000
Read placeStorage: Time (s): cpu = 00:00:01 ; elapsed = 00:00:00.743 . Memory (MB): peak = 1501.906 ; gain = 32.301
Read PulsedLatchDB: Time (s): cpu = 00:00:00 ; elapsed = 00:00:00 . Memory (MB): peak = 1501.906 ; gain = 0.000
Reading routing.
Read RouteStorage: Time (s): cpu = 00:00:01 ; elapsed = 00:00:00.299 . Memory (MB): peak = 1527.762 ; gain = 25.855
Read Physdb Files: Time (s): cpu = 00:00:02 ; elapsed = 00:00:01 . Memory (MB): peak = 1527.762 ; gain = 63.859
Restored from archive | CPU: 2.000000 secs | Memory: 0.000000 MB |
Finished XDEF File Restore: Time (s): cpu = 00:00:02 ; elapsed = 00:00:01 . Memory (MB): peak = 1527.762 ; gain = 63.859
Netlist sorting complete. Time (s): cpu = 00:00:00 ; elapsed = 00:00:00.008 . Memory (MB): peak = 1570.051 ; gain = 0.000
INFO: [Project 1-111] Unisim Transformation Summary:
  A total of 113 instances were transformed.
  IOBUF => IOBUF (IBUF, OBUFT): 45 instances
  RAM16X1D => RAM32X1D (RAMD32(x2)): 26 instances
  RAM32M => RAM32M (RAMD32(x6), RAMS32(x2)): 28 instances
  RAM32X1D => RAM32X1D (RAMD32(x2)): 2 instances
  RAM64M => RAM64M (RAMD64E(x4)): 12 instances

open_run: Time (s): cpu = 00:00:13 ; elapsed = 00:00:12 . Memory (MB): peak = 1570.051 ; gain = 1216.617
Final implementation slack: setup=0.136 ns hold=0.033 ns
INFO: [Timing 38-480] Writing timing data to binary archive.
Wrote PlaceDB: Time (s): cpu = 00:00:00 ; elapsed = 00:00:00 . Memory (MB): peak = 1742.812 ; gain = 0.000
Wrote PulsedLatchDB: Time (s): cpu = 00:00:00 ; elapsed = 00:00:00 . Memory (MB): peak = 1742.812 ; gain = 0.000
Writing XDEF routing.
Writing XDEF routing logical nets.
Write ShapeDB Complete: Time (s): cpu = 00:00:01 ; elapsed = 00:00:00.055 . Memory (MB): peak = 1799.539 ; gain = 57.879
Writing XDEF routing special nets.
Wrote RouteStorage: Time (s): cpu = 00:00:02 ; elapsed = 00:00:00.322 . Memory (MB): peak = 1802.230 ; gain = 59.418
Wrote PlaceStorage: Time (s): cpu = 00:00:02 ; elapsed = 00:00:01 . Memory (MB): peak = 1802.230 ; gain = 0.000
Wrote Netlist Cache: Time (s): cpu = 00:00:00 ; elapsed = 00:00:00.058 . Memory (MB): peak = 1802.230 ; gain = 0.000
Wrote Device Cache: Time (s): cpu = 00:00:00 ; elapsed = 00:00:00.010 . Memory (MB): peak = 1802.230 ; gain = 0.000
Write Physdb Complete: Time (s): cpu = 00:00:04 ; elapsed = 00:00:02 . Memory (MB): peak = 1802.230 ; gain = 59.418
INFO: [Common 17-1381] The checkpoint 'C:/Users/hasse/source/repos/hasseily/appletini-one/.vivado_cache/appletini_yarz_top_candidate.dcp' has been generated.
Saved timing-clean candidate checkpoint: C:/Users/hasse/source/repos/hasseily/appletini-one/.vivado_cache/appletini_yarz_top_candidate.dcp
After hardware validation, run scripts/promote_timing_candidate.tcl to lock this placement.
Exporting hardware platform to: project/appletini_yarz_top.xsa
INFO: [Projectvivado 1-1918] Creating Hardware Platform: C:/Users/hasse/source/repos/hasseily/appletini-one/project/appletini_yarz_top.xsa ...
INFO: [Projectvivado 1-1943] The Hardware Platform can be used for Hardware
INFO: [Projectvivado 1-1941] Successfully created Hardware Platform: C:/Users/hasse/source/repos/hasseily/appletini-one/project/appletini_yarz_top.xsa
INFO: [Hsi 55-2053] elapsed time for repository (C:/Xilinx/2025.2/Vivado/data/embeddedsw) loading 3 seconds
write_hw_platform: Time (s): cpu = 00:00:05 ; elapsed = 00:00:08 . Memory (MB): peak = 2087.812 ; gain = 285.582
Done.
INFO: [Common 17-206] Exiting Vivado at Mon Jul 20 13:22:02 2026...
