sheet_name,page_number,component_ref,physical_ref,unit_suffix,pin_id,pin_number,net_name,implicit,component_anchor_count,component_anchor_x0_points,component_anchor_y0_points,component_anchor_x1_points,component_anchor_y1_points,component_anchor_center_x_points,component_anchor_center_y_points,pin_anchor_count,pin_anchor_x0_points,pin_anchor_y0_points,pin_anchor_x1_points,pin_anchor_y1_points,pin_anchor_center_x_points,pin_anchor_center_y_points
analog_1.SchDoc,1,C10A,C10A,,C10A-1,1,NetC10A_1,false,1,583.0,168.282,588.0,172.03,585.5,170.156,1,580.0,172.521,583.0,175.02,581.5,173.77
analog_1.SchDoc,1,C10A,C10A,,C10A-2,2,NetC10A_2,false,1,583.0,168.282,588.0,172.03,585.5,170.156,1,585.0,172.521,588.0,175.02,586.5,173.77
analog_1.SchDoc,1,C10B,C10B,,C10B-1,1,NetC10A_1,false,1,583.0,181.521,588.0,184.02,585.5,182.77,1,580.0,184.521,583.0,187.02,581.5,185.77
analog_1.SchDoc,1,C10B,C10B,,C10B-2,2,NetC10A_2,false,1,583.0,181.521,588.0,184.02,585.5,182.77,1,585.0,184.521,588.0,187.02,586.5,185.77
analog_1.SchDoc,1,C11A,C11A,,C11A-1,1,NetC10A_1,false,1,583.0,198.521,588.0,201.02,585.5,199.77,1,580.0,202.76,583.0,204.01,581.5,203.385
analog_1.SchDoc,1,C11A,C11A,,C11A-2,2,NetC11A_2,false,1,583.0,198.521,588.0,201.02,585.5,199.77,1,585.0,202.76,588.0,204.01,586.5,203.385
analog_1.SchDoc,1,C11B,C11B,,C11B-1,1,NetC10A_1,false,1,583.0,210.521,588.0,213.02,585.5,211.77,1,580.0,214.76,583.0,216.01,581.5,215.385
analog_1.SchDoc,1,C11B,C11B,,C11B-2,2,NetC11A_2,false,1,583.0,210.521,588.0,213.02,585.5,211.77,1,585.0,214.76,588.0,216.01,586.5,215.385
analog_1.SchDoc,1,C12A,C12A,,C12A-1,1,NetC10A_1,false,1,583.0,227.521,588.0,230.02,585.5,228.77,1,580.0,231.76,583.0,233.01,581.5,232.385
analog_1.SchDoc,1,C12A,C12A,,C12A-2,2,NetC12A_2,false,1,583.0,227.521,588.0,230.02,585.5,228.77,1,585.0,231.76,588.0,233.01,586.5,232.385
analog_1.SchDoc,1,C12B,C12B,,C12B-1,1,NetC10A_1,false,1,583.0,239.282,588.0,243.03,585.5,241.156,1,580.0,243.76,583.0,245.01,581.5,244.385
analog_1.SchDoc,1,C12B,C12B,,C12B-2,2,NetC12A_2,false,1,583.0,239.282,588.0,243.03,585.5,241.156,1,585.0,243.76,588.0,245.01,586.5,244.385
analog_1.SchDoc,1,C13A,C13A,,C13A-1,1,NetC10A_1,false,1,583.0,256.282,588.0,260.03,585.5,258.156,1,580.0,260.521,583.0,263.02,581.5,261.77
analog_1.SchDoc,1,C13A,C13A,,C13A-2,2,NetC13A_2,false,1,583.0,256.282,588.0,260.03,585.5,258.156,1,585.0,260.521,588.0,263.02,586.5,261.77
analog_1.SchDoc,1,C13B,C13B,,C13B-1,1,NetC10A_1,false,1,583.0,268.282,588.0,272.03,585.5,270.156,1,580.0,272.521,583.0,275.02,581.5,273.77
analog_1.SchDoc,1,C13B,C13B,,C13B-2,2,NetC13A_2,false,1,583.0,268.282,588.0,272.03,585.5,270.156,1,585.0,272.521,588.0,275.02,586.5,273.77
analog_1.SchDoc,1,C20A,C20A,,C20A-1,1,NetC20A_1,false,1,207.0,280.282,212.001,284.03,209.5,282.156,1,204.0,284.521,208.0,287.02,206.0,285.77
analog_1.SchDoc,1,C20A,C20A,,C20A-2,2,NetC20A_2,false,1,207.0,280.282,212.001,284.03,209.5,282.156,1,209.0,284.521,213.0,287.02,211.0,285.77
analog_1.SchDoc,1,C20B,C20B,,C20B-1,1,NetC20A_1,false,1,207.0,293.521,212.0,296.02,209.5,294.77,1,204.0,297.76,208.0,299.01,206.0,298.385
analog_1.SchDoc,1,C20B,C20B,,C20B-2,2,NetC20A_2,false,1,207.0,293.521,212.0,296.02,209.5,294.77,1,209.0,297.76,213.0,299.01,211.0,298.385
analog_1.SchDoc,1,C21A,C21A,,C21A-1,1,NetC20A_1,false,1,207.0,310.521,212.0,313.02,209.5,311.77,1,204.0,314.76,208.0,316.01,206.0,315.385
analog_1.SchDoc,1,C21A,C21A,,C21A-2,2,NetC21A_2,false,1,207.0,310.521,212.0,313.02,209.5,311.77,1,209.0,314.76,213.0,316.01,211.0,315.385
analog_1.SchDoc,1,C21B,C21B,,C21B-1,1,NetC20A_1,false,1,207.0,322.521,212.0,325.02,209.5,323.77,1,204.0,326.76,208.0,328.01,206.0,327.385
analog_1.SchDoc,1,C21B,C21B,,C21B-2,2,NetC21A_2,false,1,207.0,322.521,212.0,325.02,209.5,323.77,1,209.0,326.76,213.0,328.01,211.0,327.385
analog_1.SchDoc,1,C22A,C22A,,C22A-1,1,NetC20A_1,false,1,207.0,339.521,212.0,342.02,209.5,340.77,1,204.0,343.76,208.0,345.01,206.0,344.385
analog_1.SchDoc,1,C22A,C22A,,C22A-2,2,NetC22A_2,false,1,207.0,339.521,212.0,342.02,209.5,340.77,1,209.0,343.76,213.0,345.01,211.0,344.385
analog_1.SchDoc,1,C22B,C22B,,C22B-1,1,NetC20A_1,false,1,207.0,351.282,212.001,355.03,209.5,353.156,1,204.0,355.521,208.0,358.02,206.0,356.77
analog_1.SchDoc,1,C22B,C22B,,C22B-2,2,NetC22A_2,false,1,207.0,351.282,212.001,355.03,209.5,353.156,1,209.0,355.521,213.0,358.02,211.0,356.77
analog_1.SchDoc,1,C23A,C23A,,C23A-1,1,NetC20A_1,false,1,207.0,368.282,212.001,372.03,209.5,370.156,1,204.0,372.521,208.0,375.02,206.0,373.77
analog_1.SchDoc,1,C23A,C23A,,C23A-2,2,NetC23A_2,false,1,207.0,368.282,212.001,372.03,209.5,370.156,1,209.0,372.521,213.0,375.02,211.0,373.77
analog_1.SchDoc,1,C23B,C23B,,C23B-1,1,NetC20A_1,false,1,207.0,381.521,212.0,384.02,209.5,382.77,1,204.0,384.521,208.0,387.02,206.0,385.77
analog_1.SchDoc,1,C23B,C23B,,C23B-2,2,NetC23A_2,false,1,207.0,381.521,212.0,384.02,209.5,382.77,1,209.0,384.521,213.0,387.02,211.0,385.77
analog_1.SchDoc,1,C30A,C30A,,C30A-1,1,NetC30A_1,false,1,583.0,337.521,588.0,340.02,585.5,338.77,1,580.0,340.521,583.0,343.02,581.5,341.77
analog_1.SchDoc,1,C30A,C30A,,C30A-2,2,NetC30A_2,false,1,583.0,337.521,588.0,340.02,585.5,338.77,1,585.0,340.521,588.0,343.02,586.5,341.77
analog_1.SchDoc,1,C30B,C30B,,C30B-1,1,NetC30A_1,false,1,583.0,349.521,588.0,352.02,585.5,350.77,1,580.0,353.76,583.0,355.01,581.5,354.385
analog_1.SchDoc,1,C30B,C30B,,C30B-2,2,NetC30A_2,false,1,583.0,349.521,588.0,352.02,585.5,350.77,1,585.0,353.76,588.0,355.01,586.5,354.385
analog_1.SchDoc,1,C31A,C31A,,C31A-1,1,NetC30A_1,false,1,583.0,366.521,588.0,369.02,585.5,367.77,1,580.0,370.76,583.0,372.01,581.5,371.385
analog_1.SchDoc,1,C31A,C31A,,C31A-2,2,NetC31A_2,false,1,583.0,366.521,588.0,369.02,585.5,367.77,1,585.0,370.76,588.0,372.01,586.5,371.385
analog_1.SchDoc,1,C31B,C31B,,C31B-1,1,NetC30A_1,false,1,583.0,378.282,588.0,382.03,585.5,380.156,1,580.0,382.76,583.0,384.01,581.5,383.385
analog_1.SchDoc,1,C31B,C31B,,C31B-2,2,NetC31A_2,false,1,583.0,378.282,588.0,382.03,585.5,380.156,1,585.0,382.76,588.0,384.01,586.5,383.385
analog_1.SchDoc,1,C32A,C32A,,C32A-1,1,NetC30A_1,false,1,583.0,395.282,588.0,399.03,585.5,397.156,1,580.0,399.76,583.0,401.01,581.5,400.385
analog_1.SchDoc,1,C32A,C32A,,C32A-2,2,NetC32A_2,false,1,583.0,395.282,588.0,399.03,585.5,397.156,1,585.0,399.76,588.0,401.01,586.5,400.385
analog_1.SchDoc,1,C32B,C32B,,C32B-1,1,NetC30A_1,false,1,583.0,407.282,588.0,411.03,585.5,409.156,1,580.0,411.521,583.0,414.02,581.5,412.77
analog_1.SchDoc,1,C32B,C32B,,C32B-2,2,NetC32A_2,false,1,583.0,407.282,588.0,411.03,585.5,409.156,1,585.0,411.521,588.0,414.02,586.5,412.77
analog_1.SchDoc,1,C33A,C33A,,C33A-1,1,NetC30A_1,false,1,583.0,424.282,588.0,428.03,585.5,426.156,1,580.0,428.521,583.0,431.02,581.5,429.77
analog_1.SchDoc,1,C33A,C33A,,C33A-2,2,NetC33A_2,false,1,583.0,424.282,588.0,428.03,585.5,426.156,1,585.0,428.521,588.0,431.02,586.5,429.77
analog_1.SchDoc,1,C33B,C33B,,C33B-1,1,NetC30A_1,false,1,583.0,436.282,588.0,440.03,585.5,438.156,1,580.0,441.76,583.0,443.01,581.5,442.385
analog_1.SchDoc,1,C33B,C33B,,C33B-2,2,NetC33A_2,false,1,583.0,436.282,588.0,440.03,585.5,438.156,1,585.0,441.76,588.0,443.01,586.5,442.385
analog_1.SchDoc,1,C101A,C101A,,C101A-1,1,NetC30A_1,false,1,583.0,454.521,589.0,457.02,586.0,455.77,1,580.0,458.76,583.0,460.01,581.5,459.385
analog_1.SchDoc,1,C101A,C101A,,C101A-2,2,NetC101A_2,false,1,583.0,454.521,589.0,457.02,586.0,455.77,1,585.0,458.76,588.0,460.01,586.5,459.385
analog_1.SchDoc,1,C101B,C101B,,C101B-1,1,NetC30A_1,false,1,583.0,466.521,589.0,469.02,586.0,467.77,1,580.0,470.76,583.0,472.01,581.5,471.385
analog_1.SchDoc,1,C101B,C101B,,C101B-2,2,NetC101A_2,false,1,583.0,466.521,589.0,469.02,586.0,467.77,1,585.0,470.76,588.0,472.01,586.5,471.385
analog_1.SchDoc,1,C102A,C102A,,C102A-1,1,NetC102A_1,false,1,553.0,337.521,560.0,340.02,556.5,338.77,1,551.0,340.521,554.0,343.02,552.5,341.77
analog_1.SchDoc,1,C102A,C102A,,C102A-2,2,NetC30A_1,false,1,553.0,337.521,560.0,340.02,556.5,338.77,1,556.0,340.521,559.0,343.02,557.5,341.77
analog_1.SchDoc,1,C102B,C102B,,C102B-1,1,NetC102A_1,false,1,553.0,349.521,560.0,352.02,556.5,350.77,1,551.0,353.76,554.0,355.01,552.5,354.385
analog_1.SchDoc,1,C102B,C102B,,C102B-2,2,NetC30A_1,false,1,553.0,349.521,560.0,352.02,556.5,350.77,1,556.0,353.76,559.0,355.01,557.5,354.385
analog_1.SchDoc,1,C103A,C103A,,C103A-1,1,NetC103A_1,false,1,739.0,402.282,745.0,406.03,742.0,404.156,1,736.0,406.522,739.0,409.02,737.5,407.771
analog_1.SchDoc,1,C103A,C103A,,C103A-2,2,F3_OUT,false,1,739.0,402.282,745.0,406.03,742.0,404.156,1,741.0,406.522,744.0,409.02,742.5,407.771
analog_1.SchDoc,1,C103B,C103B,,C103B-1,1,NetC103A_1,false,1,739.0,415.521,745.0,418.02,742.0,416.77,1,736.0,418.522,739.0,421.02,737.5,419.771
analog_1.SchDoc,1,C103B,C103B,,C103B-2,2,F3_OUT,false,1,739.0,415.521,745.0,418.02,742.0,416.77,1,741.0,418.522,744.0,421.02,742.5,419.771
analog_1.SchDoc,1,C104A,C104A,,C104A-1,1,NetC104A_1,false,1,431.0,453.521,438.0,456.02,434.5,454.77,1,429.0,455.044,430.001,460.04,429.5,457.542
analog_1.SchDoc,1,C104A,C104A,,C104A-2,2,NetC102A_1,false,1,431.0,453.521,438.0,456.02,434.5,454.77,1,429.0,450.044,430.001,455.04,429.5,452.542
analog_1.SchDoc,1,C104B,C104B,,C104B-1,1,NetC104A_1,false,1,444.0,453.521,450.0,456.02,447.0,454.77,1,441.0,455.044,442.001,460.04,441.5,457.542
analog_1.SchDoc,1,C104B,C104B,,C104B-2,2,NetC102A_1,false,1,444.0,453.521,450.0,456.02,447.0,454.77,1,441.0,450.044,442.001,455.04,441.5,452.542
analog_1.SchDoc,1,C105A,C105A,,C105A-1,1,NetC105A_1,false,1,497.0,398.521,504.0,401.02,500.5,399.77,1,495.0,401.522,498.0,404.02,496.5,402.771
analog_1.SchDoc,1,C105A,C105A,,C105A-2,2,NetC105A_2,false,1,497.0,398.521,504.0,401.02,500.5,399.77,1,500.0,401.522,503.0,404.02,501.5,402.771
analog_1.SchDoc,1,C105B,C105B,,C105B-1,1,NetC105A_1,false,1,497.0,410.521,503.0,413.02,500.0,411.77,1,495.0,414.76,498.0,416.01,496.5,415.385
analog_1.SchDoc,1,C105B,C105B,,C105B-2,2,NetC105A_2,false,1,497.0,410.521,503.0,413.02,500.0,411.77,1,500.0,414.76,503.0,416.01,501.5,415.385
analog_1.SchDoc,1,C106A,C106A,,C106A-1,1,NetC106A_1,false,1,190.0,368.282,197.001,372.03,193.5,370.156,1,187.0,372.521,191.0,375.02,189.0,373.77
analog_1.SchDoc,1,C106A,C106A,,C106A-2,2,NetC20A_1,false,1,190.0,368.282,197.001,372.03,193.5,370.156,1,192.0,372.521,196.0,375.02,194.0,373.77
analog_1.SchDoc,1,C106B,C106B,,C106B-1,1,NetC106A_1,false,1,190.0,381.521,196.0,384.02,193.0,382.77,1,187.0,384.521,191.0,387.02,189.0,385.77
analog_1.SchDoc,1,C106B,C106B,,C106B-2,2,NetC20A_1,false,1,190.0,381.521,196.0,384.02,193.0,382.77,1,192.0,384.521,196.0,387.02,194.0,385.77
analog_1.SchDoc,1,C107A,C107A,,C107A-1,1,NetC107A_1,false,1,190.0,339.521,197.0,342.02,193.5,340.77,1,187.0,343.76,191.0,345.01,189.0,344.385
analog_1.SchDoc,1,C107A,C107A,,C107A-2,2,NetC20A_1,false,1,190.0,339.521,197.0,342.02,193.5,340.77,1,192.0,343.76,196.0,345.01,194.0,344.385
analog_1.SchDoc,1,C107B,C107B,,C107B-1,1,NetC107A_1,false,1,190.0,351.282,196.001,355.03,193.0,353.156,1,187.0,355.521,191.0,358.02,189.0,356.77
analog_1.SchDoc,1,C107B,C107B,,C107B-2,2,NetC20A_1,false,1,190.0,351.282,196.001,355.03,193.0,353.156,1,192.0,355.521,196.0,358.02,194.0,356.77
analog_1.SchDoc,1,C108A,C108A,,C108A-1,1,NetC108A_1,false,1,190.0,310.521,197.0,313.02,193.5,311.77,1,187.0,314.76,191.0,316.01,189.0,315.385
analog_1.SchDoc,1,C108A,C108A,,C108A-2,2,NetC20A_1,false,1,190.0,310.521,197.0,313.02,193.5,311.77,1,192.0,314.76,196.0,316.01,194.0,315.385
analog_1.SchDoc,1,C108B,C108B,,C108B-1,1,NetC108A_1,false,1,190.0,322.521,196.0,325.02,193.0,323.77,1,187.0,326.76,191.0,328.01,189.0,327.385
analog_1.SchDoc,1,C108B,C108B,,C108B-2,2,NetC20A_1,false,1,190.0,322.521,196.0,325.02,193.0,323.77,1,192.0,326.76,196.0,328.01,194.0,327.385
analog_1.SchDoc,1,C109A,C109A,,C109A-1,1,NetC109A_1,false,1,190.0,280.282,197.001,284.03,193.5,282.156,1,187.0,284.521,191.0,287.02,189.0,285.77
analog_1.SchDoc,1,C109A,C109A,,C109A-2,2,NetC20A_1,false,1,190.0,280.282,197.001,284.03,193.5,282.156,1,192.0,284.521,196.0,287.02,194.0,285.77
analog_1.SchDoc,1,C109B,C109B,,C109B-1,1,NetC109A_1,false,1,190.0,293.521,196.0,296.02,193.0,294.77,1,187.0,297.76,191.0,299.01,189.0,298.385
analog_1.SchDoc,1,C109B,C109B,,C109B-2,2,NetC20A_1,false,1,190.0,293.521,196.0,296.02,193.0,294.77,1,192.0,297.76,196.0,299.01,194.0,298.385
analog_1.SchDoc,1,C110A,C110A,,C110A-1,1,NetC110A_1,false,1,368.0,432.521,374.0,435.02,371.0,433.77,1,365.0,436.76,369.0,438.01,367.0,437.385
analog_1.SchDoc,1,C110A,C110A,,C110A-2,2,NetC110A_2,false,1,368.0,432.521,374.0,435.02,371.0,433.77,1,370.0,436.76,374.0,438.01,372.0,437.385
analog_1.SchDoc,1,C110B,C110B,,C110B-1,1,NetC110A_1,false,1,368.0,444.521,374.0,447.02,371.0,445.77,1,365.0,448.76,369.0,450.01,367.0,449.385
analog_1.SchDoc,1,C110B,C110B,,C110B-2,2,NetC110A_2,false,1,368.0,444.521,374.0,447.02,371.0,445.77,1,370.0,448.76,374.0,450.01,372.0,449.385
analog_1.SchDoc,1,C111A,C111A,,C111A-1,1,NetC20A_1,false,1,207.0,398.521,214.0,401.02,210.5,399.77,1,204.0,401.521,208.0,404.02,206.0,402.77
analog_1.SchDoc,1,C111A,C111A,,C111A-2,2,FRIC_1,false,1,207.0,398.521,214.0,401.02,210.5,399.77,1,209.0,401.521,213.0,404.02,211.0,402.77
analog_1.SchDoc,1,C111B,C111B,,C111B-1,1,NetC20A_1,false,1,207.0,410.521,213.0,413.02,210.0,411.77,1,204.0,414.76,208.0,416.01,206.0,415.385
analog_1.SchDoc,1,C111B,C111B,,C111B-2,2,FRIC_1,false,1,207.0,410.521,213.0,413.02,210.0,411.77,1,209.0,414.76,213.0,416.01,211.0,415.385
analog_1.SchDoc,1,C112A,C112A,,C112A-1,1,NetC112A_1,false,1,190.0,398.521,197.0,401.02,193.5,399.77,1,187.0,401.521,191.0,404.02,189.0,402.77
analog_1.SchDoc,1,C112A,C112A,,C112A-2,2,NetC20A_1,false,1,190.0,398.521,197.0,401.02,193.5,399.77,1,192.0,401.521,196.0,404.02,194.0,402.77
analog_1.SchDoc,1,C112B,C112B,,C112B-1,1,NetC112A_1,false,1,190.0,410.521,196.0,413.02,193.0,411.77,1,187.0,414.76,191.0,416.01,189.0,415.385
analog_1.SchDoc,1,C112B,C112B,,C112B-2,2,NetC20A_1,false,1,190.0,410.521,196.0,413.02,193.0,411.77,1,192.0,414.76,196.0,416.01,194.0,415.385
analog_1.SchDoc,1,C121A,C121A,,C121A-1,1,NetC121A_1,false,1,502.0,93.521,509.0,96.02,505.5,94.77,1,500.0,97.76,503.0,99.01,501.5,98.385
analog_1.SchDoc,1,C121A,C121A,,C121A-2,2,NetC121A_2,false,1,502.0,93.521,509.0,96.02,505.5,94.77,1,504.0,97.76,508.0,99.01,506.0,98.385
analog_1.SchDoc,1,C121B,C121B,,C121B-1,1,NetC121A_1,false,1,502.0,105.521,508.0,108.02,505.0,106.77,1,500.0,109.76,503.0,111.01,501.5,110.385
analog_1.SchDoc,1,C121B,C121B,,C121B-2,2,NetC121A_2,false,1,502.0,105.521,508.0,108.02,505.0,106.77,1,504.0,109.76,508.0,111.01,506.0,110.385
analog_1.SchDoc,1,C122A,C122A,,C122A-1,1,NetC10A_1,false,1,583.0,285.282,589.0,289.03,586.0,287.156,1,580.0,289.521,583.0,292.02,581.5,290.77
analog_1.SchDoc,1,C122A,C122A,,C122A-2,2,NetC122A_2,false,1,583.0,285.282,589.0,289.03,586.0,287.156,1,585.0,289.521,588.0,292.02,586.5,290.77
analog_1.SchDoc,1,C122B,C122B,,C122B-1,1,NetC10A_1,false,1,583.0,298.521,589.0,301.02,586.0,299.77,1,580.0,302.76,583.0,304.01,581.5,303.385
analog_1.SchDoc,1,C122B,C122B,,C122B-2,2,NetC122A_2,false,1,583.0,298.521,589.0,301.02,586.0,299.77,1,585.0,302.76,588.0,304.01,586.5,303.385
analog_1.SchDoc,1,C124A,C124A,,C124A-1,1,NetC124A_1,false,1,719.0,166.521,725.0,169.02,722.0,167.77,1,717.0,170.76,720.0,172.01,718.5,171.385
analog_1.SchDoc,1,C124A,C124A,,C124A-2,2,NetC124A_2,false,1,719.0,166.521,725.0,169.02,722.0,167.77,1,721.0,170.76,725.0,172.01,723.0,171.385
analog_1.SchDoc,1,C124B,C124B,,C124B-1,1,NetC124A_1,false,1,719.0,178.282,725.0,182.03,722.0,180.156,1,717.0,182.521,720.0,185.02,718.5,183.77
analog_1.SchDoc,1,C124B,C124B,,C124B-2,2,NetC124A_2,false,1,719.0,178.282,725.0,182.03,722.0,180.156,1,721.0,182.521,725.0,185.02,723.0,183.77
analog_1.SchDoc,1,C125A,C125A,,C125A-1,1,NetC125A_1,false,1,427.0,136.282,433.001,140.03,430.0,138.156,1,424.0,138.044,425.001,143.04,424.5,140.542
analog_1.SchDoc,1,C125A,C125A,,C125A-2,2,NetC125A_2,false,1,427.0,136.282,433.001,140.03,430.0,138.156,1,424.0,134.283,425.001,138.03,424.5,136.156
analog_1.SchDoc,1,C125B,C125B,,C125B-1,1,NetC125A_1,false,1,439.0,136.282,445.001,140.03,442.0,138.156,1,436.0,138.044,437.001,143.04,436.5,140.542
analog_1.SchDoc,1,C125B,C125B,,C125B-2,2,NetC125A_2,false,1,439.0,136.282,445.001,140.03,442.0,138.156,1,436.0,134.283,437.001,138.03,436.5,136.156
analog_1.SchDoc,1,C126A,C126A,,C126A-1,1,NetC125A_2,false,1,444.0,71.521,450.0,74.02,447.0,72.77,1,441.0,75.76,444.0,77.01,442.5,76.385
analog_1.SchDoc,1,C126A,C126A,,C126A-2,2,NetC10A_1,false,1,444.0,71.521,450.0,74.02,447.0,72.77,1,446.0,75.76,449.0,77.01,447.5,76.385
analog_1.SchDoc,1,C126B,C126B,,C126B-1,1,NetC125A_2,false,1,444.0,83.282,450.001,87.03,447.0,85.156,1,441.0,87.76,444.0,89.01,442.5,88.385
analog_1.SchDoc,1,C126B,C126B,,C126B-2,2,NetC10A_1,false,1,444.0,83.282,450.001,87.03,447.0,85.156,1,446.0,87.76,449.0,89.01,447.5,88.385
analog_1.SchDoc,1,C127A,C127A,,C127A-1,1,NetC105A_1,false,1,480.0,368.521,487.0,371.02,483.5,369.77,1,477.0,370.283,479.001,374.03,478.0,372.156
analog_1.SchDoc,1,C127A,C127A,,C127A-2,2,NetC124A_2,false,1,480.0,368.521,487.0,371.02,483.5,369.77,1,477.0,365.044,479.001,370.04,478.0,367.542
analog_1.SchDoc,1,C127B,C127B,,C127B-1,1,NetC105A_1,false,1,490.0,368.521,496.0,371.02,493.0,369.77,1,487.0,370.283,489.001,374.03,488.0,372.156
analog_1.SchDoc,1,C127B,C127B,,C127B-2,2,NetC124A_2,false,1,490.0,368.521,496.0,371.02,493.0,369.77,1,487.0,365.044,489.001,370.04,488.0,367.542
analog_1.SchDoc,1,C128A,C128A,,C128A-1,1,NetC128A_1,false,1,412.0,81.521,418.0,84.02,415.0,82.77,1,409.0,84.521,413.0,87.02,411.0,85.77
analog_1.SchDoc,1,C128A,C128A,,C128A-2,2,NetC121A_1,false,1,412.0,81.521,418.0,84.02,415.0,82.77,1,414.0,84.521,418.0,87.02,416.0,85.77
analog_1.SchDoc,1,C128B,C128B,,C128B-1,1,NetC128A_1,false,1,412.0,93.521,418.0,96.02,415.0,94.77,1,409.0,97.76,413.0,99.01,411.0,98.385
analog_1.SchDoc,1,C128B,C128B,,C128B-2,2,NetC121A_1,false,1,412.0,93.521,418.0,96.02,415.0,94.77,1,414.0,97.76,418.0,99.01,416.0,98.385
analog_1.SchDoc,1,C166A,C166A,,C166A-1,1,NetC166A_1,false,1,134.0,427.521,140.0,430.02,137.0,428.77,1,131.0,431.76,135.0,433.01,133.0,432.385
analog_1.SchDoc,1,C166A,C166A,,C166A-2,2,NetC166A_2,false,1,134.0,427.521,140.0,430.02,137.0,428.77,1,136.0,431.76,140.0,433.01,138.0,432.385
analog_1.SchDoc,1,C166B,C166B,,C166B-1,1,NetC166A_1,false,1,134.0,439.282,140.001,443.03,137.0,441.156,1,131.0,443.76,135.0,445.01,133.0,444.385
analog_1.SchDoc,1,C166B,C166B,,C166B-2,2,NetC166A_2,false,1,134.0,439.282,140.001,443.03,137.0,441.156,1,136.0,443.76,140.0,445.01,138.0,444.385
analog_1.SchDoc,1,C167A,C167A,,C167A-1,1,NetC167A_1,false,1,63.0,490.521,70.0,493.02,66.5,491.77,1,60.0,492.283,62.001,496.03,61.001,494.156
analog_1.SchDoc,1,C167A,C167A,,C167A-2,2,NetC112A_1,false,1,63.0,490.521,70.0,493.02,66.5,491.77,1,60.0,487.283,62.001,491.03,61.001,489.156
analog_1.SchDoc,1,C167B,C167B,,C167B-1,1,NetC167A_1,false,1,76.0,490.521,82.0,493.02,79.0,491.77,1,73.0,492.283,74.001,496.03,73.501,494.156
analog_1.SchDoc,1,C167B,C167B,,C167B-2,2,NetC112A_1,false,1,76.0,490.521,82.0,493.02,79.0,491.77,1,73.0,487.283,74.001,491.03,73.501,489.156
analog_1.SchDoc,1,C201A,C201A,,C201A-1,1,NetC201A_1,false,1,254.0,105.521,260.0,108.02,257.0,106.77,1,251.0,109.76,254.0,111.01,252.5,110.385
analog_1.SchDoc,1,C201A,C201A,,C201A-2,2,NetC201A_2,false,1,254.0,105.521,260.0,108.02,257.0,106.77,1,256.0,109.76,259.0,111.01,257.5,110.385
analog_1.SchDoc,1,C201B,C201B,,C201B-1,1,NetC201A_1,false,1,254.0,117.282,260.001,121.03,257.0,119.156,1,251.0,121.521,254.0,124.02,252.5,122.77
analog_1.SchDoc,1,C201B,C201B,,C201B-2,2,NetC201A_2,false,1,254.0,117.282,260.001,121.03,257.0,119.156,1,256.0,121.521,259.0,124.02,257.5,122.77
analog_1.SchDoc,1,C202A,C202A,,C202A-1,1,NetC201A_1,false,1,254.0,134.282,260.001,138.03,257.0,136.156,1,251.0,138.521,254.0,141.02,252.5,139.77
analog_1.SchDoc,1,C202A,C202A,,C202A-2,2,NetC202A_2,false,1,254.0,134.282,260.001,138.03,257.0,136.156,1,256.0,138.521,259.0,141.02,257.5,139.77
analog_1.SchDoc,1,C202B,C202B,,C202B-1,1,NetC201A_1,false,1,254.0,146.282,260.001,150.03,257.0,148.156,1,251.0,150.521,254.0,153.02,252.5,151.77
analog_1.SchDoc,1,C202B,C202B,,C202B-2,2,NetC202A_2,false,1,254.0,146.282,260.001,150.03,257.0,148.156,1,256.0,150.521,259.0,153.02,257.5,151.77
analog_1.SchDoc,1,C203A,C203A,,C203A-1,1,NetC201A_1,false,1,254.0,164.521,260.0,167.02,257.0,165.77,1,251.0,167.521,254.0,170.02,252.5,168.77
analog_1.SchDoc,1,C203A,C203A,,C203A-2,2,NetC203A_2,false,1,254.0,164.521,260.0,167.02,257.0,165.77,1,256.0,167.521,259.0,170.02,257.5,168.77
analog_1.SchDoc,1,C203B,C203B,,C203B-1,1,NetC201A_1,false,1,254.0,176.521,260.0,179.02,257.0,177.77,1,251.0,180.76,254.0,182.01,252.5,181.385
analog_1.SchDoc,1,C203B,C203B,,C203B-2,2,NetC203A_2,false,1,254.0,176.521,260.0,179.02,257.0,177.77,1,256.0,180.76,259.0,182.01,257.5,181.385
analog_1.SchDoc,1,C204A,C204A,,C204A-1,1,NetC201A_1,false,1,254.0,193.521,260.0,196.02,257.0,194.77,1,251.0,197.76,254.0,199.01,252.5,198.385
analog_1.SchDoc,1,C204A,C204A,,C204A-2,2,NetC204A_2,false,1,254.0,193.521,260.0,196.02,257.0,194.77,1,256.0,197.76,259.0,199.01,257.5,198.385
analog_1.SchDoc,1,C204B,C204B,,C204B-1,1,NetC201A_1,false,1,254.0,205.521,260.0,208.02,257.0,206.77,1,251.0,209.76,254.0,211.01,252.5,210.385
analog_1.SchDoc,1,C204B,C204B,,C204B-2,2,NetC204A_2,false,1,254.0,205.521,260.0,208.02,257.0,206.77,1,256.0,209.76,259.0,211.01,257.5,210.385
analog_1.SchDoc,1,C205A,C205A,,C205A-1,1,NetC205A_1,false,1,363.0,122.521,370.0,125.02,366.5,123.77,1,361.0,126.76,364.0,128.01,362.5,127.385
analog_1.SchDoc,1,C205A,C205A,,C205A-2,2,NetC128A_1,false,1,363.0,122.521,370.0,125.02,366.5,123.77,1,365.0,126.76,369.0,128.01,367.0,127.385
analog_1.SchDoc,1,C205B,C205B,,C205B-1,1,NetC205A_1,false,1,363.0,134.282,369.001,138.03,366.0,136.156,1,361.0,138.521,364.0,141.02,362.5,139.77
analog_1.SchDoc,1,C205B,C205B,,C205B-2,2,NetC128A_1,false,1,363.0,134.282,369.001,138.03,366.0,136.156,1,365.0,138.521,369.0,141.02,367.0,139.77
analog_1.SchDoc,1,C301,C301,,C301-1,1,GND,false,1,51.0,185.521,56.0,188.02,53.5,186.77,1,48.0,187.283,50.001,191.03,49.001,189.156
analog_1.SchDoc,1,C301,C301,,C301-2,2,NetC301_2,false,1,51.0,185.521,56.0,188.02,53.5,186.77,1,48.0,182.044,50.001,187.04,49.001,184.542
analog_1.SchDoc,1,C314,C314,,C314-1,1,GND,false,1,356.0,290.521,361.0,293.02,358.5,291.77,1,353.0,292.283,354.001,296.03,353.5,294.156
analog_1.SchDoc,1,C314,C314,,C314-2,2,VCC,false,1,356.0,290.521,361.0,293.02,358.5,291.77,1,353.0,287.044,354.001,292.04,353.5,289.542
analog_1.SchDoc,1,C315,C315,,C315-1,1,GND,false,1,366.0,290.521,370.0,293.02,368.0,291.77,1,363.0,292.283,364.001,296.03,363.5,294.156
analog_1.SchDoc,1,C315,C315,,C315-2,2,VCC,false,1,366.0,290.521,370.0,293.02,368.0,291.77,1,363.0,287.044,364.001,292.04,363.5,289.542
analog_1.SchDoc,1,C316,C316,,C316-1,1,GND,false,1,375.0,290.521,380.0,293.02,377.5,291.77,1,372.0,292.283,374.001,296.03,373.0,294.156
analog_1.SchDoc,1,C316,C316,,C316-2,2,VCC,false,1,375.0,290.521,380.0,293.02,377.5,291.77,1,372.0,287.044,374.001,292.04,373.0,289.542
analog_1.SchDoc,1,C317,C317,,C317-1,1,GND,false,1,385.0,290.521,390.0,293.02,387.5,291.77,1,382.0,292.283,384.001,296.03,383.0,294.156
analog_1.SchDoc,1,C317,C317,,C317-2,2,VCC,false,1,385.0,290.521,390.0,293.02,387.5,291.77,1,382.0,287.044,384.001,292.04,383.0,289.542
analog_1.SchDoc,1,C318,C318,,C318-1,1,GND,false,1,395.0,290.521,400.0,293.02,397.5,291.77,1,392.0,292.283,394.001,296.03,393.0,294.156
analog_1.SchDoc,1,C318,C318,,C318-2,2,VCC,false,1,395.0,290.521,400.0,293.02,397.5,291.77,1,392.0,287.044,394.001,292.04,393.0,289.542
analog_1.SchDoc,1,C319,C319,,C319-1,1,GND,false,1,405.0,290.521,409.0,293.02,407.0,291.77,1,402.0,292.283,403.001,296.03,402.5,294.156
analog_1.SchDoc,1,C319,C319,,C319-2,2,VCC,false,1,405.0,290.521,409.0,293.02,407.0,291.77,1,402.0,287.044,403.001,292.04,402.5,289.542
analog_1.SchDoc,1,C320,C320,,C320-1,1,GND,false,1,414.0,290.521,419.0,293.02,416.5,291.77,1,412.0,292.283,413.001,296.03,412.5,294.156
analog_1.SchDoc,1,C320,C320,,C320-2,2,VCC,false,1,414.0,290.521,419.0,293.02,416.5,291.77,1,412.0,287.044,413.001,292.04,412.5,289.542
analog_1.SchDoc,1,C321,C321,,C321-1,1,GND,false,1,424.0,290.521,429.0,293.02,426.5,291.77,1,421.0,292.283,423.001,296.03,422.0,294.156
analog_1.SchDoc,1,C321,C321,,C321-2,2,VCC,false,1,424.0,290.521,429.0,293.02,426.5,291.77,1,421.0,287.044,423.001,292.04,422.0,289.542
analog_1.SchDoc,1,C322,C322,,C322-1,1,GND,false,1,434.0,290.521,439.0,293.02,436.5,291.77,1,431.0,292.283,432.001,296.03,431.5,294.156
analog_1.SchDoc,1,C322,C322,,C322-2,2,VCC,false,1,434.0,290.521,439.0,293.02,436.5,291.77,1,431.0,287.044,432.001,292.04,431.5,289.542
analog_1.SchDoc,1,C323,C323,,C323-1,1,GND,false,1,444.0,290.521,448.0,293.02,446.0,291.77,1,441.0,292.283,442.001,296.03,441.5,294.156
analog_1.SchDoc,1,C323,C323,,C323-2,2,VCC,false,1,444.0,290.521,448.0,293.02,446.0,291.77,1,441.0,287.044,442.001,292.04,441.5,289.542
analog_1.SchDoc,1,POT3,POT3,,POT3-1,1,VCC,false,1,35.0,146.521,40.0,149.02,37.5,147.77,1,24.0,140.088,25.001,150.08,24.501,145.084
analog_1.SchDoc,1,POT3,POT3,,POT3-2,2,NetC301_2,false,1,35.0,146.521,40.0,149.02,37.5,147.77,1,27.0,150.521,35.0,153.02,31.0,151.77
analog_1.SchDoc,1,POT3,POT3,,POT3-3,3,GND,false,1,35.0,146.521,40.0,149.02,37.5,147.77,1,24.0,152.088,25.001,162.08,24.501,157.084
analog_1.SchDoc,1,U116,U116,,U116-1,1,NetU116_1,false,1,376.0,156.521,381.0,159.02,378.5,157.77,1,356.0,158.76,362.0,160.01,359.0,159.385
analog_1.SchDoc,1,U116,U116,,U116-2,2,NetC205A_1,false,1,376.0,156.521,381.0,159.02,378.5,157.77,1,356.0,163.76,362.0,165.01,359.0,164.385
analog_1.SchDoc,1,U116,U116,,U116-3,3,AGND,false,1,376.0,156.521,381.0,159.02,378.5,157.77,1,356.0,167.521,362.0,170.02,359.0,168.77
analog_1.SchDoc,1,U116,U116,,U116-4,4,GND,false,1,376.0,156.521,381.0,159.02,378.5,157.77,1,365.0,169.566,367.001,177.06,366.0,173.313
analog_1.SchDoc,1,U116,U116,,U116-5,5,NetU116_5,false,1,376.0,156.521,381.0,159.02,378.5,157.77,1,356.0,172.521,362.0,175.02,359.0,173.77
analog_1.SchDoc,1,U116,U116,,U116-6,6,NetC128A_1,false,1,376.0,156.521,381.0,159.02,378.5,157.77,1,370.0,165.76,376.0,167.01,373.0,166.385
analog_1.SchDoc,1,U116,U116,,U116-7,7,VCC,false,1,376.0,156.521,381.0,159.02,378.5,157.77,1,365.0,154.566,367.001,162.06,366.0,158.313
analog_1.SchDoc,1,U116,U116,,U116-8,8,NetU116_8,false,1,376.0,156.521,381.0,159.02,378.5,157.77,1,370.0,170.76,376.0,172.01,373.0,171.385
analog_1.SchDoc,1,,U117,,U117-7,7,GND,true,0,,,,,,,1,134.0,121.521,140.0,124.02,137.0,122.77
analog_1.SchDoc,1,,U117,,U117-14,14,VDD,true,0,,,,,,,1,109.0,121.521,115.0,124.02,112.0,122.77
analog_1.SchDoc,1,U117A,U117,A,U117-1,1,NetU117_1,false,1,115.0,110.521,121.0,113.02,118.0,111.77,1,109.0,116.521,115.0,119.02,112.0,117.77
analog_1.SchDoc,1,U117A,U117,A,U117-2,2,NetU117_2,false,1,115.0,110.521,121.0,113.02,118.0,111.77,1,134.0,116.521,140.0,119.02,137.0,117.77
analog_1.SchDoc,1,U117A,U117,A,U117-13,13,VOICED,false,1,115.0,110.521,121.0,113.02,118.0,111.77,1,109.0,114.76,115.0,116.01,112.0,115.385
analog_1.SchDoc,1,U117B,U117,B,U117-3,3,NetU117_3,false,1,115.0,110.521,121.0,113.02,118.0,111.77,1,109.0,128.521,115.0,131.02,112.0,129.77
analog_1.SchDoc,1,U117B,U117,B,U117-4,4,NetU117_2,false,1,115.0,110.521,121.0,113.02,118.0,111.77,1,134.0,128.521,140.0,131.02,137.0,129.77
analog_1.SchDoc,1,U117B,U117,B,U117-5,5,/VOICED,false,1,115.0,110.521,121.0,113.02,118.0,111.77,1,134.0,126.76,140.0,128.01,137.0,127.385
analog_1.SchDoc,1,U117C,U117,C,U117-6,6,NetU117_6,false,1,115.0,110.521,121.0,113.02,118.0,111.77,1,109.0,189.521,115.0,192.02,112.0,190.77
analog_1.SchDoc,1,U117C,U117,C,U117-8,8,NetU117_8,false,1,115.0,110.521,121.0,113.02,118.0,111.77,1,109.0,192.76,115.0,194.01,112.0,193.385
analog_1.SchDoc,1,U117C,U117,C,U117-9,9,NetU117_9,false,1,115.0,110.521,121.0,113.02,118.0,111.77,1,134.0,192.76,140.0,194.01,137.0,193.385
analog_1.SchDoc,1,U117D,U117,D,U117-10,10,NetU117_10,false,1,115.0,110.521,121.0,113.02,118.0,111.77,1,134.0,204.76,140.0,206.01,137.0,205.385
analog_1.SchDoc,1,U117D,U117,D,U117-11,11,NetU117_11,false,1,115.0,110.521,121.0,113.02,118.0,111.77,1,109.0,204.76,115.0,206.01,112.0,205.385
analog_1.SchDoc,1,U117D,U117,D,U117-12,12,NetU117_12,false,1,115.0,110.521,121.0,113.02,118.0,111.77,1,109.0,202.76,115.0,204.01,112.0,203.385
analog_1.SchDoc,1,,U118,,U118-7,7,GND,true,0,,,,,,,1,234.0,119.76,240.0,121.01,237.0,120.385
analog_1.SchDoc,1,,U118,,U118-14,14,VDD,true,0,,,,,,,1,209.0,119.76,215.0,121.01,212.0,120.385
analog_1.SchDoc,1,U118A,U118,A,U118-1,1,NetU118_1,false,1,215.0,107.282,221.001,111.03,218.0,109.156,1,209.0,114.76,215.0,116.01,212.0,115.385
analog_1.SchDoc,1,U118A,U118,A,U118-2,2,NetC201A_1,false,1,215.0,107.282,221.001,111.03,218.0,109.156,1,234.0,114.76,240.0,116.01,237.0,115.385
analog_1.SchDoc,1,U118A,U118,A,U118-13,13,Phi1,false,1,215.0,107.282,221.001,111.03,218.0,109.156,1,209.0,111.521,215.0,114.02,212.0,112.77
analog_1.SchDoc,1,U118B,U118,B,U118-3,3,AGND,false,1,215.0,107.282,221.001,111.03,218.0,109.156,1,200.0,197.76,205.0,199.01,202.5,198.385
analog_1.SchDoc,1,U118B,U118,B,U118-4,4,NetC201A_1,false,1,215.0,107.282,221.001,111.03,218.0,109.156,1,224.0,197.76,230.0,199.01,227.0,198.385
analog_1.SchDoc,1,U118B,U118,B,U118-5,5,Phi0,false,1,215.0,107.282,221.001,111.03,218.0,109.156,1,224.0,194.521,230.0,197.02,227.0,195.77
analog_1.SchDoc,1,U118C,U118,C,U118-6,6,Phi0,false,1,215.0,107.282,221.001,111.03,218.0,109.156,1,351.0,111.521,357.0,114.02,354.0,112.77
analog_1.SchDoc,1,U118C,U118,C,U118-8,8,NetC205A_1,false,1,215.0,107.282,221.001,111.03,218.0,109.156,1,351.0,114.76,357.0,116.01,354.0,115.385
analog_1.SchDoc,1,U118C,U118,C,U118-9,9,NetC128A_1,false,1,215.0,107.282,221.001,111.03,218.0,109.156,1,375.0,114.76,381.0,116.01,378.0,115.385
analog_1.SchDoc,1,U118D,U118,D,U118-10,10,NetU118_10,false,1,215.0,107.282,221.001,111.03,218.0,109.156,1,134.0,219.76,140.0,221.01,137.0,220.385
analog_1.SchDoc,1,U118D,U118,D,U118-11,11,NetU118_11,false,1,215.0,107.282,221.001,111.03,218.0,109.156,1,109.0,219.76,115.0,221.01,112.0,220.385
analog_1.SchDoc,1,U118D,U118,D,U118-12,12,NetU118_12,false,1,215.0,107.282,221.001,111.03,218.0,109.156,1,109.0,216.521,115.0,219.02,112.0,217.77
analog_1.SchDoc,1,,U119,,U119-7,7,GND,true,0,,,,,,,1,305.0,119.76,310.0,121.01,307.5,120.385
analog_1.SchDoc,1,,U119,,U119-14,14,VDD,true,0,,,,,,,1,280.0,119.76,286.0,121.01,283.0,120.385
analog_1.SchDoc,1,U119A,U119,A,U119-1,1,NetC201A_2,false,1,286.0,107.282,292.001,111.03,289.0,109.156,1,280.0,114.76,286.0,116.01,283.0,115.385
analog_1.SchDoc,1,U119A,U119,A,U119-2,2,NetC205A_1,false,1,286.0,107.282,292.001,111.03,289.0,109.156,1,305.0,114.76,310.0,116.01,307.5,115.385
analog_1.SchDoc,1,U119A,U119,A,U119-13,13,VOICE_AMP0,false,1,286.0,107.282,292.001,111.03,289.0,109.156,1,280.0,111.521,286.0,114.02,283.0,112.77
analog_1.SchDoc,1,U119B,U119,B,U119-3,3,NetC202A_2,false,1,286.0,107.282,292.001,111.03,289.0,109.156,1,280.0,143.76,286.0,145.01,283.0,144.385
analog_1.SchDoc,1,U119B,U119,B,U119-4,4,NetC205A_1,false,1,286.0,107.282,292.001,111.03,289.0,109.156,1,305.0,143.76,310.0,145.01,307.5,144.385
analog_1.SchDoc,1,U119B,U119,B,U119-5,5,VOICE_AMP1,false,1,286.0,107.282,292.001,111.03,289.0,109.156,1,305.0,141.76,310.0,143.01,307.5,142.385
analog_1.SchDoc,1,U119C,U119,C,U119-6,6,VOICE_AMP2,false,1,286.0,107.282,292.001,111.03,289.0,109.156,1,280.0,170.76,286.0,172.01,283.0,171.385
analog_1.SchDoc,1,U119C,U119,C,U119-8,8,NetC203A_2,false,1,286.0,107.282,292.001,111.03,289.0,109.156,1,280.0,172.521,286.0,175.02,283.0,173.77
analog_1.SchDoc,1,U119C,U119,C,U119-9,9,NetC205A_1,false,1,286.0,107.282,292.001,111.03,289.0,109.156,1,305.0,172.521,310.0,175.02,307.5,173.77
analog_1.SchDoc,1,U119D,U119,D,U119-10,10,NetC204A_2,false,1,286.0,107.282,292.001,111.03,289.0,109.156,1,280.0,202.76,286.0,204.01,283.0,203.385
analog_1.SchDoc,1,U119D,U119,D,U119-11,11,NetC205A_1,false,1,286.0,107.282,292.001,111.03,289.0,109.156,1,305.0,202.76,310.0,204.01,307.5,203.385
analog_1.SchDoc,1,U119D,U119,D,U119-12,12,VOICE_AMP3,false,1,286.0,107.282,292.001,111.03,289.0,109.156,1,305.0,199.521,310.0,202.02,307.5,200.77
analog_1.SchDoc,1,,U120,,U120-7,7,GND,true,0,,,,,,,1,424.0,170.76,430.0,172.01,427.0,171.385
analog_1.SchDoc,1,,U120,,U120-14,14,VDD,true,0,,,,,,,1,400.0,170.76,405.0,172.01,402.5,171.385
analog_1.SchDoc,1,U120A,U120,A,U120-1,1,NetC128A_1,false,1,405.0,158.282,411.001,162.03,408.0,160.156,1,400.0,165.76,405.0,167.01,402.5,166.385
analog_1.SchDoc,1,U120A,U120,A,U120-2,2,NetC125A_1,false,1,405.0,158.282,411.001,162.03,408.0,160.156,1,424.0,165.76,430.0,167.01,427.0,166.385
analog_1.SchDoc,1,U120A,U120,A,U120-13,13,Phi1,false,1,405.0,158.282,411.001,162.03,408.0,160.156,1,400.0,163.76,405.0,165.01,402.5,164.385
analog_1.SchDoc,1,U120B,U120,B,U120-3,3,NetC124A_2,false,1,405.0,158.282,411.001,162.03,408.0,160.156,1,470.0,165.76,476.0,167.01,473.0,166.385
analog_1.SchDoc,1,U120B,U120,B,U120-4,4,NetC125A_1,false,1,405.0,158.282,411.001,162.03,408.0,160.156,1,446.0,165.76,452.0,167.01,449.0,166.385
analog_1.SchDoc,1,U120B,U120,B,U120-5,5,Phi0,false,1,405.0,158.282,411.001,162.03,408.0,160.156,1,446.0,163.76,452.0,165.01,449.0,164.385
analog_1.SchDoc,1,U120C,U120,C,U120-6,6,Phi1,false,1,405.0,158.282,411.001,162.03,408.0,160.156,1,446.0,111.521,452.0,114.02,449.0,112.77
analog_1.SchDoc,1,U120C,U120,C,U120-8,8,NetC125A_2,false,1,405.0,158.282,411.001,162.03,408.0,160.156,1,446.0,114.76,452.0,116.01,449.0,115.385
analog_1.SchDoc,1,U120C,U120,C,U120-9,9,NetC121A_1,false,1,405.0,158.282,411.001,162.03,408.0,160.156,1,470.0,114.76,476.0,116.01,473.0,115.385
analog_1.SchDoc,1,U120D,U120,D,U120-10,10,NetC125A_2,false,1,405.0,158.282,411.001,162.03,408.0,160.156,1,424.0,114.76,430.0,116.01,427.0,115.385
analog_1.SchDoc,1,U120D,U120,D,U120-11,11,AGND,false,1,405.0,158.282,411.001,162.03,408.0,160.156,1,400.0,114.76,405.0,116.01,402.5,115.385
analog_1.SchDoc,1,U120D,U120,D,U120-12,12,Phi0,false,1,405.0,158.282,411.001,162.03,408.0,160.156,1,400.0,111.521,405.0,114.02,402.5,112.77
analog_1.SchDoc,1,U121,U121,,U121-1,1,NetU121_1,false,1,515.0,126.282,520.0,130.03,517.5,128.156,1,495.0,128.521,501.0,131.02,498.0,129.77
analog_1.SchDoc,1,U121,U121,,U121-2,2,NetC121A_1,false,1,515.0,126.282,520.0,130.03,517.5,128.156,1,495.0,133.521,501.0,136.02,498.0,134.77
analog_1.SchDoc,1,U121,U121,,U121-3,3,AGND,false,1,515.0,126.282,520.0,130.03,517.5,128.156,1,495.0,138.521,501.0,141.02,498.0,139.77
analog_1.SchDoc,1,U121,U121,,U121-4,4,GND,false,1,515.0,126.282,520.0,130.03,517.5,128.156,1,504.0,140.566,506.001,148.06,505.0,144.313
analog_1.SchDoc,1,U121,U121,,U121-5,5,NetU121_5,false,1,515.0,126.282,520.0,130.03,517.5,128.156,1,495.0,143.76,501.0,145.01,498.0,144.385
analog_1.SchDoc,1,U121,U121,,U121-6,6,NetC121A_2,false,1,515.0,126.282,520.0,130.03,517.5,128.156,1,509.0,136.76,515.0,138.01,512.0,137.385
analog_1.SchDoc,1,U121,U121,,U121-7,7,VCC,false,1,515.0,126.282,520.0,130.03,517.5,128.156,1,504.0,125.566,506.001,133.06,505.0,129.313
analog_1.SchDoc,1,U121,U121,,U121-8,8,NetU121_8,false,1,515.0,126.282,520.0,130.03,517.5,128.156,1,509.0,141.76,515.0,143.01,512.0,142.385
analog_1.SchDoc,1,,U122,,U122-7,7,GND,true,0,,,,,,,1,563.0,141.76,569.0,143.01,566.0,142.385
analog_1.SchDoc,1,,U122,,U122-14,14,VDD,true,0,,,,,,,1,539.0,141.76,544.0,143.01,541.5,142.385
analog_1.SchDoc,1,U122A,U122,A,U122-1,1,NetC121A_2,false,1,544.0,129.282,550.0,133.03,547.0,131.156,1,539.0,136.76,544.0,138.01,541.5,137.385
analog_1.SchDoc,1,U122A,U122,A,U122-2,2,NetC10A_1,false,1,544.0,129.282,550.0,133.03,547.0,131.156,1,563.0,136.76,569.0,138.01,566.0,137.385
analog_1.SchDoc,1,U122A,U122,A,U122-13,13,Phi1,false,1,544.0,129.282,550.0,133.03,547.0,131.156,1,539.0,133.521,544.0,136.02,541.5,134.77
analog_1.SchDoc,1,U122B,U122,B,U122-3,3,AGND,false,1,544.0,129.282,550.0,133.03,547.0,131.156,1,607.0,136.76,613.0,138.01,610.0,137.385
analog_1.SchDoc,1,U122B,U122,B,U122-4,4,NetC10A_1,false,1,544.0,129.282,550.0,133.03,547.0,131.156,1,582.0,136.76,588.0,138.01,585.0,137.385
analog_1.SchDoc,1,U122B,U122,B,U122-5,5,Phi0,false,1,544.0,129.282,550.0,133.03,547.0,131.156,1,582.0,133.521,588.0,136.02,585.0,134.77
analog_1.SchDoc,1,U122C,U122,C,U122-6,6,Phi1,false,1,544.0,129.282,550.0,133.03,547.0,131.156,1,675.0,204.76,681.0,206.01,678.0,205.385
analog_1.SchDoc,1,U122C,U122,C,U122-8,8,NetC122A_2,false,1,544.0,129.282,550.0,133.03,547.0,131.156,1,675.0,206.521,681.0,209.02,678.0,207.77
analog_1.SchDoc,1,U122C,U122,C,U122-9,9,NetC124A_1,false,1,544.0,129.282,550.0,133.03,547.0,131.156,1,699.0,206.521,705.0,209.02,702.0,207.77
analog_1.SchDoc,1,U122D,U122,D,U122-10,10,NetC122A_2,false,1,544.0,129.282,550.0,133.03,547.0,131.156,1,636.0,158.76,642.0,160.01,639.0,159.385
analog_1.SchDoc,1,U122D,U122,D,U122-11,11,AGND,false,1,544.0,129.282,550.0,133.03,547.0,131.156,1,612.0,158.76,617.0,160.01,614.5,159.385
analog_1.SchDoc,1,U122D,U122,D,U122-12,12,Phi0,false,1,544.0,129.282,550.0,133.03,547.0,131.156,1,612.0,155.521,617.0,158.02,614.5,156.77
analog_1.SchDoc,1,,U123,,U123-7,7,GND,true,0,,,,,,,1,636.0,182.521,642.0,185.02,639.0,183.77
analog_1.SchDoc,1,,U123,,U123-14,14,VDD,true,0,,,,,,,1,612.0,182.521,617.0,185.02,614.5,183.77
analog_1.SchDoc,1,U123A,U123,A,U123-1,1,NetC10A_2,false,1,617.0,171.521,623.0,174.02,620.0,172.77,1,612.0,177.521,617.0,180.02,614.5,178.77
analog_1.SchDoc,1,U123A,U123,A,U123-2,2,NetC122A_2,false,1,617.0,171.521,623.0,174.02,620.0,172.77,1,636.0,177.521,642.0,180.02,639.0,178.77
analog_1.SchDoc,1,U123A,U123,A,U123-13,13,F1_FREQ0,false,1,617.0,171.521,623.0,174.02,620.0,172.77,1,612.0,175.76,617.0,177.01,614.5,176.385
analog_1.SchDoc,1,U123B,U123,B,U123-3,3,NetC11A_2,false,1,617.0,171.521,623.0,174.02,620.0,172.77,1,612.0,206.521,617.0,209.02,614.5,207.77
analog_1.SchDoc,1,U123B,U123,B,U123-4,4,NetC122A_2,false,1,617.0,171.521,623.0,174.02,620.0,172.77,1,636.0,206.521,642.0,209.02,639.0,207.77
analog_1.SchDoc,1,U123B,U123,B,U123-5,5,F1_FREQ1,false,1,617.0,171.521,623.0,174.02,620.0,172.77,1,636.0,204.76,642.0,206.01,639.0,205.385
analog_1.SchDoc,1,U123C,U123,C,U123-6,6,F1_FREQ2,false,1,617.0,171.521,623.0,174.02,620.0,172.77,1,614.0,233.521,620.0,236.02,617.0,234.77
analog_1.SchDoc,1,U123C,U123,C,U123-8,8,NetC12A_2,false,1,617.0,171.521,623.0,174.02,620.0,172.77,1,614.0,236.76,620.0,238.01,617.0,237.385
analog_1.SchDoc,1,U123C,U123,C,U123-9,9,NetC122A_2,false,1,617.0,171.521,623.0,174.02,620.0,172.77,1,639.0,236.76,644.0,238.01,641.5,237.385
analog_1.SchDoc,1,U123D,U123,D,U123-10,10,NetC13A_2,false,1,617.0,171.521,623.0,174.02,620.0,172.77,1,614.0,265.76,620.0,267.01,617.0,266.385
analog_1.SchDoc,1,U123D,U123,D,U123-11,11,NetC122A_2,false,1,617.0,171.521,623.0,174.02,620.0,172.77,1,639.0,265.76,644.0,267.01,641.5,266.385
analog_1.SchDoc,1,U123D,U123,D,U123-12,12,F1_FREQ3,false,1,617.0,171.521,623.0,174.02,620.0,172.77,1,639.0,262.521,644.0,265.02,641.5,263.77
analog_1.SchDoc,1,U124,U124,,U124-1,1,NetU124_1,false,1,732.0,200.521,737.0,203.02,734.5,201.77,1,712.0,202.76,718.0,204.01,715.0,203.385
analog_1.SchDoc,1,U124,U124,,U124-2,2,NetC124A_1,false,1,732.0,200.521,737.0,203.02,734.5,201.77,1,712.0,206.521,718.0,209.02,715.0,207.77
analog_1.SchDoc,1,U124,U124,,U124-3,3,AGND,false,1,732.0,200.521,737.0,203.02,734.5,201.77,1,712.0,211.521,718.0,214.02,715.0,212.77
analog_1.SchDoc,1,U124,U124,,U124-4,4,GND,false,1,732.0,200.521,737.0,203.02,734.5,201.77,1,721.0,213.566,723.001,221.06,722.0,217.313
analog_1.SchDoc,1,U124,U124,,U124-5,5,NetU124_5,false,1,732.0,200.521,737.0,203.02,734.5,201.77,1,712.0,216.521,718.0,219.02,715.0,217.77
analog_1.SchDoc,1,U124,U124,,U124-6,6,NetC124A_2,false,1,732.0,200.521,737.0,203.02,734.5,201.77,1,726.0,209.76,732.0,211.01,729.0,210.385
analog_1.SchDoc,1,U124,U124,,U124-7,7,VCC,false,1,732.0,200.521,737.0,203.02,734.5,201.77,1,721.0,198.566,723.001,206.06,722.0,202.313
analog_1.SchDoc,1,U124,U124,,U124-8,8,NetU124_8,false,1,732.0,200.521,737.0,203.02,734.5,201.77,1,726.0,214.76,732.0,216.01,729.0,215.385
analog_1.SchDoc,1,,U125,,U125-7,7,GND,true,0,,,,,,,1,61.0,519.76,66.0,521.01,63.5,520.385
analog_1.SchDoc,1,,U125,,U125-14,14,VDD,true,0,,,,,,,1,36.0,519.76,42.0,521.01,39.0,520.385
analog_1.SchDoc,1,U125A,U125,A,U125-1,1,NetC124A_2,false,1,42.0,507.521,48.0,510.02,45.0,508.77,1,36.0,514.76,42.0,516.01,39.0,515.385
analog_1.SchDoc,1,U125A,U125,A,U125-2,2,NetC167A_1,false,1,42.0,507.521,48.0,510.02,45.0,508.77,1,61.0,514.76,66.0,516.01,63.5,515.385
analog_1.SchDoc,1,U125A,U125,A,U125-13,13,Phi0,false,1,42.0,507.521,48.0,510.02,45.0,508.77,1,36.0,511.521,42.0,514.02,39.0,512.77
analog_1.SchDoc,1,U125B,U125,B,U125-3,3,NetC110A_2,false,1,42.0,507.521,48.0,510.02,45.0,508.77,1,107.0,514.76,113.0,516.01,110.0,515.385
analog_1.SchDoc,1,U125B,U125,B,U125-4,4,NetC167A_1,false,1,42.0,507.521,48.0,510.02,45.0,508.77,1,83.0,514.76,89.0,516.01,86.0,515.385
analog_1.SchDoc,1,U125B,U125,B,U125-5,5,Phi1,false,1,42.0,507.521,48.0,510.02,45.0,508.77,1,83.0,511.521,89.0,514.02,86.0,512.77
analog_1.SchDoc,1,U125C,U125,C,U125-6,6,Phi0,false,1,42.0,507.521,48.0,510.02,45.0,508.77,1,83.0,467.521,89.0,470.02,86.0,468.77
analog_1.SchDoc,1,U125C,U125,C,U125-8,8,NetC112A_1,false,1,42.0,507.521,48.0,510.02,45.0,508.77,1,83.0,470.76,89.0,472.01,86.0,471.385
analog_1.SchDoc,1,U125C,U125,C,U125-9,9,NetC166A_1,false,1,42.0,507.521,48.0,510.02,45.0,508.77,1,107.0,470.76,113.0,472.01,110.0,471.385
analog_1.SchDoc,1,U125D,U125,D,U125-10,10,NetC112A_1,false,1,42.0,507.521,48.0,510.02,45.0,508.77,1,61.0,470.76,66.0,472.01,63.5,471.385
analog_1.SchDoc,1,U125D,U125,D,U125-11,11,AGND,false,1,42.0,507.521,48.0,510.02,45.0,508.77,1,36.0,470.76,42.0,472.01,39.0,471.385
analog_1.SchDoc,1,U125D,U125,D,U125-12,12,Phi1,false,1,42.0,507.521,48.0,510.02,45.0,508.77,1,36.0,467.521,42.0,470.02,39.0,468.77
analog_1.SchDoc,1,U126,U126,,U126-1,1,NetU126_1,false,1,147.0,463.521,152.0,466.02,149.5,464.77,1,126.0,465.76,132.0,467.01,129.0,466.385
analog_1.SchDoc,1,U126,U126,,U126-2,2,NetC166A_1,false,1,147.0,463.521,152.0,466.02,149.5,464.77,1,126.0,470.76,132.0,472.01,129.0,471.385
analog_1.SchDoc,1,U126,U126,,U126-3,3,AGND,false,1,147.0,463.521,152.0,466.02,149.5,464.77,1,126.0,475.76,132.0,477.01,129.0,476.385
analog_1.SchDoc,1,U126,U126,,U126-4,4,GND,false,1,147.0,463.521,152.0,466.02,149.5,464.77,1,136.0,476.566,137.001,484.06,136.5,480.313
analog_1.SchDoc,1,U126,U126,,U126-5,5,NetU126_5,false,1,147.0,463.521,152.0,466.02,149.5,464.77,1,126.0,479.521,132.0,482.02,129.0,480.77
analog_1.SchDoc,1,U126,U126,,U126-6,6,NetC166A_2,false,1,147.0,463.521,152.0,466.02,149.5,464.77,1,141.0,472.521,147.0,475.02,144.0,473.77
analog_1.SchDoc,1,U126,U126,,U126-7,7,VCC,false,1,147.0,463.521,152.0,466.02,149.5,464.77,1,136.0,462.805,137.001,469.05,136.5,465.928
analog_1.SchDoc,1,U126,U126,,U126-8,8,NetU126_8,false,1,147.0,463.521,152.0,466.02,149.5,464.77,1,141.0,477.76,147.0,479.01,144.0,478.385
analog_1.SchDoc,1,,U127,,U127-7,7,GND,true,0,,,,,,,1,153.0,294.521,159.0,297.02,156.0,295.77
analog_1.SchDoc,1,,U127,,U127-14,14,VDD,true,0,,,,,,,1,129.0,294.521,135.0,297.02,132.0,295.77
analog_1.SchDoc,1,U127A,U127,A,U127-1,1,NetC112A_1,false,1,134.0,283.521,141.0,286.02,137.5,284.77,1,129.0,289.521,135.0,292.02,132.0,290.77
analog_1.SchDoc,1,U127A,U127,A,U127-2,2,NetC109A_1,false,1,134.0,283.521,141.0,286.02,137.5,284.77,1,153.0,289.521,159.0,292.02,156.0,290.77
analog_1.SchDoc,1,U127A,U127,A,U127-13,13,F2_RES0,false,1,134.0,283.521,141.0,286.02,137.5,284.77,1,129.0,287.76,135.0,289.01,132.0,288.385
analog_1.SchDoc,1,U127B,U127,B,U127-3,3,NetC112A_1,false,1,134.0,283.521,141.0,286.02,137.5,284.77,1,129.0,319.76,135.0,321.01,132.0,320.385
analog_1.SchDoc,1,U127B,U127,B,U127-4,4,NetC108A_1,false,1,134.0,283.521,141.0,286.02,137.5,284.77,1,153.0,319.76,159.0,321.01,156.0,320.385
analog_1.SchDoc,1,U127B,U127,B,U127-5,5,F2_RES1,false,1,134.0,283.521,141.0,286.02,137.5,284.77,1,153.0,316.521,159.0,319.02,156.0,317.77
analog_1.SchDoc,1,U127C,U127,C,U127-6,6,F2_RES2,false,1,134.0,283.521,141.0,286.02,137.5,284.77,1,129.0,345.521,135.0,348.02,132.0,346.77
analog_1.SchDoc,1,U127C,U127,C,U127-8,8,NetC112A_1,false,1,134.0,283.521,141.0,286.02,137.5,284.77,1,129.0,348.76,135.0,350.01,132.0,349.385
analog_1.SchDoc,1,U127C,U127,C,U127-9,9,NetC107A_1,false,1,134.0,283.521,141.0,286.02,137.5,284.77,1,153.0,348.76,159.0,350.01,156.0,349.385
analog_1.SchDoc,1,U127D,U127,D,U127-10,10,NetC112A_1,false,1,134.0,283.521,141.0,286.02,137.5,284.77,1,129.0,377.521,135.0,380.02,132.0,378.77
analog_1.SchDoc,1,U127D,U127,D,U127-11,11,NetC106A_1,false,1,134.0,283.521,141.0,286.02,137.5,284.77,1,153.0,377.521,159.0,380.02,156.0,378.77
analog_1.SchDoc,1,U127D,U127,D,U127-12,12,F2_RES3,false,1,134.0,283.521,141.0,286.02,137.5,284.77,1,153.0,375.76,159.0,377.01,156.0,376.385
analog_1.SchDoc,1,,U128,,U128-7,7,GND,true,0,,,,,,,1,268.0,294.521,274.0,297.02,271.0,295.77
analog_1.SchDoc,1,,U128,,U128-14,14,VDD,true,0,,,,,,,1,244.0,294.521,249.0,297.02,246.5,295.77
analog_1.SchDoc,1,U128A,U128,A,U128-1,1,NetC20A_2,false,1,249.0,283.521,255.0,286.02,252.0,284.77,1,244.0,289.521,249.0,292.02,246.5,290.77
analog_1.SchDoc,1,U128A,U128,A,U128-2,2,FRIC_1,false,1,249.0,283.521,255.0,286.02,252.0,284.77,1,268.0,289.521,274.0,292.02,271.0,290.77
analog_1.SchDoc,1,U128A,U128,A,U128-13,13,F2_FREQ0,false,1,249.0,283.521,255.0,286.02,252.0,284.77,1,244.0,287.76,249.0,289.01,246.5,288.385
analog_1.SchDoc,1,U128B,U128,B,U128-3,3,NetC21A_2,false,1,249.0,283.521,255.0,286.02,252.0,284.77,1,244.0,319.76,249.0,321.01,246.5,320.385
analog_1.SchDoc,1,U128B,U128,B,U128-4,4,FRIC_1,false,1,249.0,283.521,255.0,286.02,252.0,284.77,1,268.0,319.76,274.0,321.01,271.0,320.385
analog_1.SchDoc,1,U128B,U128,B,U128-5,5,F2_FREQ1,false,1,249.0,283.521,255.0,286.02,252.0,284.77,1,268.0,316.521,274.0,319.02,271.0,317.77
analog_1.SchDoc,1,U128C,U128,C,U128-6,6,F2_FREQ2,false,1,249.0,283.521,255.0,286.02,252.0,284.77,1,244.0,345.521,249.0,348.02,246.5,346.77
analog_1.SchDoc,1,U128C,U128,C,U128-8,8,NetC22A_2,false,1,249.0,283.521,255.0,286.02,252.0,284.77,1,244.0,348.76,249.0,350.01,246.5,349.385
analog_1.SchDoc,1,U128C,U128,C,U128-9,9,FRIC_1,false,1,249.0,283.521,255.0,286.02,252.0,284.77,1,268.0,348.76,274.0,350.01,271.0,349.385
analog_1.SchDoc,1,U128D,U128,D,U128-10,10,NetC23A_2,false,1,249.0,283.521,255.0,286.02,252.0,284.77,1,244.0,377.521,249.0,380.02,246.5,378.77
analog_1.SchDoc,1,U128D,U128,D,U128-11,11,FRIC_1,false,1,249.0,283.521,255.0,286.02,252.0,284.77,1,268.0,377.521,274.0,380.02,271.0,378.77
analog_1.SchDoc,1,U128D,U128,D,U128-12,12,F2_FREQ3,false,1,249.0,283.521,255.0,286.02,252.0,284.77,1,268.0,375.76,274.0,377.01,271.0,376.385
analog_1.SchDoc,1,,U129,,U129-7,7,GND,true,0,,,,,,,1,192.0,477.76,198.0,479.01,195.0,478.385
analog_1.SchDoc,1,,U129,,U129-14,14,VDD,true,0,,,,,,,1,168.0,477.76,174.0,479.01,171.0,478.385
analog_1.SchDoc,1,U129A,U129,A,U129-1,1,NetC166A_2,false,1,173.0,466.521,180.0,469.02,176.5,467.77,1,168.0,472.521,174.0,475.02,171.0,473.77
analog_1.SchDoc,1,U129A,U129,A,U129-2,2,NetC20A_1,false,1,173.0,466.521,180.0,469.02,176.5,467.77,1,192.0,472.521,198.0,475.02,195.0,473.77
analog_1.SchDoc,1,U129A,U129,A,U129-13,13,Phi0,false,1,173.0,466.521,180.0,469.02,176.5,467.77,1,168.0,470.76,174.0,472.01,171.0,471.385
analog_1.SchDoc,1,U129B,U129,B,U129-3,3,AGND,false,1,173.0,466.521,180.0,469.02,176.5,467.77,1,239.0,472.521,245.0,475.02,242.0,473.77
analog_1.SchDoc,1,U129B,U129,B,U129-4,4,NetC20A_1,false,1,173.0,466.521,180.0,469.02,176.5,467.77,1,214.0,472.521,220.0,475.02,217.0,473.77
analog_1.SchDoc,1,U129B,U129,B,U129-5,5,Phi1,false,1,173.0,466.521,180.0,469.02,176.5,467.77,1,214.0,470.76,220.0,472.01,217.0,471.385
analog_1.SchDoc,1,U129C,U129,C,U129-6,6,Phi0,false,1,173.0,466.521,180.0,469.02,176.5,467.77,1,322.0,470.76,327.0,472.01,324.5,471.385
analog_1.SchDoc,1,U129C,U129,C,U129-8,8,FRIC_1,false,1,173.0,466.521,180.0,469.02,176.5,467.77,1,322.0,472.521,327.0,475.02,324.5,473.77
analog_1.SchDoc,1,U129C,U129,C,U129-9,9,NetC110A_1,false,1,173.0,466.521,180.0,469.02,176.5,467.77,1,346.0,472.521,352.0,475.02,349.0,473.77
analog_1.SchDoc,1,U129D,U129,D,U129-10,10,FRIC_1,false,1,173.0,466.521,180.0,469.02,176.5,467.77,1,297.0,472.521,303.0,475.02,300.0,473.77
analog_1.SchDoc,1,U129D,U129,D,U129-11,11,AGND,false,1,173.0,466.521,180.0,469.02,176.5,467.77,1,273.0,472.521,279.0,475.02,276.0,473.77
analog_1.SchDoc,1,U129D,U129,D,U129-12,12,Phi1,false,1,173.0,466.521,180.0,469.02,176.5,467.77,1,273.0,470.76,279.0,472.01,276.0,471.385
analog_1.SchDoc,1,U130,U130,,U130-1,1,NetU130_1,false,1,381.0,465.282,386.001,469.03,383.5,467.156,1,361.0,467.521,366.0,470.02,363.5,468.77
analog_1.SchDoc,1,U130,U130,,U130-2,2,NetC110A_1,false,1,381.0,465.282,386.001,469.03,383.5,467.156,1,361.0,472.521,366.0,475.02,363.5,473.77
analog_1.SchDoc,1,U130,U130,,U130-3,3,AGND,false,1,381.0,465.282,386.001,469.03,383.5,467.156,1,361.0,477.76,366.0,479.01,363.5,478.385
analog_1.SchDoc,1,U130,U130,,U130-4,4,GND,false,1,381.0,465.282,386.001,469.03,383.5,467.156,1,370.0,479.805,371.001,486.05,370.5,482.928
analog_1.SchDoc,1,U130,U130,,U130-5,5,NetU130_5,false,1,381.0,465.282,386.001,469.03,383.5,467.156,1,361.0,482.76,366.0,484.01,363.5,483.385
analog_1.SchDoc,1,U130,U130,,U130-6,6,NetC110A_2,false,1,381.0,465.282,386.001,469.03,383.5,467.156,1,375.0,475.76,381.0,477.01,378.0,476.385
analog_1.SchDoc,1,U130,U130,,U130-7,7,VCC,false,1,381.0,465.282,386.001,469.03,383.5,467.156,1,370.0,464.566,371.001,472.06,370.5,468.313
analog_1.SchDoc,1,U130,U130,,U130-8,8,NetU130_8,false,1,381.0,465.282,386.001,469.03,383.5,467.156,1,375.0,479.521,381.0,482.02,378.0,480.77
analog_1.SchDoc,1,,U131,,U131-7,7,GND,true,0,,,,,,,1,426.0,479.521,432.0,482.02,429.0,480.77
analog_1.SchDoc,1,,U131,,U131-14,14,VDD,true,0,,,,,,,1,402.0,479.521,408.0,482.02,405.0,480.77
analog_1.SchDoc,1,U131A,U131,A,U131-1,1,NetC110A_2,false,1,407.0,468.521,414.0,471.02,410.5,469.77,1,402.0,475.76,408.0,477.01,405.0,476.385
analog_1.SchDoc,1,U131A,U131,A,U131-2,2,NetC104A_1,false,1,407.0,468.521,414.0,471.02,410.5,469.77,1,426.0,475.76,432.0,477.01,429.0,476.385
analog_1.SchDoc,1,U131A,U131,A,U131-13,13,Phi1,false,1,407.0,468.521,414.0,471.02,410.5,469.77,1,402.0,472.521,408.0,475.02,405.0,473.77
analog_1.SchDoc,1,U131B,U131,B,U131-3,3,F3_OUT,false,1,407.0,468.521,414.0,471.02,410.5,469.77,1,473.0,475.76,479.0,477.01,476.0,476.385
analog_1.SchDoc,1,U131B,U131,B,U131-4,4,NetC104A_1,false,1,407.0,468.521,414.0,471.02,410.5,469.77,1,448.0,475.76,454.0,477.01,451.0,476.385
analog_1.SchDoc,1,U131B,U131,B,U131-5,5,Phi0,false,1,407.0,468.521,414.0,471.02,410.5,469.77,1,448.0,472.521,454.0,475.02,451.0,473.77
analog_1.SchDoc,1,U131C,U131,C,U131-6,6,Phi1,false,1,407.0,468.521,414.0,471.02,410.5,469.77,1,448.0,436.76,454.0,438.01,451.0,437.385
analog_1.SchDoc,1,U131C,U131,C,U131-8,8,NetC102A_1,false,1,407.0,468.521,414.0,471.02,410.5,469.77,1,448.0,438.76,454.0,440.01,451.0,439.385
analog_1.SchDoc,1,U131C,U131,C,U131-9,9,NetC105A_1,false,1,407.0,468.521,414.0,471.02,410.5,469.77,1,473.0,438.76,479.0,440.01,476.0,439.385
analog_1.SchDoc,1,U131D,U131,D,U131-10,10,NetC102A_1,false,1,407.0,468.521,414.0,471.02,410.5,469.77,1,426.0,438.76,432.0,440.01,429.0,439.385
analog_1.SchDoc,1,U131D,U131,D,U131-11,11,AGND,false,1,407.0,468.521,414.0,471.02,410.5,469.77,1,402.0,438.76,408.0,440.01,405.0,439.385
analog_1.SchDoc,1,U131D,U131,D,U131-12,12,Phi0,false,1,407.0,468.521,414.0,471.02,410.5,469.77,1,402.0,436.76,408.0,438.01,405.0,437.385
analog_1.SchDoc,1,U132,U132,,U132-1,1,NetU132_1,false,1,508.0,431.282,513.001,435.03,510.5,433.156,1,487.0,433.521,493.0,436.02,490.0,434.77
analog_1.SchDoc,1,U132,U132,,U132-2,2,NetC105A_1,false,1,508.0,431.282,513.001,435.03,510.5,433.156,1,487.0,438.76,493.0,440.01,490.0,439.385
analog_1.SchDoc,1,U132,U132,,U132-3,3,AGND,false,1,508.0,431.282,513.001,435.03,510.5,433.156,1,487.0,443.76,493.0,445.01,490.0,444.385
analog_1.SchDoc,1,U132,U132,,U132-4,4,GND,false,1,508.0,431.282,513.001,435.03,510.5,433.156,1,497.0,445.805,498.001,452.05,497.5,448.928
analog_1.SchDoc,1,U132,U132,,U132-5,5,NetU132_5,false,1,508.0,431.282,513.001,435.03,510.5,433.156,1,487.0,448.76,493.0,450.01,490.0,449.385
analog_1.SchDoc,1,U132,U132,,U132-6,6,NetC105A_2,false,1,508.0,431.282,513.001,435.03,510.5,433.156,1,502.0,441.76,508.0,443.01,505.0,442.385
analog_1.SchDoc,1,U132,U132,,U132-7,7,VCC,false,1,508.0,431.282,513.001,435.03,510.5,433.156,1,497.0,430.566,498.001,438.06,497.5,434.313
analog_1.SchDoc,1,U132,U132,,U132-8,8,NetU132_8,false,1,508.0,431.282,513.001,435.03,510.5,433.156,1,502.0,445.521,508.0,448.02,505.0,446.77
analog_1.SchDoc,1,,U133,,U133-7,7,GND,true,0,,,,,,,1,556.0,445.521,562.0,448.02,559.0,446.77
analog_1.SchDoc,1,,U133,,U133-14,14,VDD,true,0,,,,,,,1,531.0,445.521,537.0,448.02,534.0,446.77
analog_1.SchDoc,1,U133A,U133,A,U133-1,1,NetC105A_2,false,1,537.0,434.521,543.0,437.02,540.0,435.77,1,531.0,441.76,537.0,443.01,534.0,442.385
analog_1.SchDoc,1,U133A,U133,A,U133-2,2,NetC30A_1,false,1,537.0,434.521,543.0,437.02,540.0,435.77,1,556.0,441.76,562.0,443.01,559.0,442.385
analog_1.SchDoc,1,U133A,U133,A,U133-13,13,Phi1,false,1,537.0,434.521,543.0,437.02,540.0,435.77,1,531.0,438.76,537.0,440.01,534.0,439.385
analog_1.SchDoc,1,U133B,U133,B,U133-3,3,AGND,false,1,537.0,434.521,543.0,437.02,540.0,435.77,1,529.0,458.76,535.0,460.01,532.0,459.385
analog_1.SchDoc,1,U133B,U133,B,U133-4,4,NetC30A_1,false,1,537.0,434.521,543.0,437.02,540.0,435.77,1,553.0,458.76,559.0,460.01,556.0,459.385
analog_1.SchDoc,1,U133B,U133,B,U133-5,5,Phi0,false,1,537.0,434.521,543.0,437.02,540.0,435.77,1,553.0,455.521,559.0,458.02,556.0,456.77
analog_1.SchDoc,1,U133C,U133,C,U133-6,6,Phi1,false,1,537.0,434.521,543.0,437.02,540.0,435.77,1,687.0,460.76,693.0,462.01,690.0,461.385
analog_1.SchDoc,1,U133C,U133,C,U133-8,8,NetC101A_2,false,1,537.0,434.521,543.0,437.02,540.0,435.77,1,687.0,462.521,693.0,465.02,690.0,463.77
analog_1.SchDoc,1,U133C,U133,C,U133-9,9,NetC103A_1,false,1,537.0,434.521,543.0,437.02,540.0,435.77,1,712.0,462.521,718.0,465.02,715.0,463.77
analog_1.SchDoc,1,U133D,U133,D,U133-10,10,NetC101A_2,false,1,537.0,434.521,543.0,437.02,540.0,435.77,1,675.0,433.521,681.0,436.02,678.0,434.77
analog_1.SchDoc,1,U133D,U133,D,U133-11,11,AGND,false,1,537.0,434.521,543.0,437.02,540.0,435.77,1,699.0,433.521,705.0,436.02,702.0,434.77
analog_1.SchDoc,1,U133D,U133,D,U133-12,12,Phi0,false,1,537.0,434.521,543.0,437.02,540.0,435.77,1,699.0,431.76,705.0,433.01,702.0,432.385
analog_1.SchDoc,1,,U134,,U134-7,7,GND,true,0,,,,,,,1,639.0,350.521,644.0,353.02,641.5,351.77
analog_1.SchDoc,1,,U134,,U134-14,14,VDD,true,0,,,,,,,1,614.0,350.521,620.0,353.02,617.0,351.77
analog_1.SchDoc,1,U134A,U134,A,U134-1,1,NetC30A_2,false,1,619.0,339.521,626.0,342.02,622.5,340.77,1,614.0,345.521,620.0,348.02,617.0,346.77
analog_1.SchDoc,1,U134A,U134,A,U134-2,2,NetC101A_2,false,1,619.0,339.521,626.0,342.02,622.5,340.77,1,639.0,345.521,644.0,348.02,641.5,346.77
analog_1.SchDoc,1,U134A,U134,A,U134-13,13,F3_FREQ0,false,1,619.0,339.521,626.0,342.02,622.5,340.77,1,614.0,343.76,620.0,345.01,617.0,344.385
analog_1.SchDoc,1,U134B,U134,B,U134-3,3,NetC31A_2,false,1,619.0,339.521,626.0,342.02,622.5,340.77,1,614.0,375.76,620.0,377.01,617.0,376.385
analog_1.SchDoc,1,U134B,U134,B,U134-4,4,NetC101A_2,false,1,619.0,339.521,626.0,342.02,622.5,340.77,1,639.0,375.76,644.0,377.01,641.5,376.385
analog_1.SchDoc,1,U134B,U134,B,U134-5,5,F3_FREQ1,false,1,619.0,339.521,626.0,342.02,622.5,340.77,1,639.0,372.521,644.0,375.02,641.5,373.77
analog_1.SchDoc,1,U134C,U134,C,U134-6,6,F3_FREQ2,false,1,619.0,339.521,626.0,342.02,622.5,340.77,1,614.0,401.521,620.0,404.02,617.0,402.77
analog_1.SchDoc,1,U134C,U134,C,U134-8,8,NetC32A_2,false,1,619.0,339.521,626.0,342.02,622.5,340.77,1,614.0,404.76,620.0,406.01,617.0,405.385
analog_1.SchDoc,1,U134C,U134,C,U134-9,9,NetC101A_2,false,1,619.0,339.521,626.0,342.02,622.5,340.77,1,639.0,404.76,644.0,406.01,641.5,405.385
analog_1.SchDoc,1,U134D,U134,D,U134-10,10,NetC33A_2,false,1,619.0,339.521,626.0,342.02,622.5,340.77,1,614.0,433.521,620.0,436.02,617.0,434.77
analog_1.SchDoc,1,U134D,U134,D,U134-11,11,NetC101A_2,false,1,619.0,339.521,626.0,342.02,622.5,340.77,1,639.0,433.521,644.0,436.02,641.5,434.77
analog_1.SchDoc,1,U134D,U134,D,U134-12,12,F3_FREQ3,false,1,619.0,339.521,626.0,342.02,622.5,340.77,1,639.0,431.76,644.0,433.01,641.5,432.385
analog_1.SchDoc,1,U135,U135,,U135-1,1,NetU135_1,false,1,752.0,436.521,756.0,439.02,754.0,437.77,1,731.0,438.76,737.0,440.01,734.0,439.385
analog_1.SchDoc,1,U135,U135,,U135-2,2,NetC103A_1,false,1,752.0,436.521,756.0,439.02,754.0,437.77,1,731.0,443.76,737.0,445.01,734.0,444.385
analog_1.SchDoc,1,U135,U135,,U135-3,3,AGND,false,1,752.0,436.521,756.0,439.02,754.0,437.77,1,731.0,448.76,737.0,450.01,734.0,449.385
analog_1.SchDoc,1,U135,U135,,U135-4,4,GND,false,1,752.0,436.521,756.0,439.02,754.0,437.77,1,741.0,449.566,742.001,457.06,741.5,453.313
analog_1.SchDoc,1,U135,U135,,U135-5,5,NetU135_5,false,1,752.0,436.521,756.0,439.02,754.0,437.77,1,731.0,453.76,737.0,455.01,734.0,454.385
analog_1.SchDoc,1,U135,U135,,U135-6,6,F3_OUT,false,1,752.0,436.521,756.0,439.02,754.0,437.77,1,746.0,445.521,752.0,448.02,749.0,446.77
analog_1.SchDoc,1,U135,U135,,U135-7,7,VCC,false,1,752.0,436.521,756.0,439.02,754.0,437.77,1,741.0,435.566,742.001,443.06,741.5,439.313
analog_1.SchDoc,1,U135,U135,,U135-8,8,NetU135_8,false,1,752.0,436.521,756.0,439.02,754.0,437.77,1,746.0,450.521,752.0,453.02,749.0,451.77
analog_1.SchDoc,1,U201,U201,,U201-1,1,NetU201_1,false,1,186.0,105.521,191.0,108.02,188.5,106.77,1,166.0,106.521,171.0,109.02,168.5,107.77
analog_1.SchDoc,1,U201,U201,,U201-2,2,NetU118_1,false,1,186.0,105.521,191.0,108.02,188.5,106.77,1,166.0,111.521,171.0,114.02,168.5,112.77
analog_1.SchDoc,1,U201,U201,,U201-3,3,NetU117_2,false,1,186.0,105.521,191.0,108.02,188.5,106.77,1,166.0,116.521,171.0,119.02,168.5,117.77
analog_1.SchDoc,1,U201,U201,,U201-4,4,GND,false,1,186.0,105.521,191.0,108.02,188.5,106.77,1,175.0,118.566,177.001,126.06,176.0,122.313
analog_1.SchDoc,1,U201,U201,,U201-5,5,NetU201_5,false,1,186.0,105.521,191.0,108.02,188.5,106.77,1,166.0,121.521,171.0,124.02,168.5,122.77
analog_1.SchDoc,1,U201,U201,,U201-6,6,NetU118_1,false,1,186.0,105.521,191.0,108.02,188.5,106.77,1,180.0,114.76,186.0,116.01,183.0,115.385
analog_1.SchDoc,1,U201,U201,,U201-7,7,VCC,false,1,186.0,105.521,191.0,108.02,188.5,106.77,1,175.0,103.566,177.001,111.06,176.0,107.313
analog_1.SchDoc,1,U201,U201,,U201-8,8,NetU201_8,false,1,186.0,105.521,191.0,108.02,188.5,106.77,1,180.0,119.76,186.0,121.01,183.0,120.385
analog_1.SchDoc,1,U202,U202,,U202-1,1,NetU202_1,false,1,76.0,139.521,81.0,142.02,78.5,140.77,1,56.0,141.76,62.0,143.01,59.0,142.385
analog_1.SchDoc,1,U202,U202,,U202-2,2,NetU117_3,false,1,76.0,139.521,81.0,142.02,78.5,140.77,1,56.0,145.521,62.0,148.02,59.0,146.77
analog_1.SchDoc,1,U202,U202,,U202-3,3,NetC301_2,false,1,76.0,139.521,81.0,142.02,78.5,140.77,1,56.0,150.521,62.0,153.02,59.0,151.77
analog_1.SchDoc,1,U202,U202,,U202-4,4,GND,false,1,76.0,139.521,81.0,142.02,78.5,140.77,1,65.0,152.566,67.001,160.06,66.001,156.313
analog_1.SchDoc,1,U202,U202,,U202-5,5,NetU202_5,false,1,76.0,139.521,81.0,142.02,78.5,140.77,1,56.0,155.521,62.0,158.02,59.0,156.77
analog_1.SchDoc,1,U202,U202,,U202-6,6,NetU117_3,false,1,76.0,139.521,81.0,142.02,78.5,140.77,1,71.0,148.76,76.0,150.01,73.5,149.385
analog_1.SchDoc,1,U202,U202,,U202-7,7,VCC,false,1,76.0,139.521,81.0,142.02,78.5,140.77,1,65.0,137.566,67.001,145.06,66.001,141.313
analog_1.SchDoc,1,U202,U202,,U202-8,8,NetU202_8,false,1,76.0,139.521,81.0,142.02,78.5,140.77,1,71.0,153.76,76.0,155.01,73.5,154.385
analog_1.SchDoc,1,U203,U203,,U203-1,1,NetU203_1,false,1,76.0,100.521,81.0,103.02,78.5,101.77,1,56.0,102.76,62.0,104.01,59.0,103.385
analog_1.SchDoc,1,U203,U203,,U203-2,2,NetU117_1,false,1,76.0,100.521,81.0,103.02,78.5,101.77,1,56.0,106.521,62.0,109.02,59.0,107.77
analog_1.SchDoc,1,U203,U203,,U203-3,3,AGND,false,1,76.0,100.521,81.0,103.02,78.5,101.77,1,56.0,111.521,62.0,114.02,59.0,112.77
analog_1.SchDoc,1,U203,U203,,U203-4,4,GND,false,1,76.0,100.521,81.0,103.02,78.5,101.77,1,65.0,113.566,67.001,121.06,66.001,117.313
analog_1.SchDoc,1,U203,U203,,U203-5,5,NetU203_5,false,1,76.0,100.521,81.0,103.02,78.5,101.77,1,56.0,116.521,62.0,119.02,59.0,117.77
analog_1.SchDoc,1,U203,U203,,U203-6,6,NetU117_1,false,1,76.0,100.521,81.0,103.02,78.5,101.77,1,71.0,109.76,76.0,111.01,73.5,110.385
analog_1.SchDoc,1,U203,U203,,U203-7,7,VCC,false,1,76.0,100.521,81.0,103.02,78.5,101.77,1,65.0,98.566,67.001,106.06,66.001,102.313
analog_1.SchDoc,1,U203,U203,,U203-8,8,NetU203_8,false,1,76.0,100.521,81.0,103.02,78.5,101.77,1,71.0,114.76,76.0,116.01,73.5,115.385
analog_2.SchDoc,2,C100,C100,,C100-1,1,GND,false,1,636.0,324.521,641.0,327.02,638.5,325.77,1,633.0,326.283,635.001,330.03,634.0,328.156
analog_2.SchDoc,2,C100,C100,,C100-2,2,NetC100_2,false,1,636.0,324.521,641.0,327.02,638.5,325.77,1,633.0,321.044,635.001,326.04,634.0,323.542
analog_2.SchDoc,2,C129A,C129A,,C129A-1,1,NetC129A_1,false,1,139.0,344.521,145.0,347.02,142.0,345.77,1,136.0,348.76,140.0,350.01,138.0,349.385
analog_2.SchDoc,2,C129A,C129A,,C129A-2,2,NetC129A_2,false,1,139.0,344.521,145.0,347.02,142.0,345.77,1,141.0,348.76,145.0,350.01,143.0,349.385
analog_2.SchDoc,2,C129B,C129B,,C129B-1,1,NetC129A_1,false,1,139.0,332.521,145.0,335.02,142.0,333.77,1,136.0,336.76,140.0,338.01,138.0,337.385
analog_2.SchDoc,2,C129B,C129B,,C129B-2,2,NetC129A_2,false,1,139.0,332.521,145.0,335.02,142.0,333.77,1,141.0,336.76,145.0,338.01,143.0,337.385
analog_2.SchDoc,2,C130A,C130A,,C130A-1,1,NetC129A_1,false,1,139.0,315.521,145.0,318.02,142.0,316.77,1,136.0,319.76,140.0,321.01,138.0,320.385
analog_2.SchDoc,2,C130A,C130A,,C130A-2,2,NetC130A_2,false,1,139.0,315.521,145.0,318.02,142.0,316.77,1,141.0,319.76,145.0,321.01,143.0,320.385
analog_2.SchDoc,2,C130B,C130B,,C130B-1,1,NetC129A_1,false,1,139.0,303.521,145.0,306.02,142.0,304.77,1,136.0,306.521,140.0,309.02,138.0,307.77
analog_2.SchDoc,2,C130B,C130B,,C130B-2,2,NetC130A_2,false,1,139.0,303.521,145.0,306.02,142.0,304.77,1,141.0,306.521,145.0,309.02,143.0,307.77
analog_2.SchDoc,2,C131A,C131A,,C131A-1,1,NetC129A_1,false,1,139.0,285.282,145.001,289.03,142.0,287.156,1,136.0,289.521,140.0,292.02,138.0,290.77
analog_2.SchDoc,2,C131A,C131A,,C131A-2,2,NetC131A_2,false,1,139.0,285.282,145.001,289.03,142.0,287.156,1,141.0,289.521,145.0,292.02,143.0,290.77
analog_2.SchDoc,2,C131B,C131B,,C131B-1,1,NetC129A_1,false,1,139.0,273.282,145.001,277.03,142.0,275.156,1,136.0,277.521,140.0,280.02,138.0,278.77
analog_2.SchDoc,2,C131B,C131B,,C131B-2,2,NetC131A_2,false,1,139.0,273.282,145.001,277.03,142.0,275.156,1,141.0,277.521,145.0,280.02,143.0,278.77
analog_2.SchDoc,2,C132A,C132A,,C132A-1,1,NetC129A_1,false,1,139.0,256.282,145.001,260.03,142.0,258.156,1,136.0,260.521,140.0,263.02,138.0,261.77
analog_2.SchDoc,2,C132A,C132A,,C132A-2,2,NetC132A_2,false,1,139.0,256.282,145.001,260.03,142.0,258.156,1,141.0,260.521,145.0,263.02,143.0,261.77
analog_2.SchDoc,2,C132B,C132B,,C132B-1,1,NetC129A_1,false,1,139.0,244.521,145.0,247.02,142.0,245.77,1,136.0,248.76,140.0,250.01,138.0,249.385
analog_2.SchDoc,2,C132B,C132B,,C132B-2,2,NetC132A_2,false,1,139.0,244.521,145.0,247.02,142.0,245.77,1,141.0,248.76,145.0,250.01,143.0,249.385
analog_2.SchDoc,2,C133A,C133A,,C133A-1,1,NetC133A_1,false,1,239.0,259.521,245.0,262.02,242.0,260.77,1,236.0,262.521,240.0,265.02,238.0,263.77
analog_2.SchDoc,2,C133A,C133A,,C133A-2,2,NetC133A_2,false,1,239.0,259.521,245.0,262.02,242.0,260.77,1,241.0,262.521,245.0,265.02,243.0,263.77
analog_2.SchDoc,2,C133B,C133B,,C133B-1,1,NetC133A_1,false,1,239.0,271.521,245.0,274.02,242.0,272.77,1,236.0,275.76,240.0,277.01,238.0,276.385
analog_2.SchDoc,2,C133B,C133B,,C133B-2,2,NetC133A_2,false,1,239.0,271.521,245.0,274.02,242.0,272.77,1,241.0,275.76,245.0,277.01,243.0,276.385
analog_2.SchDoc,2,C134A,C134A,,C134A-1,1,NetC134A_1,false,1,139.0,459.521,145.0,462.02,142.0,460.77,1,136.0,462.521,140.0,465.02,138.0,463.77
analog_2.SchDoc,2,C134A,C134A,,C134A-2,2,NetC134A_2,false,1,139.0,459.521,145.0,462.02,142.0,460.77,1,141.0,462.521,145.0,465.02,143.0,463.77
analog_2.SchDoc,2,C134B,C134B,,C134B-1,1,NetC134A_1,false,1,139.0,471.521,145.0,474.02,142.0,472.77,1,136.0,475.76,140.0,477.01,138.0,476.385
analog_2.SchDoc,2,C134B,C134B,,C134B-2,2,NetC134A_2,false,1,139.0,471.521,145.0,474.02,142.0,472.77,1,141.0,475.76,145.0,477.01,143.0,476.385
analog_2.SchDoc,2,C135A,C135A,,C135A-1,1,NetC134A_1,false,1,139.0,432.521,145.0,435.02,142.0,433.77,1,136.0,436.76,140.0,438.01,138.0,437.385
analog_2.SchDoc,2,C135A,C135A,,C135A-2,2,NetC135A_2,false,1,139.0,432.521,145.0,435.02,142.0,433.77,1,141.0,436.76,145.0,438.01,143.0,437.385
analog_2.SchDoc,2,C135B,C135B,,C135B-1,1,NetC134A_1,false,1,139.0,444.521,145.0,447.02,142.0,445.77,1,136.0,448.76,140.0,450.01,138.0,449.385
analog_2.SchDoc,2,C135B,C135B,,C135B-2,2,NetC135A_2,false,1,139.0,444.521,145.0,447.02,142.0,445.77,1,141.0,448.76,145.0,450.01,143.0,449.385
analog_2.SchDoc,2,C136A,C136A,,C136A-1,1,NetC134A_1,false,1,139.0,405.521,145.0,408.02,142.0,406.77,1,136.0,409.76,140.0,411.01,138.0,410.385
analog_2.SchDoc,2,C136A,C136A,,C136A-2,2,NetC136A_2,false,1,139.0,405.521,145.0,408.02,142.0,406.77,1,141.0,409.76,145.0,411.01,143.0,410.385
analog_2.SchDoc,2,C136B,C136B,,C136B-1,1,NetC134A_1,false,1,139.0,417.521,145.0,420.02,142.0,418.77,1,136.0,421.76,140.0,423.01,138.0,422.385
analog_2.SchDoc,2,C136B,C136B,,C136B-2,2,NetC136A_2,false,1,139.0,417.521,145.0,420.02,142.0,418.77,1,141.0,421.76,145.0,423.01,143.0,422.385
analog_2.SchDoc,2,C137A,C137A,,C137A-1,1,NetC134A_1,false,1,139.0,378.282,145.001,382.03,142.0,380.156,1,136.0,382.76,140.0,384.01,138.0,383.385
analog_2.SchDoc,2,C137A,C137A,,C137A-2,2,NetC137A_2,false,1,139.0,378.282,145.001,382.03,142.0,380.156,1,141.0,382.76,145.0,384.01,143.0,383.385
analog_2.SchDoc,2,C137B,C137B,,C137B-1,1,NetC134A_1,false,1,139.0,390.282,145.001,394.03,142.0,392.156,1,136.0,394.521,140.0,397.02,138.0,395.77
analog_2.SchDoc,2,C137B,C137B,,C137B-2,2,NetC137A_2,false,1,139.0,390.282,145.001,394.03,142.0,392.156,1,141.0,394.521,145.0,397.02,143.0,395.77
analog_2.SchDoc,2,C138A,C138A,,C138A-1,1,NetC138A_1,false,1,278.0,354.521,284.0,357.02,281.0,355.77,1,275.0,358.76,279.0,360.01,277.0,359.385
analog_2.SchDoc,2,C138A,C138A,,C138A-2,2,NetC138A_2,false,1,278.0,354.521,284.0,357.02,281.0,355.77,1,280.0,358.76,284.0,360.01,282.0,359.385
analog_2.SchDoc,2,C138B,C138B,,C138B-1,1,NetC138A_1,false,1,278.0,366.521,284.0,369.02,281.0,367.77,1,275.0,370.76,279.0,372.01,277.0,371.385
analog_2.SchDoc,2,C138B,C138B,,C138B-2,2,NetC138A_2,false,1,278.0,366.521,284.0,369.02,281.0,367.77,1,280.0,370.76,284.0,372.01,282.0,371.385
analog_2.SchDoc,2,C139A,C139A,,C139A-1,1,NetC139A_1,false,1,275.0,453.521,282.0,456.02,278.5,454.77,1,273.0,455.044,274.001,460.04,273.5,457.542
analog_2.SchDoc,2,C139A,C139A,,C139A-2,2,NetC139A_2,false,1,275.0,453.521,282.0,456.02,278.5,454.77,1,273.0,450.044,274.001,455.04,273.5,452.542
analog_2.SchDoc,2,C139B,C139B,,C139B-1,1,NetC139A_1,false,1,288.0,453.521,294.0,456.02,291.0,454.77,1,285.0,455.044,286.001,460.04,285.5,457.542
analog_2.SchDoc,2,C139B,C139B,,C139B-2,2,NetC139A_2,false,1,288.0,453.521,294.0,456.02,291.0,454.77,1,285.0,450.044,286.001,455.04,285.5,452.542
analog_2.SchDoc,2,C140A,C140A,,C140A-1,1,NetC140A_1,false,1,419.0,453.521,426.0,456.02,422.5,454.77,1,416.0,455.044,418.001,460.04,417.0,457.542
analog_2.SchDoc,2,C140A,C140A,,C140A-2,2,NetC138A_2,false,1,419.0,453.521,426.0,456.02,422.5,454.77,1,416.0,450.044,418.001,455.04,417.0,452.542
analog_2.SchDoc,2,C140B,C140B,,C140B-1,1,NetC140A_1,false,1,431.0,453.521,438.0,456.02,434.5,454.77,1,429.0,455.044,430.001,460.04,429.5,457.542
analog_2.SchDoc,2,C140B,C140B,,C140B-2,2,NetC138A_2,false,1,431.0,453.521,438.0,456.02,434.5,454.77,1,429.0,450.044,430.001,455.04,429.5,452.542
analog_2.SchDoc,2,C141A,C141A,,C141A-1,1,NetC141A_1,false,1,368.0,453.521,374.0,456.02,371.0,454.77,1,365.0,455.044,367.001,460.04,366.0,457.542
analog_2.SchDoc,2,C141A,C141A,,C141A-2,2,NetC141A_2,false,1,368.0,453.521,374.0,456.02,371.0,454.77,1,365.0,450.044,367.001,455.04,366.0,452.542
analog_2.SchDoc,2,C141B,C141B,,C141B-1,1,NetC141A_1,false,1,380.0,453.521,386.0,456.02,383.0,454.77,1,377.0,455.044,379.001,460.04,378.0,457.542
analog_2.SchDoc,2,C141B,C141B,,C141B-2,2,NetC141A_2,false,1,380.0,453.521,386.0,456.02,383.0,454.77,1,377.0,450.044,379.001,455.04,378.0,452.542
analog_2.SchDoc,2,C142A,C142A,,C142A-1,1,NetC140A_1,false,1,458.0,432.521,465.0,435.02,461.5,433.77,1,456.0,436.76,459.0,438.01,457.5,437.385
analog_2.SchDoc,2,C142A,C142A,,C142A-2,2,NetC142A_2,false,1,458.0,432.521,465.0,435.02,461.5,433.77,1,461.0,436.76,464.0,438.01,462.5,437.385
analog_2.SchDoc,2,C142B,C142B,,C142B-1,1,NetC140A_1,false,1,458.0,444.521,464.0,447.02,461.0,445.77,1,456.0,448.76,459.0,450.01,457.5,449.385
analog_2.SchDoc,2,C142B,C142B,,C142B-2,2,NetC142A_2,false,1,458.0,444.521,464.0,447.02,461.0,445.77,1,461.0,448.76,464.0,450.01,462.5,449.385
analog_2.SchDoc,2,C143A,C143A,,C143A-1,1,NetC143A_1,false,1,322.0,285.282,328.001,289.03,325.0,287.156,1,319.0,289.521,323.0,292.02,321.0,290.77
analog_2.SchDoc,2,C143A,C143A,,C143A-2,2,FRIC_1,false,1,322.0,285.282,328.001,289.03,325.0,287.156,1,324.0,289.521,327.0,292.02,325.5,290.77
analog_2.SchDoc,2,C143B,C143B,,C143B-1,1,NetC143A_1,false,1,322.0,298.521,328.0,301.02,325.0,299.77,1,319.0,302.76,323.0,304.01,321.0,303.385
analog_2.SchDoc,2,C143B,C143B,,C143B-2,2,FRIC_1,false,1,322.0,298.521,328.0,301.02,325.0,299.77,1,324.0,302.76,327.0,304.01,325.5,303.385
analog_2.SchDoc,2,C150A,C150A,,C150A-1,1,NetC141A_2,false,1,390.0,364.521,396.0,367.02,393.0,365.77,1,387.0,367.521,391.0,370.02,389.0,368.77
analog_2.SchDoc,2,C150A,C150A,,C150A-2,2,FRIC_2,false,1,390.0,364.521,396.0,367.02,393.0,365.77,1,392.0,367.521,396.0,370.02,394.0,368.77
analog_2.SchDoc,2,C150B,C150B,,C150B-1,1,NetC141A_2,false,1,390.0,376.521,396.0,379.02,393.0,377.77,1,387.0,380.76,391.0,382.01,389.0,381.385
analog_2.SchDoc,2,C150B,C150B,,C150B-2,2,FRIC_2,false,1,390.0,376.521,396.0,379.02,393.0,377.77,1,392.0,380.76,396.0,382.01,394.0,381.385
analog_2.SchDoc,2,C151A,C151A,,C151A-1,1,NetC151A_1,false,1,444.0,339.521,450.0,342.02,447.0,340.77,1,441.0,343.76,444.0,345.01,442.5,344.385
analog_2.SchDoc,2,C151A,C151A,,C151A-2,2,FRIC_2,false,1,444.0,339.521,450.0,342.02,447.0,340.77,1,446.0,343.76,449.0,345.01,447.5,344.385
analog_2.SchDoc,2,C151B,C151B,,C151B-1,1,NetC151A_1,false,1,444.0,351.282,450.001,355.03,447.0,353.156,1,441.0,355.522,444.0,358.02,442.5,356.771
analog_2.SchDoc,2,C151B,C151B,,C151B-2,2,FRIC_2,false,1,444.0,351.282,450.001,355.03,447.0,353.156,1,446.0,355.522,449.0,358.02,447.5,356.771
analog_2.SchDoc,2,C152A,C152A,,C152A-1,1,NetC152A_1,false,1,73.0,204.282,79.001,208.03,76.001,206.156,1,70.0,207.283,72.001,211.03,71.001,209.156
analog_2.SchDoc,2,C152A,C152A,,C152A-2,2,NetC152A_2,false,1,73.0,204.282,79.001,208.03,76.001,206.156,1,70.0,202.283,72.001,206.03,71.001,204.156
analog_2.SchDoc,2,C152B,C152B,,C152B-1,1,NetC152A_1,false,1,85.0,204.282,91.001,208.03,88.001,206.156,1,83.0,207.283,84.001,211.03,83.501,209.156
analog_2.SchDoc,2,C152B,C152B,,C152B-2,2,NetC152A_2,false,1,85.0,204.282,91.001,208.03,88.001,206.156,1,83.0,202.283,84.001,206.03,83.501,204.156
analog_2.SchDoc,2,C153A,C153A,,C153A-1,1,NetC153A_1,false,1,139.0,149.521,145.0,152.02,142.0,150.77,1,136.0,153.76,140.0,155.01,138.0,154.385
analog_2.SchDoc,2,C153A,C153A,,C153A-2,2,NetC153A_2,false,1,139.0,149.521,145.0,152.02,142.0,150.77,1,141.0,153.76,145.0,155.01,143.0,154.385
analog_2.SchDoc,2,C153B,C153B,,C153B-1,1,NetC153A_1,false,1,139.0,161.282,145.001,165.03,142.0,163.156,1,136.0,165.76,140.0,167.01,138.0,166.385
analog_2.SchDoc,2,C153B,C153B,,C153B-2,2,NetC153A_2,false,1,139.0,161.282,145.001,165.03,142.0,163.156,1,141.0,165.76,145.0,167.01,143.0,166.385
analog_2.SchDoc,2,C154A,C154A,,C154A-1,1,NetC152A_2,false,1,195.0,88.521,201.0,91.02,198.0,89.77,1,192.0,92.76,196.0,94.01,194.0,93.385
analog_2.SchDoc,2,C154A,C154A,,C154A-2,2,NetC154A_2,false,1,195.0,88.521,201.0,91.02,198.0,89.77,1,197.0,92.76,201.0,94.01,199.0,93.385
analog_2.SchDoc,2,C154B,C154B,,C154B-1,1,NetC152A_2,false,1,195.0,100.282,201.001,104.03,198.0,102.156,1,192.0,104.521,196.0,107.02,194.0,105.77
analog_2.SchDoc,2,C154B,C154B,,C154B-2,2,NetC154A_2,false,1,195.0,100.282,201.001,104.03,198.0,102.156,1,197.0,104.521,201.0,107.02,199.0,105.77
analog_2.SchDoc,2,C155A,C155A,,C155A-1,1,NetC154A_2,false,1,224.0,205.521,231.0,208.02,227.5,206.77,1,222.0,209.76,225.0,211.01,223.5,210.385
analog_2.SchDoc,2,C155A,C155A,,C155A-2,2,NetC155A_2,false,1,224.0,205.521,231.0,208.02,227.5,206.77,1,227.0,209.76,230.0,211.01,228.5,210.385
analog_2.SchDoc,2,C155B,C155B,,C155B-1,1,NetC154A_2,false,1,224.0,217.282,230.001,221.03,227.0,219.156,1,222.0,221.76,225.0,223.01,223.5,222.385
analog_2.SchDoc,2,C155B,C155B,,C155B-2,2,NetC155A_2,false,1,224.0,217.282,230.001,221.03,227.0,219.156,1,227.0,221.76,230.0,223.01,228.5,222.385
analog_2.SchDoc,2,C156A,C156A,,C156A-1,1,NetC154A_2,false,1,224.0,88.521,231.0,91.02,227.5,89.77,1,222.0,92.76,225.0,94.01,223.5,93.385
analog_2.SchDoc,2,C156A,C156A,,C156A-2,2,NetC156A_2,false,1,224.0,88.521,231.0,91.02,227.5,89.77,1,227.0,92.76,230.0,94.01,228.5,93.385
analog_2.SchDoc,2,C156B,C156B,,C156B-1,1,NetC154A_2,false,1,224.0,100.282,230.001,104.03,227.0,102.156,1,222.0,104.521,225.0,107.02,223.5,105.77
analog_2.SchDoc,2,C156B,C156B,,C156B-2,2,NetC156A_2,false,1,224.0,100.282,230.001,104.03,227.0,102.156,1,227.0,104.521,230.0,107.02,228.5,105.77
analog_2.SchDoc,2,C157A,C157A,,C157A-1,1,NetC154A_2,false,1,224.0,117.282,231.001,121.03,227.5,119.156,1,222.0,121.521,225.0,124.02,223.5,122.77
analog_2.SchDoc,2,C157A,C157A,,C157A-2,2,NetC157A_2,false,1,224.0,117.282,231.001,121.03,227.5,119.156,1,227.0,121.521,230.0,124.02,228.5,122.77
analog_2.SchDoc,2,C157B,C157B,,C157B-1,1,NetC154A_2,false,1,224.0,129.282,230.001,133.03,227.0,131.156,1,222.0,133.521,225.0,136.02,223.5,134.77
analog_2.SchDoc,2,C157B,C157B,,C157B-2,2,NetC157A_2,false,1,224.0,129.282,230.001,133.03,227.0,131.156,1,227.0,133.521,230.0,136.02,228.5,134.77
analog_2.SchDoc,2,C158A,C158A,,C158A-1,1,NetC154A_2,false,1,224.0,146.282,231.001,150.03,227.5,148.156,1,222.0,150.521,225.0,153.02,223.5,151.77
analog_2.SchDoc,2,C158A,C158A,,C158A-2,2,NetC158A_2,false,1,224.0,146.282,231.001,150.03,227.5,148.156,1,227.0,150.521,230.0,153.02,228.5,151.77
analog_2.SchDoc,2,C158B,C158B,,C158B-1,1,NetC154A_2,false,1,224.0,159.521,230.0,162.02,227.0,160.77,1,222.0,163.76,225.0,165.01,223.5,164.385
analog_2.SchDoc,2,C158B,C158B,,C158B-2,2,NetC158A_2,false,1,224.0,159.521,230.0,162.02,227.0,160.77,1,227.0,163.76,230.0,165.01,228.5,164.385
analog_2.SchDoc,2,C159A,C159A,,C159A-1,1,NetC154A_2,false,1,224.0,176.521,231.0,179.02,227.5,177.77,1,222.0,180.76,225.0,182.01,223.5,181.385
analog_2.SchDoc,2,C159A,C159A,,C159A-2,2,NetC159A_2,false,1,224.0,176.521,231.0,179.02,227.5,177.77,1,227.0,180.76,230.0,182.01,228.5,181.385
analog_2.SchDoc,2,C159B,C159B,,C159B-1,1,NetC154A_2,false,1,224.0,188.521,230.0,191.02,227.0,189.77,1,222.0,192.76,225.0,194.01,223.5,193.385
analog_2.SchDoc,2,C159B,C159B,,C159B-2,2,NetC159A_2,false,1,224.0,188.521,230.0,191.02,227.0,189.77,1,227.0,192.76,230.0,194.01,228.5,193.385
analog_2.SchDoc,2,C160A,C160A,,C160A-1,1,NetC160A_1,false,1,380.0,154.521,387.0,157.02,383.5,155.77,1,378.0,158.76,381.0,160.01,379.5,159.385
analog_2.SchDoc,2,C160A,C160A,,C160A-2,2,NetC160A_2,false,1,380.0,154.521,387.0,157.02,383.5,155.77,1,383.0,158.76,386.0,160.01,384.5,159.385
analog_2.SchDoc,2,C160B,C160B,,C160B-1,1,NetC160A_1,false,1,380.0,166.521,386.0,169.02,383.0,167.77,1,378.0,170.76,381.0,172.01,379.5,171.385
analog_2.SchDoc,2,C160B,C160B,,C160B-2,2,NetC160A_2,false,1,380.0,166.521,386.0,169.02,383.0,167.77,1,383.0,170.76,386.0,172.01,384.5,171.385
analog_2.SchDoc,2,C161A,C161A,,C161A-1,1,NetC161A_1,false,1,671.0,122.521,677.0,125.02,674.0,123.77,1,668.0,126.76,671.0,128.01,669.5,127.385
analog_2.SchDoc,2,C161A,C161A,,C161A-2,2,NetC161A_2,false,1,671.0,122.521,677.0,125.02,674.0,123.77,1,673.0,126.76,676.0,128.01,674.5,127.385
analog_2.SchDoc,2,C161B,C161B,,C161B-1,1,NetC161A_1,false,1,671.0,134.282,677.0,138.03,674.0,136.156,1,668.0,138.521,671.0,141.02,669.5,139.77
analog_2.SchDoc,2,C161B,C161B,,C161B-2,2,NetC161A_2,false,1,671.0,134.282,677.0,138.03,674.0,136.156,1,673.0,138.521,676.0,141.02,674.5,139.77
analog_2.SchDoc,2,C162A,C162A,,C162A-1,1,NetC162A_1,false,1,595.0,159.521,601.0,162.02,598.0,160.77,1,592.0,163.76,596.0,165.01,594.0,164.385
analog_2.SchDoc,2,C162A,C162A,,C162A-2,2,NetC162A_2,false,1,595.0,159.521,601.0,162.02,598.0,160.77,1,597.0,163.76,600.0,165.01,598.5,164.385
analog_2.SchDoc,2,C162B,C162B,,C162B-1,1,NetC162A_1,false,1,595.0,173.282,601.0,177.03,598.0,175.156,1,592.0,177.521,596.0,180.02,594.0,178.77
analog_2.SchDoc,2,C162B,C162B,,C162B-2,2,NetC162A_2,false,1,595.0,173.282,601.0,177.03,598.0,175.156,1,597.0,177.521,600.0,180.02,598.5,178.77
analog_2.SchDoc,2,C163A,C163A,,C163A-1,1,NetC163A_1,false,1,509.0,117.282,516.001,121.03,512.5,119.156,1,507.0,121.521,510.0,124.02,508.5,122.77
analog_2.SchDoc,2,C163A,C163A,,C163A-2,2,NetC163A_2,false,1,509.0,117.282,516.001,121.03,512.5,119.156,1,512.0,121.521,515.0,124.02,513.5,122.77
analog_2.SchDoc,2,C163B,C163B,,C163B-1,1,NetC163A_1,false,1,509.0,129.282,516.001,133.03,512.5,131.156,1,507.0,133.521,510.0,136.02,508.5,134.77
analog_2.SchDoc,2,C163B,C163B,,C163B-2,2,NetC163A_2,false,1,509.0,129.282,516.001,133.03,512.5,131.156,1,512.0,133.521,515.0,136.02,513.5,134.77
analog_2.SchDoc,2,C164A,C164A,,C164A-1,1,FRIC_2,false,1,441.0,129.521,448.0,132.02,444.5,130.77,1,438.0,131.044,440.001,136.04,439.0,133.542
analog_2.SchDoc,2,C164A,C164A,,C164A-2,2,NetC162A_1,false,1,441.0,129.521,448.0,132.02,444.5,130.77,1,438.0,126.044,440.001,131.04,439.0,128.542
analog_2.SchDoc,2,C164B,C164B,,C164B-1,1,FRIC_2,false,1,454.0,129.521,460.0,132.02,457.0,130.77,1,450.0,131.044,452.001,136.04,451.0,133.542
analog_2.SchDoc,2,C164B,C164B,,C164B-2,2,NetC162A_1,false,1,454.0,129.521,460.0,132.02,457.0,130.77,1,450.0,126.044,452.001,131.04,451.0,128.542
analog_2.SchDoc,2,C165A,C165A,,C165A-1,1,NetC165A_1,false,1,444.0,175.282,450.001,179.03,447.0,177.156,1,441.0,177.044,442.001,182.04,441.5,179.542
analog_2.SchDoc,2,C165A,C165A,,C165A-2,2,FRIC_2,false,1,444.0,175.282,450.001,179.03,447.0,177.156,1,441.0,172.044,442.001,177.04,441.5,174.542
analog_2.SchDoc,2,C165B,C165B,,C165B-1,1,NetC165A_1,false,1,456.0,175.282,462.001,179.03,459.0,177.156,1,453.0,177.044,455.001,182.04,454.0,179.542
analog_2.SchDoc,2,C165B,C165B,,C165B-2,2,FRIC_2,false,1,456.0,175.282,462.001,179.03,459.0,177.156,1,453.0,172.044,455.001,177.04,454.0,174.542
analog_2.SchDoc,2,C168A,C168A,,C168A-1,1,NetC168A_1,false,1,495.0,305.521,501.0,308.02,498.0,306.77,1,492.0,309.76,496.0,311.01,494.0,310.385
analog_2.SchDoc,2,C168A,C168A,,C168A-2,2,NetC168A_2,false,1,495.0,305.521,501.0,308.02,498.0,306.77,1,497.0,309.76,501.0,311.01,499.0,310.385
analog_2.SchDoc,2,C168B,C168B,,C168B-1,1,NetC168A_1,false,1,495.0,317.282,501.001,321.03,498.0,319.156,1,492.0,321.76,496.0,323.01,494.0,322.385
analog_2.SchDoc,2,C168B,C168B,,C168B-2,2,NetC168A_2,false,1,495.0,317.282,501.001,321.03,498.0,319.156,1,497.0,321.76,501.0,323.01,499.0,322.385
analog_2.SchDoc,2,C169A,C169A,,C169A-1,1,NetC169A_1,false,1,495.0,276.521,501.0,279.02,498.0,277.77,1,492.0,280.76,496.0,282.01,494.0,281.385
analog_2.SchDoc,2,C169A,C169A,,C169A-2,2,NetC168A_2,false,1,495.0,276.521,501.0,279.02,498.0,277.77,1,497.0,280.76,501.0,282.01,499.0,281.385
analog_2.SchDoc,2,C169B,C169B,,C169B-1,1,NetC169A_1,false,1,495.0,288.521,501.0,291.02,498.0,289.77,1,492.0,292.76,496.0,294.01,494.0,293.385
analog_2.SchDoc,2,C169B,C169B,,C169B-2,2,NetC168A_2,false,1,495.0,288.521,501.0,291.02,498.0,289.77,1,497.0,292.76,501.0,294.01,499.0,293.385
analog_2.SchDoc,2,C170A,C170A,,C170A-1,1,NetC170A_1,false,1,495.0,246.282,501.001,250.03,498.0,248.156,1,492.0,250.521,496.0,253.02,494.0,251.77
analog_2.SchDoc,2,C170A,C170A,,C170A-2,2,NetC168A_2,false,1,495.0,246.282,501.001,250.03,498.0,248.156,1,497.0,250.521,501.0,253.02,499.0,251.77
analog_2.SchDoc,2,C170B,C170B,,C170B-1,1,NetC170A_1,false,1,495.0,259.521,501.0,262.02,498.0,260.77,1,492.0,262.521,496.0,265.02,494.0,263.77
analog_2.SchDoc,2,C170B,C170B,,C170B-2,2,NetC168A_2,false,1,495.0,259.521,501.0,262.02,498.0,260.77,1,497.0,262.521,501.0,265.02,499.0,263.77
analog_2.SchDoc,2,C171A,C171A,,C171A-1,1,NetC171A_1,false,1,495.0,217.282,501.001,221.03,498.0,219.156,1,492.0,221.76,496.0,223.01,494.0,222.385
analog_2.SchDoc,2,C171A,C171A,,C171A-2,2,NetC168A_2,false,1,495.0,217.282,501.001,221.03,498.0,219.156,1,497.0,221.76,501.0,223.01,499.0,222.385
analog_2.SchDoc,2,C171B,C171B,,C171B-1,1,NetC171A_1,false,1,495.0,229.282,501.001,233.03,498.0,231.156,1,492.0,233.521,496.0,236.02,494.0,234.77
analog_2.SchDoc,2,C171B,C171B,,C171B-2,2,NetC168A_2,false,1,495.0,229.282,501.001,233.03,498.0,231.156,1,497.0,233.521,501.0,236.02,499.0,234.77
analog_2.SchDoc,2,C172A,C172A,,C172A-1,1,NetC172A_1,false,1,583.0,251.282,589.0,255.03,586.0,253.156,1,580.0,255.521,583.0,258.02,581.5,256.77
analog_2.SchDoc,2,C172A,C172A,,C172A-2,2,NetC172A_2,false,1,583.0,251.282,589.0,255.03,586.0,253.156,1,585.0,255.521,588.0,258.02,586.5,256.77
analog_2.SchDoc,2,C172B,C172B,,C172B-1,1,NetC172A_1,false,1,583.0,263.282,589.0,267.03,586.0,265.156,1,580.0,267.521,583.0,270.02,581.5,268.77
analog_2.SchDoc,2,C172B,C172B,,C172B-2,2,NetC172A_2,false,1,583.0,263.282,589.0,267.03,586.0,265.156,1,585.0,267.521,588.0,270.02,586.5,268.77
analog_2.SchDoc,2,C173A,C173A,,C173A-1,1,NetC168A_2,false,1,549.0,276.521,555.0,279.02,552.0,277.77,1,546.0,280.76,549.0,282.01,547.5,281.385
analog_2.SchDoc,2,C173A,C173A,,C173A-2,2,NetC172A_2,false,1,549.0,276.521,555.0,279.02,552.0,277.77,1,551.0,280.76,554.0,282.01,552.5,281.385
analog_2.SchDoc,2,C173B,C173B,,C173B-1,1,NetC168A_2,false,1,549.0,288.521,555.0,291.02,552.0,289.77,1,546.0,292.76,549.0,294.01,547.5,293.385
analog_2.SchDoc,2,C173B,C173B,,C173B-2,2,NetC172A_2,false,1,549.0,288.521,555.0,291.02,552.0,289.77,1,551.0,292.76,554.0,294.01,552.5,293.385
analog_2.SchDoc,2,C174,C174,,C174-1,1,NetC174_1,false,1,642.0,400.521,647.0,403.02,644.5,401.77,1,641.0,404.76,644.0,406.01,642.5,405.385
analog_2.SchDoc,2,C174,C174,,C174-2,2,NetC174_2,false,1,642.0,400.521,647.0,403.02,644.5,401.77,1,646.0,404.76,649.0,406.01,647.5,405.385
analog_2.SchDoc,2,C175,C175,,C175-1,1,NetC175_1,false,1,634.0,417.521,638.0,420.02,636.0,418.77,1,631.0,419.283,632.001,423.03,631.5,421.156
analog_2.SchDoc,2,C175,C175,,C175-2,2,NetC174_1,false,1,634.0,417.521,638.0,420.02,636.0,418.77,1,631.0,414.283,632.001,418.03,631.5,416.156
analog_2.SchDoc,2,C176,C176,,C176-1,1,NetC176_1,false,1,551.0,390.521,556.0,393.02,553.5,391.77,1,548.0,392.283,550.001,396.03,549.0,394.156
analog_2.SchDoc,2,C176,C176,,C176-2,2,Line Out,false,1,551.0,390.521,556.0,393.02,553.5,391.77,1,548.0,387.283,550.001,391.03,549.0,389.156
analog_2.SchDoc,2,C300,C300,,C300-1,1,GND,false,1,514.0,351.521,519.0,354.02,516.5,352.77,1,511.0,353.283,513.001,357.03,512.0,355.156
analog_2.SchDoc,2,C300,C300,,C300-2,2,NetC300_2,false,1,514.0,351.521,519.0,354.02,516.5,352.77,1,511.0,348.044,513.001,353.04,512.0,350.542
analog_2.SchDoc,2,C302,C302,,C302-1,1,NetC302_1,false,1,573.0,390.521,578.0,393.02,575.5,391.77,1,570.0,392.283,571.001,396.03,570.5,394.156
analog_2.SchDoc,2,C302,C302,,C302-2,2,NetC302_2,false,1,573.0,390.521,578.0,393.02,575.5,391.77,1,570.0,387.283,571.001,391.03,570.5,389.156
analog_2.SchDoc,2,C303,C303,,C303-1,1,VCC,false,1,680.0,456.282,685.0,460.03,682.5,458.156,1,677.0,455.044,679.001,460.04,678.0,457.542
analog_2.SchDoc,2,C303,C303,,C303-2,2,GND,false,1,680.0,456.282,685.0,460.03,682.5,458.156,1,677.0,460.044,679.001,465.04,678.0,462.542
analog_2.SchDoc,2,C304,C304,,C304-1,1,GND,false,1,658.0,363.521,663.0,366.02,660.5,364.77,1,655.0,365.044,657.001,370.04,656.0,367.542
analog_2.SchDoc,2,C304,C304,,C304-2,2,VCC,false,1,658.0,363.521,663.0,366.02,660.5,364.77,1,655.0,360.044,657.001,365.04,656.0,362.542
analog_2.SchDoc,2,C305,C305,,C305-1,1,GND,false,1,668.0,363.521,673.0,366.02,670.5,364.77,1,665.0,365.044,666.001,370.04,665.5,367.542
analog_2.SchDoc,2,C305,C305,,C305-2,2,VCC,false,1,668.0,363.521,673.0,366.02,670.5,364.77,1,665.0,360.044,666.001,365.04,665.5,362.542
analog_2.SchDoc,2,C306,C306,,C306-1,1,GND,false,1,678.0,363.521,683.0,366.02,680.5,364.77,1,675.0,365.044,676.001,370.04,675.5,367.542
analog_2.SchDoc,2,C306,C306,,C306-2,2,VCC,false,1,678.0,363.521,683.0,366.02,680.5,364.77,1,675.0,360.044,676.001,365.04,675.5,362.542
analog_2.SchDoc,2,C307,C307,,C307-1,1,GND,false,1,688.0,363.521,692.0,366.02,690.0,364.77,1,685.0,365.044,686.001,370.04,685.5,367.542
analog_2.SchDoc,2,C307,C307,,C307-2,2,VCC,false,1,688.0,363.521,692.0,366.02,690.0,364.77,1,685.0,360.044,686.001,365.04,685.5,362.542
analog_2.SchDoc,2,C308,C308,,C308-1,1,GND,false,1,697.0,363.521,702.0,366.02,699.5,364.77,1,694.0,365.044,696.001,370.04,695.0,367.542
analog_2.SchDoc,2,C308,C308,,C308-2,2,VCC,false,1,697.0,363.521,702.0,366.02,699.5,364.77,1,694.0,360.044,696.001,365.04,695.0,362.542
analog_2.SchDoc,2,C309,C309,,C309-1,1,GND,false,1,707.0,363.521,712.0,366.02,709.5,364.77,1,704.0,365.044,706.001,370.04,705.0,367.542
analog_2.SchDoc,2,C309,C309,,C309-2,2,VCC,false,1,707.0,363.521,712.0,366.02,709.5,364.77,1,704.0,360.044,706.001,365.04,705.0,362.542
analog_2.SchDoc,2,C310,C310,,C310-1,1,GND,false,1,717.0,363.521,721.0,366.02,719.0,364.77,1,714.0,365.044,715.001,370.04,714.5,367.542
analog_2.SchDoc,2,C310,C310,,C310-2,2,VCC,false,1,717.0,363.521,721.0,366.02,719.0,364.77,1,714.0,360.044,715.001,365.04,714.5,362.542
analog_2.SchDoc,2,C311,C311,,C311-1,1,GND,false,1,726.0,363.521,731.0,366.02,728.5,364.77,1,724.0,365.044,725.001,370.04,724.5,367.542
analog_2.SchDoc,2,C311,C311,,C311-2,2,VCC,false,1,726.0,363.521,731.0,366.02,728.5,364.77,1,724.0,360.044,725.001,365.04,724.5,362.542
analog_2.SchDoc,2,C312,C312,,C312-1,1,GND,false,1,736.0,363.521,741.0,366.02,738.5,364.77,1,733.0,365.044,735.001,370.04,734.0,367.542
analog_2.SchDoc,2,C312,C312,,C312-2,2,VCC,false,1,736.0,363.521,741.0,366.02,738.5,364.77,1,733.0,360.044,735.001,365.04,734.0,362.542
analog_2.SchDoc,2,C313,C313,,C313-1,1,GND,false,1,746.0,363.521,751.0,366.02,748.5,364.77,1,743.0,365.044,744.001,370.04,743.5,367.542
analog_2.SchDoc,2,C313,C313,,C313-2,2,VCC,false,1,746.0,363.521,751.0,366.02,748.5,364.77,1,743.0,360.044,744.001,365.04,743.5,362.542
analog_2.SchDoc,2,C374,C374,,C374-1,1,GND,false,1,707.0,487.282,712.0,491.03,709.5,489.156,1,704.0,490.283,706.001,494.03,705.0,492.156
analog_2.SchDoc,2,C374,C374,,C374-2,2,5V,false,1,707.0,487.282,712.0,491.03,709.5,489.156,1,704.0,484.044,706.001,489.04,705.0,486.542
analog_2.SchDoc,2,C375,C375,,C375-1,1,5V,false,1,685.0,485.282,690.0,489.03,687.5,487.156,1,682.0,484.044,683.001,489.04,682.5,486.542
analog_2.SchDoc,2,C375,C375,,C375-2,2,GND,false,1,685.0,485.282,690.0,489.03,687.5,487.156,1,682.0,490.283,683.001,494.03,682.5,492.156
analog_2.SchDoc,2,C376,C376,,C376-1,1,GND,false,1,651.0,458.521,656.0,461.02,653.5,459.77,1,648.0,460.044,649.001,465.04,648.5,462.542
analog_2.SchDoc,2,C376,C376,,C376-2,2,VCC,false,1,651.0,458.521,656.0,461.02,653.5,459.77,1,648.0,455.044,649.001,460.04,648.5,457.542
analog_2.SchDoc,2,C377,C377,,C377-1,1,NetC377_1,false,1,656.0,227.282,660.001,231.03,658.0,229.156,1,653.0,226.044,654.001,231.04,653.5,228.542
analog_2.SchDoc,2,C377,C377,,C377-2,2,GND,false,1,656.0,227.282,660.001,231.03,658.0,229.156,1,653.0,231.283,654.001,235.03,653.5,233.156
analog_2.SchDoc,2,C378,C378,,C378-1,1,VCC,false,1,717.0,266.521,721.0,269.02,719.0,267.77,1,714.0,270.76,718.0,272.01,716.0,271.385
analog_2.SchDoc,2,C378,C378,,C378-2,2,GND,false,1,717.0,266.521,721.0,269.02,719.0,267.77,1,719.0,270.76,722.0,272.01,720.5,271.385
analog_2.SchDoc,2,C379,C379,,C379-1,1,VCC,false,1,717.0,256.282,721.001,260.03,719.0,258.156,1,714.0,260.521,718.0,263.02,716.0,261.77
analog_2.SchDoc,2,C379,C379,,C379-2,2,GND,false,1,717.0,256.282,721.001,260.03,719.0,258.156,1,719.0,260.521,722.0,263.02,720.5,261.77
analog_2.SchDoc,2,C380,C380,,C380-1,1,GND,false,1,663.0,292.282,668.0,296.03,665.5,294.156,1,672.0,297.283,674.001,301.03,673.0,299.156
analog_2.SchDoc,2,C380,C380,,C380-2,2,NetC380_2,false,1,663.0,292.282,668.0,296.03,665.5,294.156,1,672.0,292.283,674.001,296.03,673.0,294.156
analog_2.SchDoc,2,C381,C381,,C381-1,1,NetC381_1,false,1,719.0,317.282,724.0,321.03,721.5,319.156,1,721.0,321.76,725.0,323.01,723.0,322.385
analog_2.SchDoc,2,C381,C381,,C381-2,2,Line Out,false,1,719.0,317.282,724.0,321.03,721.5,319.156,1,717.0,321.76,720.0,323.01,718.5,322.385
analog_2.SchDoc,2,C382,C382,,C382-1,1,PIN_AUDIO,false,1,685.0,388.521,690.0,391.02,687.5,389.77,1,687.0,392.76,691.0,394.01,689.0,393.385
analog_2.SchDoc,2,C382,C382,,C382-2,2,NetC174_1,false,1,685.0,388.521,690.0,391.02,687.5,389.77,1,682.0,392.76,686.0,394.01,684.0,393.385
analog_2.SchDoc,2,C383,C383,,C383-1,1,GND,false,1,536.0,475.282,541.0,479.03,538.5,477.156,1,533.0,477.044,535.001,482.04,534.0,479.542
analog_2.SchDoc,2,C383,C383,,C383-2,2,AGND,false,1,536.0,475.282,541.0,479.03,538.5,477.156,1,533.0,472.044,535.001,477.04,534.0,474.542
analog_2.SchDoc,2,C384,C384,,C384-1,1,GND,false,1,549.0,475.282,553.001,479.03,551.0,477.156,1,546.0,477.044,547.001,482.04,546.5,479.542
analog_2.SchDoc,2,C384,C384,,C384-2,2,AGND,false,1,549.0,475.282,553.001,479.03,551.0,477.156,1,546.0,472.044,547.001,477.04,546.5,474.542
analog_2.SchDoc,2,C385,C385,,C385-1,1,GND,false,1,561.0,475.282,565.001,479.03,563.0,477.156,1,558.0,477.044,559.001,482.04,558.5,479.542
analog_2.SchDoc,2,C385,C385,,C385-2,2,AGND,false,1,561.0,475.282,565.001,479.03,563.0,477.156,1,558.0,472.044,559.001,477.04,558.5,474.542
analog_2.SchDoc,2,C386,C386,,C386-1,1,GND,false,1,573.0,475.282,578.0,479.03,575.5,477.156,1,570.0,477.044,571.001,482.04,570.5,479.542
analog_2.SchDoc,2,C386,C386,,C386-2,2,AGND,false,1,573.0,475.282,578.0,479.03,575.5,477.156,1,570.0,472.044,571.001,477.04,570.5,474.542
analog_2.SchDoc,2,C387,C387,,C387-1,1,GND,false,1,585.0,475.282,593.0,479.03,589.0,477.156,1,582.0,477.044,584.001,482.04,583.0,479.542
analog_2.SchDoc,2,C387,C387,,C387-2,2,AGND,false,1,585.0,475.282,593.0,479.03,589.0,477.156,1,582.0,472.044,584.001,477.04,583.0,474.542
analog_2.SchDoc,2,D1,D1,,D1-1,1,NetD1_1,false,1,707.0,448.283,709.001,452.03,708.0,450.156,1,709.0,453.76,715.0,455.01,712.0,454.385
analog_2.SchDoc,2,D1,D1,,D1-2,2,VCC,false,1,707.0,448.283,709.001,452.03,708.0,450.156,1,702.0,453.76,708.0,455.01,705.0,454.385
analog_2.SchDoc,2,P5,P5,,P5-1,1,NetC381_1,false,1,744.0,317.522,746.0,320.02,745.0,318.771,1,736.0,321.759,744.0,323.01,740.0,322.385
analog_2.SchDoc,2,P5,P5,,P5-2,2,GND,false,1,744.0,317.522,746.0,320.02,745.0,318.771,1,736.0,326.759,744.0,328.01,740.0,327.385
analog_2.SchDoc,2,P6,P6,,P6-1,1,NetC174_2,false,1,685.0,400.522,688.0,403.02,686.5,401.771,1,677.0,404.759,686.0,406.01,681.5,405.385
analog_2.SchDoc,2,P6,P6,,P6-2,2,NetP6_2,false,1,685.0,400.522,688.0,403.02,686.5,401.771,1,677.0,409.759,686.0,411.01,681.5,410.385
analog_2.SchDoc,2,P6,P6,,P6-3,3,GND,false,1,685.0,400.522,688.0,403.02,686.5,401.771,1,677.0,414.759,686.0,416.01,681.5,415.385
analog_2.SchDoc,2,P7,P7,,P7-1,1,5V,false,1,729.0,448.283,731.001,452.03,730.0,450.156,1,721.0,467.521,730.0,470.02,725.5,468.77
analog_2.SchDoc,2,P7,P7,,P7-2,2,GND,false,1,729.0,448.283,731.001,452.03,730.0,450.156,1,721.0,462.521,730.0,465.02,725.5,463.77
analog_2.SchDoc,2,P7,P7,,P7-3,3,GND,false,1,729.0,448.283,731.001,452.03,730.0,450.156,1,721.0,458.759,730.0,460.01,725.5,459.385
analog_2.SchDoc,2,P7,P7,,P7-4,4,NetD1_1,false,1,729.0,448.283,731.001,452.03,730.0,450.156,1,721.0,453.759,730.0,455.01,725.5,454.385
analog_2.SchDoc,2,P8,P8,,P8-1,1,NetP8_1,false,1,712.0,219.283,714.001,223.03,713.0,221.156,1,707.0,228.521,713.0,231.02,710.0,229.77
analog_2.SchDoc,2,P8,P8,,P8-2,2,AGND,false,1,712.0,219.283,714.001,223.03,713.0,221.156,1,707.0,226.76,713.0,228.01,710.0,227.385
analog_2.SchDoc,2,P8,P8,,P8-3,3,NetC377_1,false,1,712.0,219.283,714.001,223.03,713.0,221.156,1,707.0,223.521,713.0,226.02,710.0,224.77
analog_2.SchDoc,2,P9,P9,,P9-1,1,PIN_5V,false,1,749.0,492.283,751.001,496.03,750.0,494.156,1,750.0,501.566,752.001,509.06,751.0,505.313
analog_2.SchDoc,2,P9,P9,,P9-2,2,5V,false,1,749.0,492.283,751.001,496.03,750.0,494.156,1,753.0,501.566,754.001,509.06,753.5,505.313
analog_2.SchDoc,2,POT1,POT1,,POT1-1,1,GND,false,1,510.0,339.521,515.0,342.02,512.5,340.77,1,499.0,333.088,501.001,343.08,500.0,338.084
analog_2.SchDoc,2,POT1,POT1,,POT1-2,2,NetC300_2,false,1,510.0,339.521,515.0,342.02,512.5,340.77,1,502.0,343.759,510.0,345.01,506.0,344.385
analog_2.SchDoc,2,POT1,POT1,,POT1-3,3,VCC,false,1,510.0,339.521,515.0,342.02,512.5,340.77,1,499.0,345.088,501.001,355.08,500.0,350.084
analog_2.SchDoc,2,POT2,POT2,,POT2-1,1,GND,false,1,559.0,404.521,564.0,407.02,561.5,405.77,1,548.0,413.088,550.001,423.08,549.0,418.084
analog_2.SchDoc,2,POT2,POT2,,POT2-2,2,NetPOT2_2,false,1,559.0,404.521,564.0,407.02,561.5,405.77,1,551.0,411.521,559.0,414.02,555.0,412.77
analog_2.SchDoc,2,POT2,POT2,,POT2-3,3,NetC176_1,false,1,559.0,404.521,564.0,407.02,561.5,405.77,1,548.0,401.088,550.001,411.08,549.0,406.084
analog_2.SchDoc,2,R100,R100,,R100-1,1,NetR100_1,false,1,71.0,292.521,76.0,295.02,73.5,293.77,1,68.0,294.521,71.0,297.02,69.5,295.77
analog_2.SchDoc,2,R100,R100,,R100-2,2,NetC134A_1,false,1,71.0,292.521,76.0,295.02,73.5,293.77,1,75.0,294.521,79.0,297.02,77.0,295.77
analog_2.SchDoc,2,R101,R101,,R101-1,1,FRICATIVE,false,1,71.0,301.282,75.001,305.03,73.001,303.156,1,68.0,304.76,71.0,306.01,69.5,305.385
analog_2.SchDoc,2,R101,R101,,R101-2,2,NetC134A_1,false,1,71.0,301.282,75.001,305.03,73.001,303.156,1,75.0,304.76,79.0,306.01,77.0,305.385
analog_2.SchDoc,2,R102,R102,,R102-1,1,FRICATIVE,false,1,71.0,252.282,76.001,256.03,73.501,254.156,1,68.0,255.521,71.0,258.02,69.5,256.77
analog_2.SchDoc,2,R102,R102,,R102-2,2,NetR102_2,false,1,71.0,252.282,76.001,256.03,73.501,254.156,1,75.0,255.521,79.0,258.02,77.0,256.77
analog_2.SchDoc,2,R103,R103,,R103-1,1,NetR100_1,false,1,71.0,262.282,76.001,266.03,73.501,264.156,1,68.0,265.76,71.0,267.01,69.5,266.385
analog_2.SchDoc,2,R103,R103,,R103-2,2,NetR102_2,false,1,71.0,262.282,76.001,266.03,73.501,264.156,1,75.0,265.76,79.0,267.01,77.0,266.385
analog_2.SchDoc,2,R200,R200,,R200-1,1,NetC377_1,false,1,642.0,214.282,647.0,218.03,644.5,216.156,1,641.0,219.283,642.001,223.03,641.5,221.156
analog_2.SchDoc,2,R200,R200,,R200-2,2,VCC,false,1,642.0,214.282,647.0,218.03,644.5,216.156,1,641.0,212.283,642.001,216.03,641.5,214.156
analog_2.SchDoc,2,R201,R201,,R201-1,1,GND,false,1,642.0,227.521,647.0,230.02,644.5,228.77,1,641.0,231.283,642.001,235.03,641.5,233.156
analog_2.SchDoc,2,R201,R201,,R201-2,2,NetC377_1,false,1,642.0,227.521,647.0,230.02,644.5,228.77,1,641.0,224.283,642.001,228.03,641.5,226.156
analog_2.SchDoc,2,R302,R302,,R302-1,1,GND,false,1,633.0,434.521,637.0,437.02,635.0,435.77,1,631.0,438.044,632.001,443.04,631.5,440.542
analog_2.SchDoc,2,R302,R302,,R302-2,2,NetC175_1,false,1,633.0,434.521,637.0,437.02,635.0,435.77,1,631.0,431.283,632.001,435.03,631.5,433.156
analog_2.SchDoc,2,R303,R303,,R303-1,1,NetC380_2,false,1,684.0,278.521,689.0,281.02,686.5,279.77,1,682.0,282.044,683.001,287.04,682.5,284.542
analog_2.SchDoc,2,R303,R303,,R303-2,2,VCC,false,1,684.0,278.521,689.0,281.02,686.5,279.77,1,682.0,275.283,683.001,279.03,682.5,277.156
analog_2.SchDoc,2,R304,R304,,R304-1,1,GND,false,1,684.0,292.282,689.0,296.03,686.5,294.156,1,682.0,297.283,683.001,301.03,682.5,299.156
analog_2.SchDoc,2,R304,R304,,R304-2,2,NetC380_2,false,1,684.0,292.282,689.0,296.03,686.5,294.156,1,682.0,290.283,683.001,294.03,682.5,292.156
analog_2.SchDoc,2,R305,R305,,R305-1,1,PIN_AUDIO,false,1,723.0,395.521,727.0,398.02,725.0,396.77,1,721.0,399.044,723.001,404.04,722.0,401.542
analog_2.SchDoc,2,R305,R305,,R305-2,2,5V,false,1,723.0,395.521,727.0,398.02,725.0,396.77,1,721.0,392.283,723.001,396.03,722.0,394.156
analog_2.SchDoc,2,R306,R306,,R306-1,1,GND,false,1,723.0,410.521,727.0,413.02,725.0,411.77,1,721.0,414.283,723.001,418.03,722.0,416.156
analog_2.SchDoc,2,R306,R306,,R306-2,2,PIN_AUDIO,false,1,723.0,410.521,727.0,413.02,725.0,411.77,1,721.0,406.044,723.001,411.04,722.0,408.542
analog_2.SchDoc,2,,U136,,U136-7,7,GND,true,0,,,,,,,1,68.0,231.76,74.0,233.01,71.0,232.385
analog_2.SchDoc,2,,U136,,U136-14,14,VDD,true,0,,,,,,,1,44.0,231.76,49.0,233.01,46.5,232.385
analog_2.SchDoc,2,U136A,U136,A,U136-1,1,F3_OUT,false,1,49.0,219.282,55.001,223.03,52.001,221.156,1,44.0,226.76,49.0,228.01,46.5,227.385
analog_2.SchDoc,2,U136A,U136,A,U136-2,2,NetC152A_1,false,1,49.0,219.282,55.001,223.03,52.001,221.156,1,68.0,226.76,74.0,228.01,71.0,227.385
analog_2.SchDoc,2,U136A,U136,A,U136-13,13,Phi0,false,1,49.0,219.282,55.001,223.03,52.001,221.156,1,44.0,223.521,49.0,226.02,46.5,224.77
analog_2.SchDoc,2,U136B,U136,B,U136-3,3,NetC160A_2,false,1,49.0,219.282,55.001,223.03,52.001,221.156,1,114.0,226.76,120.0,228.01,117.0,227.385
analog_2.SchDoc,2,U136B,U136,B,U136-4,4,NetC152A_1,false,1,49.0,219.282,55.001,223.03,52.001,221.156,1,90.0,226.76,96.0,228.01,93.0,227.385
analog_2.SchDoc,2,U136B,U136,B,U136-5,5,Phi1,false,1,49.0,219.282,55.001,223.03,52.001,221.156,1,90.0,223.521,96.0,226.02,93.0,224.77
analog_2.SchDoc,2,U136C,U136,C,U136-6,6,Phi0,false,1,49.0,219.282,55.001,223.03,52.001,221.156,1,90.0,187.76,96.0,189.01,93.0,188.385
analog_2.SchDoc,2,U136C,U136,C,U136-8,8,NetC152A_2,false,1,49.0,219.282,55.001,223.03,52.001,221.156,1,90.0,189.521,96.0,192.02,93.0,190.77
analog_2.SchDoc,2,U136C,U136,C,U136-9,9,NetC153A_1,false,1,49.0,219.282,55.001,223.03,52.001,221.156,1,114.0,189.521,120.0,192.02,117.0,190.77
analog_2.SchDoc,2,U136D,U136,D,U136-10,10,NetC152A_2,false,1,49.0,219.282,55.001,223.03,52.001,221.156,1,68.0,189.521,74.0,192.02,71.0,190.77
analog_2.SchDoc,2,U136D,U136,D,U136-11,11,AGND,false,1,49.0,219.282,55.001,223.03,52.001,221.156,1,44.0,189.521,49.0,192.02,46.5,190.77
analog_2.SchDoc,2,U136D,U136,D,U136-12,12,Phi1,false,1,49.0,219.282,55.001,223.03,52.001,221.156,1,44.0,187.76,49.0,189.01,46.5,188.385
analog_2.SchDoc,2,U137,U137,,U137-1,1,NetU137_1,false,1,149.0,183.521,154.0,186.02,151.5,184.77,1,129.0,184.521,135.0,187.02,132.0,185.77
analog_2.SchDoc,2,U137,U137,,U137-2,2,NetC153A_1,false,1,149.0,183.521,154.0,186.02,151.5,184.77,1,129.0,189.521,135.0,192.02,132.0,190.77
analog_2.SchDoc,2,U137,U137,,U137-3,3,AGND,false,1,149.0,183.521,154.0,186.02,151.5,184.77,1,129.0,194.521,135.0,197.02,132.0,195.77
analog_2.SchDoc,2,U137,U137,,U137-4,4,GND,false,1,149.0,183.521,154.0,186.02,151.5,184.77,1,138.0,196.566,140.001,204.06,139.0,200.313
analog_2.SchDoc,2,U137,U137,,U137-5,5,NetU137_5,false,1,149.0,183.521,154.0,186.02,151.5,184.77,1,129.0,199.521,135.0,202.02,132.0,200.77
analog_2.SchDoc,2,U137,U137,,U137-6,6,NetC153A_2,false,1,149.0,183.521,154.0,186.02,151.5,184.77,1,143.0,192.76,149.0,194.01,146.0,193.385
analog_2.SchDoc,2,U137,U137,,U137-7,7,VCC,false,1,149.0,183.521,154.0,186.02,151.5,184.77,1,138.0,181.566,140.001,189.06,139.0,185.313
analog_2.SchDoc,2,U137,U137,,U137-8,8,NetU137_8,false,1,149.0,183.521,154.0,186.02,151.5,184.77,1,143.0,197.76,149.0,199.01,146.0,198.385
analog_2.SchDoc,2,,U138,,U138-7,7,GND,true,0,,,,,,,1,197.0,197.76,203.0,199.01,200.0,198.385
analog_2.SchDoc,2,,U138,,U138-14,14,VDD,true,0,,,,,,,1,173.0,197.76,179.0,199.01,176.0,198.385
analog_2.SchDoc,2,U138A,U138,A,U138-1,1,NetC153A_2,false,1,178.0,185.282,185.001,189.03,181.5,187.156,1,173.0,192.76,179.0,194.01,176.0,193.385
analog_2.SchDoc,2,U138A,U138,A,U138-2,2,NetC154A_2,false,1,178.0,185.282,185.001,189.03,181.5,187.156,1,197.0,192.76,203.0,194.01,200.0,193.385
analog_2.SchDoc,2,U138A,U138,A,U138-13,13,Phi0,false,1,178.0,185.282,185.001,189.03,181.5,187.156,1,173.0,189.521,179.0,192.02,176.0,190.77
analog_2.SchDoc,2,U138B,U138,B,U138-3,3,AGND,false,1,178.0,185.282,185.001,189.03,181.5,187.156,1,170.0,209.76,176.0,211.01,173.0,210.385
analog_2.SchDoc,2,U138B,U138,B,U138-4,4,NetC154A_2,false,1,178.0,185.282,185.001,189.03,181.5,187.156,1,195.0,209.76,201.0,211.01,198.0,210.385
analog_2.SchDoc,2,U138B,U138,B,U138-5,5,Phi1,false,1,178.0,185.282,185.001,189.03,181.5,187.156,1,195.0,206.521,201.0,209.02,198.0,207.77
analog_2.SchDoc,2,U138C,U138,C,U138-6,6,Phi0,false,1,178.0,185.282,185.001,189.03,181.5,187.156,1,329.0,211.521,335.0,214.02,332.0,212.77
analog_2.SchDoc,2,U138C,U138,C,U138-8,8,NetC155A_2,false,1,178.0,185.282,185.001,189.03,181.5,187.156,1,329.0,214.76,335.0,216.01,332.0,215.385
analog_2.SchDoc,2,U138C,U138,C,U138-9,9,NetC160A_1,false,1,178.0,185.282,185.001,189.03,181.5,187.156,1,353.0,214.76,359.0,216.01,356.0,215.385
analog_2.SchDoc,2,U138D,U138,D,U138-10,10,NetC155A_2,false,1,178.0,185.282,185.001,189.03,181.5,187.156,1,317.0,184.521,323.0,187.02,320.0,185.77
analog_2.SchDoc,2,U138D,U138,D,U138-11,11,AGND,false,1,178.0,185.282,185.001,189.03,181.5,187.156,1,341.0,184.521,347.0,187.02,344.0,185.77
analog_2.SchDoc,2,U138D,U138,D,U138-12,12,Phi1,false,1,178.0,185.282,185.001,189.03,181.5,187.156,1,341.0,182.521,347.0,185.02,344.0,183.77
analog_2.SchDoc,2,,U139,,U139-7,7,GND,true,0,,,,,,,1,280.0,102.76,286.0,104.01,283.0,103.385
analog_2.SchDoc,2,,U139,,U139-14,14,VDD,true,0,,,,,,,1,256.0,102.76,262.0,104.01,259.0,103.385
analog_2.SchDoc,2,U139A,U139,A,U139-1,1,NetC156A_2,false,1,261.0,90.282,268.001,94.03,264.5,92.156,1,256.0,97.76,262.0,99.01,259.0,98.385
analog_2.SchDoc,2,U139A,U139,A,U139-2,2,NetC155A_2,false,1,261.0,90.282,268.001,94.03,264.5,92.156,1,280.0,97.76,286.0,99.01,283.0,98.385
analog_2.SchDoc,2,U139A,U139,A,U139-13,13,F4_FREQ0,false,1,261.0,90.282,268.001,94.03,264.5,92.156,1,256.0,94.521,262.0,97.02,259.0,95.77
analog_2.SchDoc,2,U139B,U139,B,U139-3,3,NetC157A_2,false,1,261.0,90.282,268.001,94.03,264.5,92.156,1,256.0,126.76,262.0,128.01,259.0,127.385
analog_2.SchDoc,2,U139B,U139,B,U139-4,4,NetC155A_2,false,1,261.0,90.282,268.001,94.03,264.5,92.156,1,280.0,126.76,286.0,128.01,283.0,127.385
analog_2.SchDoc,2,U139B,U139,B,U139-5,5,F4_FREQ1,false,1,261.0,90.282,268.001,94.03,264.5,92.156,1,280.0,124.76,286.0,126.01,283.0,125.385
analog_2.SchDoc,2,U139C,U139,C,U139-6,6,F4_FREQ2,false,1,261.0,90.282,268.001,94.03,264.5,92.156,1,256.0,153.76,262.0,155.01,259.0,154.385
analog_2.SchDoc,2,U139C,U139,C,U139-8,8,NetC158A_2,false,1,261.0,90.282,268.001,94.03,264.5,92.156,1,256.0,155.521,262.0,158.02,259.0,156.77
analog_2.SchDoc,2,U139C,U139,C,U139-9,9,NetC155A_2,false,1,261.0,90.282,268.001,94.03,264.5,92.156,1,280.0,155.521,286.0,158.02,283.0,156.77
analog_2.SchDoc,2,U139D,U139,D,U139-10,10,NetC159A_2,false,1,261.0,90.282,268.001,94.03,264.5,92.156,1,256.0,184.521,262.0,187.02,259.0,185.77
analog_2.SchDoc,2,U139D,U139,D,U139-11,11,NetC155A_2,false,1,261.0,90.282,268.001,94.03,264.5,92.156,1,280.0,184.521,286.0,187.02,283.0,185.77
analog_2.SchDoc,2,U139D,U139,D,U139-12,12,F4_FREQ3,false,1,261.0,90.282,268.001,94.03,264.5,92.156,1,280.0,182.521,286.0,185.02,283.0,183.77
analog_2.SchDoc,2,U140,U140,,U140-1,1,NetU140_1,false,1,393.0,187.282,398.001,191.03,395.5,189.156,1,373.0,189.521,379.0,192.02,376.0,190.77
analog_2.SchDoc,2,U140,U140,,U140-2,2,NetC160A_1,false,1,393.0,187.282,398.001,191.03,395.5,189.156,1,373.0,194.521,379.0,197.02,376.0,195.77
analog_2.SchDoc,2,U140,U140,,U140-3,3,AGND,false,1,393.0,187.282,398.001,191.03,395.5,189.156,1,373.0,199.521,379.0,202.02,376.0,200.77
analog_2.SchDoc,2,U140,U140,,U140-4,4,GND,false,1,393.0,187.282,398.001,191.03,395.5,189.156,1,382.0,201.566,384.001,209.06,383.0,205.313
analog_2.SchDoc,2,U140,U140,,U140-5,5,NetU140_5,false,1,393.0,187.282,398.001,191.03,395.5,189.156,1,373.0,204.76,379.0,206.01,376.0,205.385
analog_2.SchDoc,2,U140,U140,,U140-6,6,NetC160A_2,false,1,393.0,187.282,398.001,191.03,395.5,189.156,1,387.0,197.76,393.0,199.01,390.0,198.385
analog_2.SchDoc,2,U140,U140,,U140-7,7,VCC,false,1,393.0,187.282,398.001,191.03,395.5,189.156,1,382.0,186.566,384.001,194.06,383.0,190.313
analog_2.SchDoc,2,U140,U140,,U140-8,8,NetU140_8,false,1,393.0,187.282,398.001,191.03,395.5,189.156,1,387.0,202.76,393.0,204.01,390.0,203.385
analog_2.SchDoc,2,,U141,,U141-7,7,GND,true,0,,,,,,,1,439.0,202.76,444.0,204.01,441.5,203.385
analog_2.SchDoc,2,,U141,,U141-14,14,VDD,true,0,,,,,,,1,414.0,202.76,420.0,204.01,417.0,203.385
analog_2.SchDoc,2,U141A,U141,A,U141-1,1,NetC160A_2,false,1,419.0,190.521,426.0,193.02,422.5,191.77,1,414.0,197.76,420.0,199.01,417.0,198.385
analog_2.SchDoc,2,U141A,U141,A,U141-2,2,NetC165A_1,false,1,419.0,190.521,426.0,193.02,422.5,191.77,1,439.0,197.76,444.0,199.01,441.5,198.385
analog_2.SchDoc,2,U141A,U141,A,U141-13,13,Phi1,false,1,419.0,190.521,426.0,193.02,422.5,191.77,1,414.0,194.521,420.0,197.02,417.0,195.77
analog_2.SchDoc,2,U141B,U141,B,U141-3,3,NetC161A_2,false,1,419.0,190.521,426.0,193.02,422.5,191.77,1,485.0,197.76,491.0,199.01,488.0,198.385
analog_2.SchDoc,2,U141B,U141,B,U141-4,4,NetC165A_1,false,1,419.0,190.521,426.0,193.02,422.5,191.77,1,461.0,197.76,466.0,199.01,463.5,198.385
analog_2.SchDoc,2,U141B,U141,B,U141-5,5,Phi0,false,1,419.0,190.521,426.0,193.02,422.5,191.77,1,461.0,194.521,466.0,197.02,463.5,195.77
analog_2.SchDoc,2,U141C,U141,C,U141-6,6,Phi1,false,1,419.0,190.521,426.0,193.02,422.5,191.77,1,461.0,158.76,466.0,160.01,463.5,159.385
analog_2.SchDoc,2,U141C,U141,C,U141-8,8,FRIC_2,false,1,419.0,190.521,426.0,193.02,422.5,191.77,1,461.0,160.76,466.0,162.01,463.5,161.385
analog_2.SchDoc,2,U141C,U141,C,U141-9,9,NetC163A_1,false,1,419.0,190.521,426.0,193.02,422.5,191.77,1,485.0,160.76,491.0,162.01,488.0,161.385
analog_2.SchDoc,2,U141D,U141,D,U141-10,10,FRIC_2,false,1,419.0,190.521,426.0,193.02,422.5,191.77,1,439.0,160.76,444.0,162.01,441.5,161.385
analog_2.SchDoc,2,U141D,U141,D,U141-11,11,AGND,false,1,419.0,190.521,426.0,193.02,422.5,191.77,1,414.0,160.76,420.0,162.01,417.0,161.385
analog_2.SchDoc,2,U141D,U141,D,U141-12,12,Phi0,false,1,419.0,190.521,426.0,193.02,422.5,191.77,1,414.0,158.76,420.0,160.01,417.0,159.385
analog_2.SchDoc,2,U142,U142,,U142-1,1,NetU142_1,false,1,522.0,153.282,527.0,157.03,524.5,155.156,1,502.0,155.521,508.0,158.02,505.0,156.77
analog_2.SchDoc,2,U142,U142,,U142-2,2,NetC163A_1,false,1,522.0,153.282,527.0,157.03,524.5,155.156,1,502.0,160.76,508.0,162.01,505.0,161.385
analog_2.SchDoc,2,U142,U142,,U142-3,3,AGND,false,1,522.0,153.282,527.0,157.03,524.5,155.156,1,502.0,165.76,508.0,167.01,505.0,166.385
analog_2.SchDoc,2,U142,U142,,U142-4,4,GND,false,1,522.0,153.282,527.0,157.03,524.5,155.156,1,511.0,167.805,513.001,174.05,512.0,170.928
analog_2.SchDoc,2,U142,U142,,U142-5,5,NetU142_5,false,1,522.0,153.282,527.0,157.03,524.5,155.156,1,502.0,170.76,508.0,172.01,505.0,171.385
analog_2.SchDoc,2,U142,U142,,U142-6,6,NetC163A_2,false,1,522.0,153.282,527.0,157.03,524.5,155.156,1,517.0,163.76,522.0,165.01,519.5,164.385
analog_2.SchDoc,2,U142,U142,,U142-7,7,VCC,false,1,522.0,153.282,527.0,157.03,524.5,155.156,1,511.0,152.566,513.001,160.06,512.0,156.313
analog_2.SchDoc,2,U142,U142,,U142-8,8,NetU142_8,false,1,522.0,153.282,527.0,157.03,524.5,155.156,1,517.0,167.521,522.0,170.02,519.5,168.77
analog_2.SchDoc,2,,U143,,U143-7,7,GND,true,0,,,,,,,1,573.0,167.521,579.0,170.02,576.0,168.77
analog_2.SchDoc,2,,U143,,U143-14,14,VDD,true,0,,,,,,,1,548.0,167.521,554.0,170.02,551.0,168.77
analog_2.SchDoc,2,U143A,U143,A,U143-1,1,NetC163A_2,false,1,554.0,156.521,560.0,159.02,557.0,157.77,1,548.0,163.76,554.0,165.01,551.0,164.385
analog_2.SchDoc,2,U143A,U143,A,U143-2,2,NetC162A_1,false,1,554.0,156.521,560.0,159.02,557.0,157.77,1,573.0,163.76,579.0,165.01,576.0,164.385
analog_2.SchDoc,2,U143A,U143,A,U143-13,13,Phi1,false,1,554.0,156.521,560.0,159.02,557.0,157.77,1,548.0,160.76,554.0,162.01,551.0,161.385
analog_2.SchDoc,2,U143B,U143,B,U143-3,3,AGND,false,1,554.0,156.521,560.0,159.02,557.0,157.77,1,539.0,177.521,544.0,180.02,541.5,178.77
analog_2.SchDoc,2,U143B,U143,B,U143-4,4,NetC162A_1,false,1,554.0,156.521,560.0,159.02,557.0,157.77,1,563.0,177.521,569.0,180.02,566.0,178.77
analog_2.SchDoc,2,U143B,U143,B,U143-5,5,Phi0,false,1,554.0,156.521,560.0,159.02,557.0,157.77,1,563.0,175.76,569.0,177.01,566.0,176.385
analog_2.SchDoc,2,U143C,U143,C,U143-6,6,Phi1,false,1,554.0,156.521,560.0,159.02,557.0,157.77,1,619.0,160.76,625.0,162.01,622.0,161.385
analog_2.SchDoc,2,U143C,U143,C,U143-8,8,NetC162A_2,false,1,554.0,156.521,560.0,159.02,557.0,157.77,1,619.0,163.76,625.0,165.01,622.0,164.385
analog_2.SchDoc,2,U143C,U143,C,U143-9,9,NetC161A_1,false,1,554.0,156.521,560.0,159.02,557.0,157.77,1,643.0,163.76,649.0,165.01,646.0,164.385
analog_2.SchDoc,2,U143D,U143,D,U143-10,10,NetC162A_2,false,1,554.0,156.521,560.0,159.02,557.0,157.77,1,609.0,177.521,615.0,180.02,612.0,178.77
analog_2.SchDoc,2,U143D,U143,D,U143-11,11,AGND,false,1,554.0,156.521,560.0,159.02,557.0,157.77,1,634.0,177.521,640.0,180.02,637.0,178.77
analog_2.SchDoc,2,U143D,U143,D,U143-12,12,Phi0,false,1,554.0,156.521,560.0,159.02,557.0,157.77,1,634.0,175.76,640.0,177.01,637.0,176.385
analog_2.SchDoc,2,U144,U144,,U144-1,1,NetU144_1,false,1,683.0,156.521,688.0,159.02,685.5,157.77,1,663.0,158.76,669.0,160.01,666.0,159.385
analog_2.SchDoc,2,U144,U144,,U144-2,2,NetC161A_1,false,1,683.0,156.521,688.0,159.02,685.5,157.77,1,663.0,163.76,669.0,165.01,666.0,164.385
analog_2.SchDoc,2,U144,U144,,U144-3,3,AGND,false,1,683.0,156.521,688.0,159.02,685.5,157.77,1,663.0,167.521,669.0,170.02,666.0,168.77
analog_2.SchDoc,2,U144,U144,,U144-4,4,GND,false,1,683.0,156.521,688.0,159.02,685.5,157.77,1,672.0,169.566,674.001,177.06,673.0,173.313
analog_2.SchDoc,2,U144,U144,,U144-5,5,NetU144_5,false,1,683.0,156.521,688.0,159.02,685.5,157.77,1,663.0,172.521,669.0,175.02,666.0,173.77
analog_2.SchDoc,2,U144,U144,,U144-6,6,NetC161A_2,false,1,683.0,156.521,688.0,159.02,685.5,157.77,1,677.0,165.76,683.0,167.01,680.0,166.385
analog_2.SchDoc,2,U144,U144,,U144-7,7,VCC,false,1,683.0,156.521,688.0,159.02,685.5,157.77,1,672.0,154.566,674.001,162.06,673.0,158.313
analog_2.SchDoc,2,U144,U144,,U144-8,8,NetU144_8,false,1,683.0,156.521,688.0,159.02,685.5,157.77,1,677.0,170.76,683.0,172.01,680.0,171.385
analog_2.SchDoc,2,,U145,,U145-7,7,GND,true,0,,,,,,,1,529.0,233.521,535.0,236.02,532.0,234.77
analog_2.SchDoc,2,,U145,,U145-14,14,VDD,true,0,,,,,,,1,553.0,233.521,559.0,236.02,556.0,234.77
analog_2.SchDoc,2,U145A,U145,A,U145-1,1,NetC172A_2,false,1,534.0,222.521,541.0,225.02,537.5,223.77,1,553.0,228.521,559.0,231.02,556.0,229.77
analog_2.SchDoc,2,U145A,U145,A,U145-2,2,NetC168A_2,false,1,534.0,222.521,541.0,225.02,537.5,223.77,1,529.0,228.521,535.0,231.02,532.0,229.77
analog_2.SchDoc,2,U145A,U145,A,U145-13,13,Phi0,false,1,534.0,222.521,541.0,225.02,537.5,223.77,1,553.0,226.76,559.0,228.01,556.0,227.385
analog_2.SchDoc,2,U145B,U145,B,U145-3,3,NetC168A_2,false,1,534.0,222.521,541.0,225.02,537.5,223.77,1,529.0,267.521,535.0,270.02,532.0,268.77
analog_2.SchDoc,2,U145B,U145,B,U145-4,4,NetC172A_1,false,1,534.0,222.521,541.0,225.02,537.5,223.77,1,553.0,267.521,559.0,270.02,556.0,268.77
analog_2.SchDoc,2,U145B,U145,B,U145-5,5,Phi1,false,1,534.0,222.521,541.0,225.02,537.5,223.77,1,553.0,265.76,559.0,267.01,556.0,266.385
analog_2.SchDoc,2,U145C,U145,C,U145-6,6,NetU145_6,false,1,534.0,222.521,541.0,225.02,537.5,223.77,1,46.0,487.76,52.0,489.01,49.0,488.385
analog_2.SchDoc,2,U145C,U145,C,U145-8,8,NetU145_8,false,1,534.0,222.521,541.0,225.02,537.5,223.77,1,46.0,489.521,52.0,492.02,49.0,490.77
analog_2.SchDoc,2,U145C,U145,C,U145-9,9,NetU145_9,false,1,534.0,222.521,541.0,225.02,537.5,223.77,1,71.0,489.521,76.0,492.02,73.5,490.77
analog_2.SchDoc,2,U145D,U145,D,U145-10,10,NetC172A_2,false,1,534.0,222.521,541.0,225.02,537.5,223.77,1,597.0,319.76,603.0,321.01,600.0,320.385
analog_2.SchDoc,2,U145D,U145,D,U145-11,11,NetC100_2,false,1,534.0,222.521,541.0,225.02,537.5,223.77,1,621.0,319.76,627.0,321.01,624.0,320.385
analog_2.SchDoc,2,U145D,U145,D,U145-12,12,CLOSURE,false,1,534.0,222.521,541.0,225.02,537.5,223.77,1,621.0,316.521,627.0,319.02,624.0,317.77
analog_2.SchDoc,2,U146,U146,,U146-1,1,NetU146_1,false,1,559.0,309.282,564.0,313.03,561.5,311.156,1,539.0,311.521,544.0,314.02,541.5,312.77
analog_2.SchDoc,2,U146,U146,,U146-2,2,NetC168A_2,false,1,559.0,309.282,564.0,313.03,561.5,311.156,1,539.0,316.521,544.0,319.02,541.5,317.77
analog_2.SchDoc,2,U146,U146,,U146-3,3,NetC300_2,false,1,559.0,309.282,564.0,313.03,561.5,311.156,1,539.0,321.76,544.0,323.01,541.5,322.385
analog_2.SchDoc,2,U146,U146,,U146-4,4,GND,false,1,559.0,309.282,564.0,313.03,561.5,311.156,1,548.0,323.805,550.001,330.05,549.0,326.928
analog_2.SchDoc,2,U146,U146,,U146-5,5,NetU146_5,false,1,559.0,309.282,564.0,313.03,561.5,311.156,1,539.0,326.76,544.0,328.01,541.5,327.385
analog_2.SchDoc,2,U146,U146,,U146-6,6,NetC172A_2,false,1,559.0,309.282,564.0,313.03,561.5,311.156,1,553.0,319.76,559.0,321.01,556.0,320.385
analog_2.SchDoc,2,U146,U146,,U146-7,7,VCC,false,1,559.0,309.282,564.0,313.03,561.5,311.156,1,548.0,308.566,550.001,316.06,549.0,312.313
analog_2.SchDoc,2,U146,U146,,U146-8,8,NetU146_8,false,1,559.0,309.282,564.0,313.03,561.5,311.156,1,553.0,323.521,559.0,326.02,556.0,324.77
analog_2.SchDoc,2,,U147,,U147-7,7,GND,true,0,,,,,,,1,480.0,319.76,486.0,321.01,483.0,320.385
analog_2.SchDoc,2,,U147,,U147-14,14,VDD,true,0,,,,,,,1,456.0,319.76,461.0,321.01,458.5,320.385
analog_2.SchDoc,2,U147A,U147,A,U147-1,1,NetC161A_2,false,1,461.0,307.282,467.001,311.03,464.0,309.156,1,456.0,314.76,461.0,316.01,458.5,315.385
analog_2.SchDoc,2,U147A,U147,A,U147-2,2,NetC168A_1,false,1,461.0,307.282,467.001,311.03,464.0,309.156,1,480.0,314.76,486.0,316.01,483.0,315.385
analog_2.SchDoc,2,U147A,U147,A,U147-13,13,FL_AMP3,false,1,461.0,307.282,467.001,311.03,464.0,309.156,1,456.0,311.521,461.0,314.02,458.5,312.77
analog_2.SchDoc,2,U147B,U147,B,U147-3,3,NetC169A_1,false,1,461.0,307.282,467.001,311.03,464.0,309.156,1,480.0,284.521,486.0,287.02,483.0,285.77
analog_2.SchDoc,2,U147B,U147,B,U147-4,4,NetC161A_2,false,1,461.0,307.282,467.001,311.03,464.0,309.156,1,456.0,284.521,461.0,287.02,458.5,285.77
analog_2.SchDoc,2,U147B,U147,B,U147-5,5,FL_AMP2,false,1,461.0,307.282,467.001,311.03,464.0,309.156,1,456.0,282.76,461.0,284.01,458.5,283.385
analog_2.SchDoc,2,U147C,U147,C,U147-6,6,FL_AMP1,false,1,461.0,307.282,467.001,311.03,464.0,309.156,1,456.0,253.76,461.0,255.01,458.5,254.385
analog_2.SchDoc,2,U147C,U147,C,U147-8,8,NetC161A_2,false,1,461.0,307.282,467.001,311.03,464.0,309.156,1,456.0,255.521,461.0,258.02,458.5,256.77
analog_2.SchDoc,2,U147C,U147,C,U147-9,9,NetC170A_1,false,1,461.0,307.282,467.001,311.03,464.0,309.156,1,480.0,255.521,486.0,258.02,483.0,256.77
analog_2.SchDoc,2,U147D,U147,D,U147-10,10,NetC171A_1,false,1,461.0,307.282,467.001,311.03,464.0,309.156,1,480.0,226.76,486.0,228.01,483.0,227.385
analog_2.SchDoc,2,U147D,U147,D,U147-11,11,NetC161A_2,false,1,461.0,307.282,467.001,311.03,464.0,309.156,1,456.0,226.76,461.0,228.01,458.5,227.385
analog_2.SchDoc,2,U147D,U147,D,U147-12,12,FL_AMP0,false,1,461.0,307.282,467.001,311.03,464.0,309.156,1,456.0,223.521,461.0,226.02,458.5,224.77
analog_2.SchDoc,2,U148,U148,,U148-1,1,NetU148_1,false,1,688.0,312.521,693.0,315.02,690.5,313.77,1,668.0,314.76,674.0,316.01,671.0,315.385
analog_2.SchDoc,2,U148,U148,,U148-2,2,Line Out,false,1,688.0,312.521,693.0,315.02,690.5,313.77,1,668.0,319.76,674.0,321.01,671.0,320.385
analog_2.SchDoc,2,U148,U148,,U148-3,3,NetC100_2,false,1,688.0,312.521,693.0,315.02,690.5,313.77,1,668.0,323.521,674.0,326.02,671.0,324.77
analog_2.SchDoc,2,U148,U148,,U148-4,4,GND,false,1,688.0,312.521,693.0,315.02,690.5,313.77,1,677.0,325.566,679.001,333.06,678.0,329.313
analog_2.SchDoc,2,U148,U148,,U148-5,5,NetU148_5,false,1,688.0,312.521,693.0,315.02,690.5,313.77,1,668.0,328.521,674.0,331.02,671.0,329.77
analog_2.SchDoc,2,U148,U148,,U148-6,6,Line Out,false,1,688.0,312.521,693.0,315.02,690.5,313.77,1,682.0,321.76,688.0,323.01,685.0,322.385
analog_2.SchDoc,2,U148,U148,,U148-7,7,VCC,false,1,688.0,312.521,693.0,315.02,690.5,313.77,1,677.0,310.566,679.001,318.06,678.0,314.313
analog_2.SchDoc,2,U148,U148,,U148-8,8,NetU148_8,false,1,688.0,312.521,693.0,315.02,690.5,313.77,1,682.0,326.76,688.0,328.01,685.0,327.385
analog_2.SchDoc,2,U150,U150,,U150-1,1,NetU150_1,false,1,57.0,273.521,62.0,276.02,59.5,274.77,1,36.0,275.76,42.0,277.01,39.0,276.385
analog_2.SchDoc,2,U150,U150,,U150-2,2,NetR100_1,false,1,57.0,273.521,62.0,276.02,59.5,274.77,1,36.0,280.76,42.0,282.01,39.0,281.385
analog_2.SchDoc,2,U150,U150,,U150-3,3,AGND,false,1,57.0,273.521,62.0,276.02,59.5,274.77,1,36.0,284.521,42.0,287.02,39.0,285.77
analog_2.SchDoc,2,U150,U150,,U150-4,4,GND,false,1,57.0,273.521,62.0,276.02,59.5,274.77,1,46.0,286.566,47.001,294.06,46.501,290.313
analog_2.SchDoc,2,U150,U150,,U150-5,5,NetU150_5,false,1,57.0,273.521,62.0,276.02,59.5,274.77,1,36.0,289.521,42.0,292.02,39.0,290.77
analog_2.SchDoc,2,U150,U150,,U150-6,6,NetR100_1,false,1,57.0,273.521,62.0,276.02,59.5,274.77,1,51.0,282.76,57.0,284.01,54.0,283.385
analog_2.SchDoc,2,U150,U150,,U150-7,7,VCC,false,1,57.0,273.521,62.0,276.02,59.5,274.77,1,46.0,272.805,47.001,279.05,46.501,275.928
analog_2.SchDoc,2,U150,U150,,U150-8,8,NetU150_8,false,1,57.0,273.521,62.0,276.02,59.5,274.77,1,51.0,287.76,57.0,289.01,54.0,288.385
analog_2.SchDoc,2,,U151,,U151-7,7,GND,true,0,,,,,,,1,197.0,387.76,203.0,389.01,200.0,388.385
analog_2.SchDoc,2,,U151,,U151-14,14,VDD,true,0,,,,,,,1,173.0,387.76,179.0,389.01,176.0,388.385
analog_2.SchDoc,2,U151A,U151,A,U151-1,1,NetC137A_2,false,1,178.0,375.282,185.001,379.03,181.5,377.156,1,173.0,382.76,179.0,384.01,176.0,383.385
analog_2.SchDoc,2,U151A,U151,A,U151-2,2,NetC138A_1,false,1,178.0,375.282,185.001,379.03,181.5,377.156,1,197.0,382.76,203.0,384.01,200.0,383.385
analog_2.SchDoc,2,U151A,U151,A,U151-13,13,FRIC_AMP0,false,1,178.0,375.282,185.001,379.03,181.5,377.156,1,173.0,380.76,179.0,382.01,176.0,381.385
analog_2.SchDoc,2,U151B,U151,B,U151-3,3,NetC136A_2,false,1,178.0,375.282,185.001,379.03,181.5,377.156,1,173.0,409.76,179.0,411.01,176.0,410.385
analog_2.SchDoc,2,U151B,U151,B,U151-4,4,NetC138A_1,false,1,178.0,375.282,185.001,379.03,181.5,377.156,1,197.0,409.76,203.0,411.01,200.0,410.385
analog_2.SchDoc,2,U151B,U151,B,U151-5,5,FRIC_AMP1,false,1,178.0,375.282,185.001,379.03,181.5,377.156,1,197.0,406.521,203.0,409.02,200.0,407.77
analog_2.SchDoc,2,U151C,U151,C,U151-6,6,FRIC_AMP2,false,1,178.0,375.282,185.001,379.03,181.5,377.156,1,173.0,433.521,179.0,436.02,176.0,434.77
analog_2.SchDoc,2,U151C,U151,C,U151-8,8,NetC135A_2,false,1,178.0,375.282,185.001,379.03,181.5,377.156,1,173.0,436.76,179.0,438.01,176.0,437.385
analog_2.SchDoc,2,U151C,U151,C,U151-9,9,NetC138A_1,false,1,178.0,375.282,185.001,379.03,181.5,377.156,1,197.0,436.76,203.0,438.01,200.0,437.385
analog_2.SchDoc,2,U151D,U151,D,U151-10,10,NetC134A_2,false,1,178.0,375.282,185.001,379.03,181.5,377.156,1,173.0,462.521,179.0,465.02,176.0,463.77
analog_2.SchDoc,2,U151D,U151,D,U151-11,11,NetC138A_1,false,1,178.0,375.282,185.001,379.03,181.5,377.156,1,197.0,462.521,203.0,465.02,200.0,463.77
analog_2.SchDoc,2,U151D,U151,D,U151-12,12,FRIC_AMP3,false,1,178.0,375.282,185.001,379.03,181.5,377.156,1,197.0,460.76,203.0,462.01,200.0,461.385
analog_2.SchDoc,2,U152,U152,,U152-1,1,NetU152_1,false,1,288.0,387.282,293.001,391.03,290.5,389.156,1,268.0,389.521,274.0,392.02,271.0,390.77
analog_2.SchDoc,2,U152,U152,,U152-2,2,NetC138A_1,false,1,288.0,387.282,293.001,391.03,290.5,389.156,1,268.0,394.521,274.0,397.02,271.0,395.77
analog_2.SchDoc,2,U152,U152,,U152-3,3,AGND,false,1,288.0,387.282,293.001,391.03,290.5,389.156,1,268.0,399.76,274.0,401.01,271.0,400.385
analog_2.SchDoc,2,U152,U152,,U152-4,4,GND,false,1,288.0,387.282,293.001,391.03,290.5,389.156,1,277.0,401.805,279.001,408.05,278.0,404.928
analog_2.SchDoc,2,U152,U152,,U152-5,5,NetU152_5,false,1,288.0,387.282,293.001,391.03,290.5,389.156,1,268.0,404.76,274.0,406.01,271.0,405.385
analog_2.SchDoc,2,U152,U152,,U152-6,6,NetC138A_2,false,1,288.0,387.282,293.001,391.03,290.5,389.156,1,282.0,397.76,288.0,399.01,285.0,398.385
analog_2.SchDoc,2,U152,U152,,U152-7,7,VCC,false,1,288.0,387.282,293.001,391.03,290.5,389.156,1,277.0,386.566,279.001,394.06,278.0,390.313
analog_2.SchDoc,2,U152,U152,,U152-8,8,NetU152_8,false,1,288.0,387.282,293.001,391.03,290.5,389.156,1,282.0,401.521,288.0,404.02,285.0,402.77
analog_2.SchDoc,2,,U153,,U153-7,7,GND,true,0,,,,,,,1,380.0,443.76,386.0,445.01,383.0,444.385
analog_2.SchDoc,2,,U153,,U153-14,14,VDD,true,0,,,,,,,1,404.0,443.76,410.0,445.01,407.0,444.385
analog_2.SchDoc,2,U153A,U153,A,U153-1,1,NetC138A_2,false,1,385.0,431.282,392.001,435.03,388.5,433.156,1,404.0,438.76,410.0,440.01,407.0,439.385
analog_2.SchDoc,2,U153A,U153,A,U153-2,2,NetC141A_2,false,1,385.0,431.282,392.001,435.03,388.5,433.156,1,380.0,438.76,386.0,440.01,383.0,439.385
analog_2.SchDoc,2,U153A,U153,A,U153-13,13,Phi1,false,1,385.0,431.282,392.001,435.03,388.5,433.156,1,404.0,436.76,410.0,438.01,407.0,437.385
analog_2.SchDoc,2,U153B,U153,B,U153-3,3,AGND,false,1,385.0,431.282,392.001,435.03,388.5,433.156,1,331.0,438.76,337.0,440.01,334.0,439.385
analog_2.SchDoc,2,U153B,U153,B,U153-4,4,NetC141A_2,false,1,385.0,431.282,392.001,435.03,388.5,433.156,1,356.0,438.76,362.0,440.01,359.0,439.385
analog_2.SchDoc,2,U153B,U153,B,U153-5,5,Phi0,false,1,385.0,431.282,392.001,435.03,388.5,433.156,1,356.0,436.76,362.0,438.01,359.0,437.385
analog_2.SchDoc,2,U153C,U153,C,U153-6,6,Phi1,false,1,385.0,431.282,392.001,435.03,388.5,433.156,1,390.0,472.521,396.0,475.02,393.0,473.77
analog_2.SchDoc,2,U153C,U153,C,U153-8,8,NetC141A_1,false,1,385.0,431.282,392.001,435.03,388.5,433.156,1,390.0,475.76,396.0,477.01,393.0,476.385
analog_2.SchDoc,2,U153C,U153,C,U153-9,9,NetC140A_1,false,1,385.0,431.282,392.001,435.03,388.5,433.156,1,414.0,475.76,420.0,477.01,417.0,476.385
analog_2.SchDoc,2,U153D,U153,D,U153-10,10,NetC141A_1,false,1,385.0,431.282,392.001,435.03,388.5,433.156,1,365.0,475.76,371.0,477.01,368.0,476.385
analog_2.SchDoc,2,U153D,U153,D,U153-11,11,AGND,false,1,385.0,431.282,392.001,435.03,388.5,433.156,1,341.0,475.76,347.0,477.01,344.0,476.385
analog_2.SchDoc,2,U153D,U153,D,U153-12,12,Phi0,false,1,385.0,431.282,392.001,435.03,388.5,433.156,1,341.0,472.521,347.0,475.02,344.0,473.77
analog_2.SchDoc,2,U154,U154,,U154-1,1,NetU154_1,false,1,471.0,468.521,476.0,471.02,473.5,469.77,1,451.0,470.76,457.0,472.01,454.0,471.385
analog_2.SchDoc,2,U154,U154,,U154-2,2,NetC140A_1,false,1,471.0,468.521,476.0,471.02,473.5,469.77,1,451.0,475.76,457.0,477.01,454.0,476.385
analog_2.SchDoc,2,U154,U154,,U154-3,3,AGND,false,1,471.0,468.521,476.0,471.02,473.5,469.77,1,451.0,479.521,457.0,482.02,454.0,480.77
analog_2.SchDoc,2,U154,U154,,U154-4,4,GND,false,1,471.0,468.521,476.0,471.02,473.5,469.77,1,460.0,481.566,462.001,489.06,461.0,485.313
analog_2.SchDoc,2,U154,U154,,U154-5,5,NetU154_5,false,1,471.0,468.521,476.0,471.02,473.5,469.77,1,451.0,484.521,457.0,487.02,454.0,485.77
analog_2.SchDoc,2,U154,U154,,U154-6,6,NetC142A_2,false,1,471.0,468.521,476.0,471.02,473.5,469.77,1,465.0,477.76,471.0,479.01,468.0,478.385
analog_2.SchDoc,2,U154,U154,,U154-7,7,VCC,false,1,471.0,468.521,476.0,471.02,473.5,469.77,1,460.0,466.566,462.001,474.06,461.0,470.313
analog_2.SchDoc,2,U154,U154,,U154-8,8,NetU154_8,false,1,471.0,468.521,476.0,471.02,473.5,469.77,1,465.0,482.76,471.0,484.01,468.0,483.385
analog_2.SchDoc,2,,U155,,U155-7,7,GND,true,0,,,,,,,1,317.0,479.521,323.0,482.02,320.0,480.77
analog_2.SchDoc,2,,U155,,U155-14,14,VDD,true,0,,,,,,,1,292.0,479.521,298.0,482.02,295.0,480.77
analog_2.SchDoc,2,U155A,U155,A,U155-1,1,NetC139A_1,false,1,298.0,468.521,304.0,471.02,301.0,469.77,1,292.0,475.76,298.0,477.01,295.0,476.385
analog_2.SchDoc,2,U155A,U155,A,U155-2,2,NetC142A_2,false,1,298.0,468.521,304.0,471.02,301.0,469.77,1,317.0,475.76,323.0,477.01,320.0,476.385
analog_2.SchDoc,2,U155A,U155,A,U155-13,13,Phi1,false,1,298.0,468.521,304.0,471.02,301.0,469.77,1,292.0,472.521,298.0,475.02,295.0,473.77
analog_2.SchDoc,2,U155B,U155,B,U155-3,3,NetC139A_1,false,1,298.0,468.521,304.0,471.02,301.0,469.77,1,270.0,475.76,276.0,477.01,273.0,476.385
analog_2.SchDoc,2,U155B,U155,B,U155-4,4,AGND,false,1,298.0,468.521,304.0,471.02,301.0,469.77,1,246.0,475.76,252.0,477.01,249.0,476.385
analog_2.SchDoc,2,U155B,U155,B,U155-5,5,Phi0,false,1,298.0,468.521,304.0,471.02,301.0,469.77,1,246.0,472.521,252.0,475.02,249.0,473.77
analog_2.SchDoc,2,U155C,U155,C,U155-6,6,Phi0,false,1,298.0,468.521,304.0,471.02,301.0,469.77,1,292.0,436.76,298.0,438.01,295.0,437.385
analog_2.SchDoc,2,U155C,U155,C,U155-8,8,NetC139A_2,false,1,298.0,468.521,304.0,471.02,301.0,469.77,1,292.0,438.76,298.0,440.01,295.0,439.385
analog_2.SchDoc,2,U155C,U155,C,U155-9,9,NetC138A_1,false,1,298.0,468.521,304.0,471.02,301.0,469.77,1,317.0,438.76,323.0,440.01,320.0,439.385
analog_2.SchDoc,2,U155D,U155,D,U155-10,10,NetC139A_2,false,1,298.0,468.521,304.0,471.02,301.0,469.77,1,270.0,438.76,276.0,440.01,273.0,439.385
analog_2.SchDoc,2,U155D,U155,D,U155-11,11,AGND,false,1,298.0,468.521,304.0,471.02,301.0,469.77,1,246.0,438.76,252.0,440.01,249.0,439.385
analog_2.SchDoc,2,U155D,U155,D,U155-12,12,Phi1,false,1,298.0,468.521,304.0,471.02,301.0,469.77,1,246.0,436.76,252.0,438.01,249.0,437.385
analog_2.SchDoc,2,,U156,,U156-7,7,GND,true,0,,,,,,,1,119.0,265.76,125.0,267.01,122.0,266.385
analog_2.SchDoc,2,,U156,,U156-14,14,VDD,true,0,,,,,,,1,95.0,265.76,101.0,267.01,98.0,266.385
analog_2.SchDoc,2,U156A,U156,A,U156-1,1,NetR102_2,false,1,100.0,253.282,107.001,257.03,103.501,255.156,1,95.0,260.521,101.0,263.02,98.0,261.77
analog_2.SchDoc,2,U156A,U156,A,U156-2,2,NetC129A_1,false,1,100.0,253.282,107.001,257.03,103.501,255.156,1,119.0,260.521,125.0,263.02,122.0,261.77
analog_2.SchDoc,2,U156A,U156,A,U156-13,13,Phi0,false,1,100.0,253.282,107.001,257.03,103.501,255.156,1,95.0,258.76,101.0,260.01,98.0,259.385
analog_2.SchDoc,2,U156B,U156,B,U156-3,3,AGND,false,1,100.0,253.282,107.001,257.03,103.501,255.156,1,85.0,277.521,91.0,280.02,88.0,278.77
analog_2.SchDoc,2,U156B,U156,B,U156-4,4,NetC129A_1,false,1,100.0,253.282,107.001,257.03,103.501,255.156,1,109.0,277.521,115.0,280.02,112.0,278.77
analog_2.SchDoc,2,U156B,U156,B,U156-5,5,Phi1,false,1,100.0,253.282,107.001,257.03,103.501,255.156,1,109.0,275.76,115.0,277.01,112.0,276.385
analog_2.SchDoc,2,U156C,U156,C,U156-6,6,Phi1,false,1,100.0,253.282,107.001,257.03,103.501,255.156,1,227.0,243.76,232.0,245.01,229.5,244.385
analog_2.SchDoc,2,U156C,U156,C,U156-8,8,NetC133A_1,false,1,100.0,253.282,107.001,257.03,103.501,255.156,1,227.0,245.521,232.0,248.02,229.5,246.77
analog_2.SchDoc,2,U156C,U156,C,U156-9,9,NetC133A_2,false,1,100.0,253.282,107.001,257.03,103.501,255.156,1,251.0,245.521,257.0,248.02,254.0,246.77
analog_2.SchDoc,2,U156D,U156,D,U156-10,10,NetU156_10,false,1,100.0,253.282,107.001,257.03,103.501,255.156,1,71.0,445.521,76.0,448.02,73.5,446.77
analog_2.SchDoc,2,U156D,U156,D,U156-11,11,NetU156_11,false,1,100.0,253.282,107.001,257.03,103.501,255.156,1,46.0,445.521,52.0,448.02,49.0,446.77
analog_2.SchDoc,2,U156D,U156,D,U156-12,12,NetU156_12,false,1,100.0,253.282,107.001,257.03,103.501,255.156,1,46.0,443.76,52.0,445.01,49.0,444.385
analog_2.SchDoc,2,U157,U157,,U157-1,1,NetU157_1,false,1,252.0,292.282,257.001,296.03,254.5,294.156,1,231.0,294.521,237.0,297.02,234.0,295.77
analog_2.SchDoc,2,U157,U157,,U157-2,2,NetC133A_1,false,1,252.0,292.282,257.001,296.03,254.5,294.156,1,231.0,299.76,237.0,301.01,234.0,300.385
analog_2.SchDoc,2,U157,U157,,U157-3,3,AGND,false,1,252.0,292.282,257.001,296.03,254.5,294.156,1,231.0,304.76,237.0,306.01,234.0,305.385
analog_2.SchDoc,2,U157,U157,,U157-4,4,GND,false,1,252.0,292.282,257.001,296.03,254.5,294.156,1,241.0,306.805,242.001,313.05,241.5,309.928
analog_2.SchDoc,2,U157,U157,,U157-5,5,NetU157_5,false,1,252.0,292.282,257.001,296.03,254.5,294.156,1,231.0,309.76,237.0,311.01,234.0,310.385
analog_2.SchDoc,2,U157,U157,,U157-6,6,NetC133A_2,false,1,252.0,292.282,257.001,296.03,254.5,294.156,1,246.0,302.76,252.0,304.01,249.0,303.385
analog_2.SchDoc,2,U157,U157,,U157-7,7,VCC,false,1,252.0,292.282,257.001,296.03,254.5,294.156,1,241.0,291.566,242.001,299.06,241.5,295.313
analog_2.SchDoc,2,U157,U157,,U157-8,8,NetU157_8,false,1,252.0,292.282,257.001,296.03,254.5,294.156,1,246.0,306.521,252.0,309.02,249.0,307.77
analog_2.SchDoc,2,,U158,,U158-7,7,GND,true,0,,,,,,,1,192.0,258.76,198.0,260.01,195.0,259.385
analog_2.SchDoc,2,,U158,,U158-14,14,VDD,true,0,,,,,,,1,168.0,258.76,174.0,260.01,171.0,259.385
analog_2.SchDoc,2,U158A,U158,A,U158-1,1,NetC132A_2,false,1,173.0,246.282,180.001,250.03,176.5,248.156,1,168.0,253.76,174.0,255.01,171.0,254.385
analog_2.SchDoc,2,U158A,U158,A,U158-2,2,NetC133A_1,false,1,173.0,246.282,180.001,250.03,176.5,248.156,1,192.0,253.76,198.0,255.01,195.0,254.385
analog_2.SchDoc,2,U158A,U158,A,U158-13,13,FRIC_AMP0,false,1,173.0,246.282,180.001,250.03,176.5,248.156,1,168.0,250.521,174.0,253.02,171.0,251.77
analog_2.SchDoc,2,U158B,U158,B,U158-3,3,NetC131A_2,false,1,173.0,246.282,180.001,250.03,176.5,248.156,1,168.0,282.76,174.0,284.01,171.0,283.385
analog_2.SchDoc,2,U158B,U158,B,U158-4,4,NetC133A_1,false,1,173.0,246.282,180.001,250.03,176.5,248.156,1,192.0,282.76,198.0,284.01,195.0,283.385
analog_2.SchDoc,2,U158B,U158,B,U158-5,5,FRIC_AMP1,false,1,173.0,246.282,180.001,250.03,176.5,248.156,1,192.0,280.76,198.0,282.01,195.0,281.385
analog_2.SchDoc,2,U158C,U158,C,U158-6,6,FRIC_AMP2,false,1,173.0,246.282,180.001,250.03,176.5,248.156,1,168.0,309.76,174.0,311.01,171.0,310.385
analog_2.SchDoc,2,U158C,U158,C,U158-8,8,NetC130A_2,false,1,173.0,246.282,180.001,250.03,176.5,248.156,1,168.0,311.521,174.0,314.02,171.0,312.77
analog_2.SchDoc,2,U158C,U158,C,U158-9,9,NetC133A_1,false,1,173.0,246.282,180.001,250.03,176.5,248.156,1,192.0,311.521,198.0,314.02,195.0,312.77
analog_2.SchDoc,2,U158D,U158,D,U158-10,10,NetC129A_2,false,1,173.0,246.282,180.001,250.03,176.5,248.156,1,168.0,340.521,174.0,343.02,171.0,341.77
analog_2.SchDoc,2,U158D,U158,D,U158-11,11,NetC133A_1,false,1,173.0,246.282,180.001,250.03,176.5,248.156,1,192.0,340.521,198.0,343.02,195.0,341.77
analog_2.SchDoc,2,U158D,U158,D,U158-12,12,FRIC_AMP3,false,1,173.0,246.282,180.001,250.03,176.5,248.156,1,192.0,338.521,198.0,341.02,195.0,339.77
analog_2.SchDoc,2,,U159,,U159-7,7,GND,true,0,,,,,,,1,71.0,467.521,76.0,470.02,73.5,468.77
analog_2.SchDoc,2,,U159,,U159-14,14,VDD,true,0,,,,,,,1,46.0,467.521,52.0,470.02,49.0,468.77
analog_2.SchDoc,2,U159A,U159,A,U159-1,1,NetU159_1,false,1,52.0,456.521,58.0,459.02,55.0,457.77,1,46.0,462.521,52.0,465.02,49.0,463.77
analog_2.SchDoc,2,U159A,U159,A,U159-2,2,NetU159_2,false,1,52.0,456.521,58.0,459.02,55.0,457.77,1,71.0,462.521,76.0,465.02,73.5,463.77
analog_2.SchDoc,2,U159A,U159,A,U159-13,13,NetU159_13,false,1,52.0,456.521,58.0,459.02,55.0,457.77,1,46.0,460.76,52.0,462.01,49.0,461.385
analog_2.SchDoc,2,U159B,U159,B,U159-3,3,NetU159_3,false,1,52.0,456.521,58.0,459.02,55.0,457.77,1,71.0,475.76,76.0,477.01,73.5,476.385
analog_2.SchDoc,2,U159B,U159,B,U159-4,4,NetU159_4,false,1,52.0,456.521,58.0,459.02,55.0,457.77,1,46.0,475.76,52.0,477.01,49.0,476.385
analog_2.SchDoc,2,U159B,U159,B,U159-5,5,NetU159_5,false,1,52.0,456.521,58.0,459.02,55.0,457.77,1,46.0,472.521,52.0,475.02,49.0,473.77
analog_2.SchDoc,2,U159C,U159,C,U159-6,6,FRIC2_SW,false,1,52.0,456.521,58.0,459.02,55.0,457.77,1,404.0,353.76,410.0,355.01,407.0,354.385
analog_2.SchDoc,2,U159C,U159,C,U159-8,8,NetC151A_1,false,1,52.0,456.521,58.0,459.02,55.0,457.77,1,404.0,355.521,410.0,358.02,407.0,356.77
analog_2.SchDoc,2,U159C,U159,C,U159-9,9,NetC141A_2,false,1,52.0,456.521,58.0,459.02,55.0,457.77,1,380.0,355.521,386.0,358.02,383.0,356.77
analog_2.SchDoc,2,U159D,U159,D,U159-10,10,NetC143A_1,false,1,52.0,456.521,58.0,459.02,55.0,457.77,1,307.0,302.76,313.0,304.01,310.0,303.385
analog_2.SchDoc,2,U159D,U159,D,U159-11,11,NetC133A_2,false,1,52.0,456.521,58.0,459.02,55.0,457.77,1,282.0,302.76,288.0,304.01,285.0,303.385
analog_2.SchDoc,2,U159D,U159,D,U159-12,12,FRIC1_SW,false,1,52.0,456.521,58.0,459.02,55.0,457.77,1,282.0,299.76,288.0,301.01,285.0,300.385
analog_2.SchDoc,2,,U204,,U204-7,7,GND,true,0,,,,,,,1,197.0,399.76,203.0,401.01,200.0,400.385
analog_2.SchDoc,2,,U204,,U204-14,14,VDD,true,0,,,,,,,1,173.0,399.76,179.0,401.01,176.0,400.385
analog_2.SchDoc,2,U204A,U204,A,U204-1,1,NetC137A_2,false,1,178.0,388.521,185.0,391.02,181.5,389.77,1,173.0,394.521,179.0,397.02,176.0,395.77
analog_2.SchDoc,2,U204A,U204,A,U204-2,2,AGND,false,1,178.0,388.521,185.0,391.02,181.5,389.77,1,197.0,394.521,203.0,397.02,200.0,395.77
analog_2.SchDoc,2,U204A,U204,A,U204-13,13,/FRIC_AMP0,false,1,178.0,388.521,185.0,391.02,181.5,389.77,1,173.0,392.76,179.0,394.01,176.0,393.385
analog_2.SchDoc,2,U204B,U204,B,U204-3,3,NetC136A_2,false,1,178.0,388.521,185.0,391.02,181.5,389.77,1,173.0,421.76,179.0,423.01,176.0,422.385
analog_2.SchDoc,2,U204B,U204,B,U204-4,4,AGND,false,1,178.0,388.521,185.0,391.02,181.5,389.77,1,197.0,421.76,203.0,423.01,200.0,422.385
analog_2.SchDoc,2,U204B,U204,B,U204-5,5,/FRIC_AMP1,false,1,178.0,388.521,185.0,391.02,181.5,389.77,1,197.0,418.521,203.0,421.02,200.0,419.77
analog_2.SchDoc,2,U204C,U204,C,U204-6,6,/FRIC_AMP2,false,1,178.0,388.521,185.0,391.02,181.5,389.77,1,173.0,445.521,179.0,448.02,176.0,446.77
analog_2.SchDoc,2,U204C,U204,C,U204-8,8,NetC135A_2,false,1,178.0,388.521,185.0,391.02,181.5,389.77,1,173.0,448.76,179.0,450.01,176.0,449.385
analog_2.SchDoc,2,U204C,U204,C,U204-9,9,AGND,false,1,178.0,388.521,185.0,391.02,181.5,389.77,1,197.0,448.76,203.0,450.01,200.0,449.385
analog_2.SchDoc,2,U204D,U204,D,U204-10,10,NetC134A_2,false,1,178.0,388.521,185.0,391.02,181.5,389.77,1,173.0,475.76,179.0,477.01,176.0,476.385
analog_2.SchDoc,2,U204D,U204,D,U204-11,11,AGND,false,1,178.0,388.521,185.0,391.02,181.5,389.77,1,197.0,475.76,203.0,477.01,200.0,476.385
analog_2.SchDoc,2,U204D,U204,D,U204-12,12,/FRIC_AMP3,false,1,178.0,388.521,185.0,391.02,181.5,389.77,1,197.0,472.521,203.0,475.02,200.0,473.77
analog_2.SchDoc,2,U207,U207,,U207-1,1,NetC302_1,false,1,598.0,383.521,602.0,386.02,600.0,384.77,1,590.0,394.521,598.0,397.02,594.0,395.77
analog_2.SchDoc,2,U207,U207,,U207-2,2,GND,false,1,598.0,383.521,602.0,386.02,600.0,384.77,1,590.0,404.759,598.0,406.01,594.0,405.385
analog_2.SchDoc,2,U207,U207,,U207-3,3,NetPOT2_2,false,1,598.0,383.521,602.0,386.02,600.0,384.77,1,590.0,411.521,598.0,414.02,594.0,412.77
analog_2.SchDoc,2,U207,U207,,U207-4,4,GND,false,1,598.0,383.521,602.0,386.02,600.0,384.77,1,590.0,421.759,598.0,423.01,594.0,422.385
analog_2.SchDoc,2,U207,U207,,U207-5,5,NetC174_1,false,1,598.0,383.521,602.0,386.02,600.0,384.77,1,617.0,404.759,625.0,406.01,621.0,405.385
analog_2.SchDoc,2,U207,U207,,U207-6,6,VCC,false,1,598.0,383.521,602.0,386.02,600.0,384.77,1,617.0,387.759,625.0,389.01,621.0,388.385
analog_2.SchDoc,2,U207,U207,,U207-7,7,NetU207_7,false,1,598.0,383.521,602.0,386.02,600.0,384.77,1,617.0,414.759,625.0,416.01,621.0,415.385
analog_2.SchDoc,2,U207,U207,,U207-8,8,NetC302_2,false,1,598.0,383.521,602.0,386.02,600.0,384.77,1,590.0,387.759,598.0,389.01,594.0,388.385
analog_2.SchDoc,2,U302,U302,,U302-1,1,NetU302_1,false,1,722.0,278.521,727.0,281.02,724.5,279.77,1,702.0,280.76,708.0,282.01,705.0,281.385
analog_2.SchDoc,2,U302,U302,,U302-2,2,NetP8_1,false,1,722.0,278.521,727.0,281.02,724.5,279.77,1,702.0,284.521,708.0,287.02,705.0,285.77
analog_2.SchDoc,2,U302,U302,,U302-3,3,NetC380_2,false,1,722.0,278.521,727.0,281.02,724.5,279.77,1,702.0,289.521,708.0,292.02,705.0,290.77
analog_2.SchDoc,2,U302,U302,,U302-4,4,GND,false,1,722.0,278.521,727.0,281.02,724.5,279.77,1,711.0,291.566,713.001,299.06,712.0,295.313
analog_2.SchDoc,2,U302,U302,,U302-5,5,NetU302_5,false,1,722.0,278.521,727.0,281.02,724.5,279.77,1,702.0,294.521,708.0,297.02,705.0,295.77
analog_2.SchDoc,2,U302,U302,,U302-6,6,NetP8_1,false,1,722.0,278.521,727.0,281.02,724.5,279.77,1,717.0,287.76,722.0,289.01,719.5,288.385
analog_2.SchDoc,2,U302,U302,,U302-7,7,VCC,false,1,722.0,278.521,727.0,281.02,724.5,279.77,1,711.0,276.566,713.001,284.06,712.0,280.313
analog_2.SchDoc,2,U302,U302,,U302-8,8,NetU302_8,false,1,722.0,278.521,727.0,281.02,724.5,279.77,1,717.0,292.76,722.0,294.01,719.5,293.385
digital_1.SchDoc,3,C1,C1,,C1-1,1,GND,false,1,700.0,226.283,702.001,230.03,701.0,228.156,1,697.0,229.283,698.001,233.03,697.5,231.156
digital_1.SchDoc,3,C1,C1,,C1-2,2,VOICECLK,false,1,700.0,226.283,702.001,230.03,701.0,228.156,1,697.0,224.283,698.001,228.03,697.5,226.156
digital_1.SchDoc,3,C3,C3,,C3-1,1,GND,false,1,166.0,490.522,168.0,493.02,167.0,491.771,1,163.0,492.283,164.001,496.03,163.5,494.156
digital_1.SchDoc,3,C3,C3,,C3-2,2,NetC3_2,false,1,166.0,490.522,168.0,493.02,167.0,491.771,1,163.0,487.283,164.001,491.03,163.5,489.156
digital_1.SchDoc,3,C4,C4,,C4-1,1,GND,false,1,190.0,490.522,193.0,493.02,191.5,491.771,1,187.0,492.283,189.001,496.03,188.0,494.156
digital_1.SchDoc,3,C4,C4,,C4-2,2,NetC4_2,false,1,190.0,490.522,193.0,493.02,191.5,491.771,1,187.0,487.283,189.001,491.03,188.0,489.156
digital_1.SchDoc,3,C5,C5,,C5-1,1,GND,false,1,441.0,382.283,444.001,386.03,442.5,384.156,1,438.0,385.283,440.001,389.03,439.0,387.156
digital_1.SchDoc,3,C5,C5,,C5-2,2,NetC5_2,false,1,441.0,382.283,444.001,386.03,442.5,384.156,1,438.0,380.283,440.001,384.03,439.0,382.156
digital_1.SchDoc,3,C324,C324,,C324-1,1,GND,false,1,44.0,507.521,49.0,510.02,46.5,508.77,1,41.0,509.283,42.001,513.03,41.501,511.156
digital_1.SchDoc,3,C324,C324,,C324-2,2,5V,false,1,44.0,507.521,49.0,510.02,46.5,508.77,1,41.0,504.044,42.001,509.04,41.501,506.542
digital_1.SchDoc,3,C325,C325,,C325-1,1,GND,false,1,54.0,507.521,58.0,510.02,56.0,508.77,1,51.0,509.283,52.001,513.03,51.501,511.156
digital_1.SchDoc,3,C325,C325,,C325-2,2,5V,false,1,54.0,507.521,58.0,510.02,56.0,508.77,1,51.0,504.044,52.001,509.04,51.501,506.542
digital_1.SchDoc,3,C326,C326,,C326-1,1,GND,false,1,63.0,507.521,68.0,510.02,65.5,508.77,1,60.0,509.283,62.001,513.03,61.001,511.156
digital_1.SchDoc,3,C326,C326,,C326-2,2,5V,false,1,63.0,507.521,68.0,510.02,65.5,508.77,1,60.0,504.044,62.001,509.04,61.001,506.542
digital_1.SchDoc,3,C327,C327,,C327-1,1,GND,false,1,73.0,507.521,78.0,510.02,75.5,508.77,1,70.0,509.283,72.001,513.03,71.001,511.156
digital_1.SchDoc,3,C327,C327,,C327-2,2,5V,false,1,73.0,507.521,78.0,510.02,75.5,508.77,1,70.0,504.044,72.001,509.04,71.001,506.542
digital_1.SchDoc,3,C328,C328,,C328-1,1,GND,false,1,83.0,507.521,88.0,510.02,85.5,508.77,1,80.0,509.283,81.001,513.03,80.501,511.156
digital_1.SchDoc,3,C328,C328,,C328-2,2,5V,false,1,83.0,507.521,88.0,510.02,85.5,508.77,1,80.0,504.044,81.001,509.04,80.501,506.542
digital_1.SchDoc,3,C329,C329,,C329-1,1,GND,false,1,93.0,507.521,97.0,510.02,95.0,508.77,1,90.0,509.283,91.001,513.03,90.501,511.156
digital_1.SchDoc,3,C329,C329,,C329-2,2,5V,false,1,93.0,507.521,97.0,510.02,95.0,508.77,1,90.0,504.044,91.001,509.04,90.501,506.542
digital_1.SchDoc,3,C330,C330,,C330-1,1,GND,false,1,102.0,507.521,107.0,510.02,104.5,508.77,1,100.0,509.283,101.001,513.03,100.501,511.156
digital_1.SchDoc,3,C330,C330,,C330-2,2,5V,false,1,102.0,507.521,107.0,510.02,104.5,508.77,1,100.0,504.044,101.001,509.04,100.501,506.542
digital_1.SchDoc,3,C331,C331,,C331-1,1,GND,false,1,112.0,507.521,117.0,510.02,114.5,508.77,1,109.0,509.283,111.001,513.03,110.001,511.156
digital_1.SchDoc,3,C331,C331,,C331-2,2,5V,false,1,112.0,507.521,117.0,510.02,114.5,508.77,1,109.0,504.044,111.001,509.04,110.001,506.542
digital_1.SchDoc,3,C332,C332,,C332-1,1,GND,false,1,122.0,507.521,126.0,510.02,124.0,508.77,1,119.0,509.283,120.001,513.03,119.501,511.156
digital_1.SchDoc,3,C332,C332,,C332-2,2,5V,false,1,122.0,507.521,126.0,510.02,124.0,508.77,1,119.0,504.044,120.001,509.04,119.501,506.542
digital_1.SchDoc,3,C333,C333,,C333-1,1,GND,false,1,132.0,507.521,136.0,510.02,134.0,508.77,1,129.0,509.283,130.001,513.03,129.5,511.156
digital_1.SchDoc,3,C333,C333,,C333-2,2,5V,false,1,132.0,507.521,136.0,510.02,134.0,508.77,1,129.0,504.044,130.001,509.04,129.5,506.542
digital_1.SchDoc,3,J1,J1,,J1-1,1,PIN_AUDIO,false,1,71.0,356.522,73.0,359.02,72.0,357.771,1,63.0,360.759,71.0,362.01,67.0,361.385
digital_1.SchDoc,3,J1,J1,,J1-2,2,GND,false,1,71.0,356.522,73.0,359.02,72.0,357.771,1,63.0,362.521,71.0,365.02,67.0,363.77
digital_1.SchDoc,3,J1,J1,,J1-3,3,NetJ1_3,false,1,71.0,356.522,73.0,359.02,72.0,357.771,1,63.0,365.759,71.0,367.01,67.0,366.385
digital_1.SchDoc,3,J1,J1,,J1-4,4,A/R,false,1,71.0,356.522,73.0,359.02,72.0,357.771,1,63.0,367.521,71.0,370.02,67.0,368.77
digital_1.SchDoc,3,J1,J1,,J1-5,5,NetJ1_5,false,1,71.0,356.522,73.0,359.02,72.0,357.771,1,63.0,370.759,71.0,372.01,67.0,371.385
digital_1.SchDoc,3,J1,J1,,J1-6,6,RS2,false,1,71.0,356.522,73.0,359.02,72.0,357.771,1,63.0,372.521,71.0,375.02,67.0,373.77
digital_1.SchDoc,3,J1,J1,,J1-7,7,RS1,false,1,71.0,356.522,73.0,359.02,72.0,357.771,1,63.0,375.759,71.0,377.01,67.0,376.385
digital_1.SchDoc,3,J1,J1,,J1-8,8,RS0,false,1,71.0,356.522,73.0,359.02,72.0,357.771,1,63.0,377.521,71.0,380.02,67.0,378.77
digital_1.SchDoc,3,J1,J1,,J1-9,9,D0,false,1,71.0,356.522,73.0,359.02,72.0,357.771,1,63.0,380.759,71.0,382.01,67.0,381.385
digital_1.SchDoc,3,J1,J1,,J1-10,10,D1,false,1,71.0,356.522,73.0,359.02,72.0,357.771,1,63.0,382.759,71.0,384.01,67.0,383.385
digital_1.SchDoc,3,J1,J1,,J1-11,11,D2,false,1,71.0,356.522,73.0,359.02,72.0,357.771,1,63.0,384.521,71.0,387.02,67.0,385.77
digital_1.SchDoc,3,J1,J1,,J1-12,12,GND,false,1,71.0,356.522,73.0,359.02,72.0,357.771,1,63.0,387.759,71.0,389.01,67.0,388.385
digital_1.SchDoc,3,J1,J1,,J1-13,13,D3,false,1,71.0,356.522,73.0,359.02,72.0,357.771,1,83.0,387.759,91.0,389.01,87.0,388.385
digital_1.SchDoc,3,J1,J1,,J1-14,14,D4,false,1,71.0,356.522,73.0,359.02,72.0,357.771,1,83.0,384.521,91.0,387.02,87.0,385.77
digital_1.SchDoc,3,J1,J1,,J1-15,15,D5,false,1,71.0,356.522,73.0,359.02,72.0,357.771,1,83.0,382.759,91.0,384.01,87.0,383.385
digital_1.SchDoc,3,J1,J1,,J1-16,16,D6,false,1,71.0,356.522,73.0,359.02,72.0,357.771,1,83.0,380.759,91.0,382.01,87.0,381.385
digital_1.SchDoc,3,J1,J1,,J1-17,17,D7,false,1,71.0,356.522,73.0,359.02,72.0,357.771,1,83.0,377.521,91.0,380.02,87.0,378.77
digital_1.SchDoc,3,J1,J1,,J1-18,18,/PD_/RST,false,1,71.0,356.522,73.0,359.02,72.0,357.771,1,83.0,375.759,91.0,377.01,87.0,376.385
digital_1.SchDoc,3,J1,J1,,J1-19,19,CS0,false,1,71.0,356.522,73.0,359.02,72.0,357.771,1,83.0,372.521,91.0,375.02,87.0,373.77
digital_1.SchDoc,3,J1,J1,,J1-20,20,/CS1,false,1,71.0,356.522,73.0,359.02,72.0,357.771,1,83.0,370.759,91.0,372.01,87.0,371.385
digital_1.SchDoc,3,J1,J1,,J1-21,21,R_W,false,1,71.0,356.522,73.0,359.02,72.0,357.771,1,83.0,367.521,91.0,370.02,87.0,368.77
digital_1.SchDoc,3,J1,J1,,J1-22,22,CLKIN,false,1,71.0,356.522,73.0,359.02,72.0,357.771,1,83.0,365.759,91.0,367.01,87.0,366.385
digital_1.SchDoc,3,J1,J1,,J1-23,23,DIVSEL,false,1,71.0,356.522,73.0,359.02,72.0,357.771,1,83.0,362.521,91.0,365.02,87.0,363.77
digital_1.SchDoc,3,J1,J1,,J1-24,24,PIN_5V,false,1,71.0,356.522,73.0,359.02,72.0,357.771,1,83.0,360.759,91.0,362.01,87.0,361.385
digital_1.SchDoc,3,J2,J2,,J2-1,1,PIN_5V,false,1,71.0,312.522,73.0,315.02,72.0,313.771,1,80.0,316.521,86.0,319.02,83.0,317.77
digital_1.SchDoc,3,J2,J2,,J2-2,2,PIN_AUDIO,false,1,71.0,312.522,73.0,315.02,72.0,313.771,1,65.0,316.521,71.0,319.02,68.0,317.77
digital_1.SchDoc,3,J2,J2,,J2-3,3,DIVSEL,false,1,71.0,312.522,73.0,315.02,72.0,313.771,1,80.0,319.76,86.0,321.01,83.0,320.385
digital_1.SchDoc,3,J2,J2,,J2-4,4,GND,false,1,71.0,312.522,73.0,315.02,72.0,313.771,1,65.0,319.76,71.0,321.01,68.0,320.385
digital_1.SchDoc,3,J2,J2,,J2-5,5,CLKIN,false,1,71.0,312.522,73.0,315.02,72.0,313.771,1,80.0,321.76,86.0,323.01,83.0,322.385
digital_1.SchDoc,3,J2,J2,,J2-6,6,NetJ2_6,false,1,71.0,312.522,73.0,315.02,72.0,313.771,1,65.0,321.76,71.0,323.01,68.0,322.385
digital_1.SchDoc,3,J2,J2,,J2-7,7,R_W,false,1,71.0,312.522,73.0,315.02,72.0,313.771,1,80.0,323.521,86.0,326.02,83.0,324.77
digital_1.SchDoc,3,J2,J2,,J2-8,8,A/R,false,1,71.0,312.522,73.0,315.02,72.0,313.771,1,65.0,323.521,71.0,326.02,68.0,324.77
digital_1.SchDoc,3,J2,J2,,J2-9,9,/CS1,false,1,71.0,312.522,73.0,315.02,72.0,313.771,1,80.0,326.76,86.0,328.01,83.0,327.385
digital_1.SchDoc,3,J2,J2,,J2-10,10,NetJ2_10,false,1,71.0,312.522,73.0,315.02,72.0,313.771,1,65.0,326.76,71.0,328.01,68.0,327.385
digital_1.SchDoc,3,J2,J2,,J2-11,11,CS0,false,1,71.0,312.522,73.0,315.02,72.0,313.771,1,80.0,328.521,86.0,331.02,83.0,329.77
digital_1.SchDoc,3,J2,J2,,J2-12,12,RS2,false,1,71.0,312.522,73.0,315.02,72.0,313.771,1,65.0,328.521,71.0,331.02,68.0,329.77
digital_1.SchDoc,3,J2,J2,,J2-13,13,/PD_/RST,false,1,71.0,312.522,73.0,315.02,72.0,313.771,1,80.0,331.76,86.0,333.01,83.0,332.385
digital_1.SchDoc,3,J2,J2,,J2-14,14,RS1,false,1,71.0,312.522,73.0,315.02,72.0,313.771,1,65.0,331.76,71.0,333.01,68.0,332.385
digital_1.SchDoc,3,J2,J2,,J2-15,15,D7,false,1,71.0,312.522,73.0,315.02,72.0,313.771,1,80.0,333.521,86.0,336.02,83.0,334.77
digital_1.SchDoc,3,J2,J2,,J2-16,16,RS0,false,1,71.0,312.522,73.0,315.02,72.0,313.771,1,65.0,333.521,71.0,336.02,68.0,334.77
digital_1.SchDoc,3,J2,J2,,J2-17,17,D6,false,1,71.0,312.522,73.0,315.02,72.0,313.771,1,80.0,336.76,86.0,338.01,83.0,337.385
digital_1.SchDoc,3,J2,J2,,J2-18,18,D0,false,1,71.0,312.522,73.0,315.02,72.0,313.771,1,65.0,336.76,71.0,338.01,68.0,337.385
digital_1.SchDoc,3,J2,J2,,J2-19,19,D5,false,1,71.0,312.522,73.0,315.02,72.0,313.771,1,80.0,338.521,86.0,341.02,83.0,339.77
digital_1.SchDoc,3,J2,J2,,J2-20,20,D1,false,1,71.0,312.522,73.0,315.02,72.0,313.771,1,65.0,338.521,71.0,341.02,68.0,339.77
digital_1.SchDoc,3,J2,J2,,J2-21,21,D4,false,1,71.0,312.522,73.0,315.02,72.0,313.771,1,80.0,340.521,86.0,343.02,83.0,341.77
digital_1.SchDoc,3,J2,J2,,J2-22,22,D2,false,1,71.0,312.522,73.0,315.02,72.0,313.771,1,65.0,340.521,71.0,343.02,68.0,341.77
digital_1.SchDoc,3,J2,J2,,J2-23,23,D3,false,1,71.0,312.522,73.0,315.02,72.0,313.771,1,80.0,343.76,86.0,345.01,83.0,344.385
digital_1.SchDoc,3,J2,J2,,J2-24,24,GND,false,1,71.0,312.522,73.0,315.02,72.0,313.771,1,65.0,343.76,71.0,345.01,68.0,344.385
digital_1.SchDoc,3,P1,P1,,P1-1,1,TDIVSEL,false,1,366.0,419.283,368.001,423.03,367.0,421.156,1,361.0,423.521,366.0,426.02,363.5,424.77
digital_1.SchDoc,3,P1,P1,,P1-2,2,NetP1_2,false,1,366.0,419.283,368.001,423.03,367.0,421.156,1,361.0,426.76,366.0,428.01,363.5,427.385
digital_1.SchDoc,3,P1,P1,,P1-3,3,GND,false,1,366.0,419.283,368.001,423.03,367.0,421.156,1,361.0,428.521,366.0,431.02,363.5,429.77
digital_1.SchDoc,3,P3,P3,,P3-1,1,NetP3_1,false,1,724.0,388.522,726.0,391.02,725.0,389.771,1,719.0,392.76,725.0,394.01,722.0,393.385
digital_1.SchDoc,3,P3,P3,,P3-2,2,RAM_CE,false,1,724.0,388.522,726.0,391.02,725.0,389.771,1,719.0,394.521,725.0,397.02,722.0,395.77
digital_1.SchDoc,3,P3,P3,,P3-3,3,GND,false,1,724.0,388.522,726.0,391.02,725.0,389.771,1,719.0,397.76,725.0,399.01,722.0,398.385
digital_1.SchDoc,3,P4,P4,,P4-1,1,NetP4_1,false,1,269.0,458.283,271.001,462.03,270.0,460.156,1,275.0,462.521,281.0,465.02,278.0,463.77
digital_1.SchDoc,3,P4,P4,,P4-2,2,NetP4_2,false,1,269.0,458.283,271.001,462.03,270.0,460.156,1,275.0,465.76,281.0,467.01,278.0,466.385
digital_1.SchDoc,3,P4,P4,,P4-3,3,NetP4_3,false,1,269.0,458.283,271.001,462.03,270.0,460.156,1,275.0,467.521,281.0,470.02,278.0,468.77
digital_1.SchDoc,3,R4,R4,,R4-1,1,TWR,false,1,61.0,260.521,64.0,263.02,62.5,261.77,1,58.0,262.521,62.0,265.02,60.0,263.77
digital_1.SchDoc,3,R4,R4,,R4-2,2,VDD,false,1,61.0,260.521,64.0,263.02,62.5,261.77,1,65.0,262.521,69.0,265.02,67.0,263.77
digital_1.SchDoc,3,R5,R5,,R5-1,1,/PD_/RST,false,1,133.0,300.522,135.0,303.02,134.0,301.771,1,131.0,304.044,133.001,309.04,132.0,306.542
digital_1.SchDoc,3,R5,R5,,R5-2,2,5V,false,1,133.0,300.522,135.0,303.02,134.0,301.771,1,131.0,297.283,133.001,301.03,132.0,299.156
digital_1.SchDoc,3,R6,R6,,R6-1,1,NetC4_2,false,1,189.0,468.522,191.0,471.02,190.0,469.771,1,187.0,472.044,189.001,477.04,188.0,474.542
digital_1.SchDoc,3,R6,R6,,R6-2,2,NetR6_2,false,1,189.0,468.522,191.0,471.02,190.0,469.771,1,187.0,465.283,189.001,469.03,188.0,467.156
digital_1.SchDoc,3,R7,R7,,R7-1,1,NetC3_2,false,1,173.0,482.522,176.0,485.02,174.5,483.771,1,170.0,484.521,174.0,487.02,172.0,485.77
digital_1.SchDoc,3,R7,R7,,R7-2,2,NetC4_2,false,1,173.0,482.522,176.0,485.02,174.5,483.771,1,178.0,484.522,181.0,487.02,179.5,485.771
digital_1.SchDoc,3,R9,R9,,R9-1,1,TLAT_A2,false,1,61.0,250.522,64.0,253.02,62.5,251.771,1,58.0,253.76,62.0,255.01,60.0,254.385
digital_1.SchDoc,3,R9,R9,,R9-2,2,VDD,false,1,61.0,250.522,64.0,253.02,62.5,251.771,1,65.0,253.76,69.0,255.01,67.0,254.385
digital_1.SchDoc,3,R300,R300,,R300-1,1,NetP1_2,false,1,356.0,440.282,361.001,444.03,358.5,442.156,1,353.0,443.76,357.0,445.01,355.0,444.385
digital_1.SchDoc,3,R300,R300,,R300-2,2,VDD,false,1,356.0,440.282,361.001,444.03,358.5,442.156,1,361.0,443.76,364.0,445.01,362.5,444.385
digital_1.SchDoc,3,RP1,RP1,,RP1-1,1,TCLKIN,false,1,59.0,183.522,62.0,186.02,60.5,184.771,1,51.0,187.759,59.0,189.01,55.0,188.385
digital_1.SchDoc,3,RP1,RP1,,RP1-2,2,TDIVSEL,false,1,59.0,183.522,62.0,186.02,60.5,184.771,1,51.0,189.521,59.0,192.02,55.0,190.77
digital_1.SchDoc,3,RP1,RP1,,RP1-3,3,NetRP1_3,false,1,59.0,183.522,62.0,186.02,60.5,184.771,1,51.0,192.759,59.0,194.01,55.0,193.385
digital_1.SchDoc,3,RP1,RP1,,RP1-4,4,NetRP1_4,false,1,59.0,183.522,62.0,186.02,60.5,184.771,1,51.0,194.521,59.0,197.02,55.0,195.77
digital_1.SchDoc,3,RP1,RP1,,RP1-5,5,NetRP1_5,false,1,59.0,183.522,62.0,186.02,60.5,184.771,1,51.0,197.759,59.0,199.01,55.0,198.385
digital_1.SchDoc,3,RP1,RP1,,RP1-6,6,NetRP1_6,false,1,59.0,183.522,62.0,186.02,60.5,184.771,1,51.0,199.521,59.0,202.02,55.0,200.77
digital_1.SchDoc,3,RP1,RP1,,RP1-7,7,NetRP1_7,false,1,59.0,183.522,62.0,186.02,60.5,184.771,1,51.0,202.759,59.0,204.01,55.0,203.385
digital_1.SchDoc,3,RP1,RP1,,RP1-8,8,TPHO_5,false,1,59.0,183.522,62.0,186.02,60.5,184.771,1,51.0,204.759,59.0,206.01,55.0,205.385
digital_1.SchDoc,3,RP1,RP1,,RP1-9,9,TPARM_6,false,1,59.0,183.522,62.0,186.02,60.5,184.771,1,68.0,204.759,76.0,206.01,72.0,205.385
digital_1.SchDoc,3,RP1,RP1,,RP1-10,10,TPARM_5,false,1,59.0,183.522,62.0,186.02,60.5,184.771,1,68.0,202.759,76.0,204.01,72.0,203.385
digital_1.SchDoc,3,RP1,RP1,,RP1-11,11,TPARM_4,false,1,59.0,183.522,62.0,186.02,60.5,184.771,1,68.0,199.521,76.0,202.02,72.0,200.77
digital_1.SchDoc,3,RP1,RP1,,RP1-12,12,TDUR_1,false,1,59.0,183.522,62.0,186.02,60.5,184.771,1,68.0,197.759,76.0,199.01,72.0,198.385
digital_1.SchDoc,3,RP1,RP1,,RP1-13,13,TDUR_0,false,1,59.0,183.522,62.0,186.02,60.5,184.771,1,68.0,194.521,76.0,197.02,72.0,195.77
digital_1.SchDoc,3,RP1,RP1,,RP1-14,14,TPARM_7,false,1,59.0,183.522,62.0,186.02,60.5,184.771,1,68.0,192.759,76.0,194.01,72.0,193.385
digital_1.SchDoc,3,RP1,RP1,,RP1-15,15,NetRP1_15,false,1,59.0,183.522,62.0,186.02,60.5,184.771,1,68.0,189.521,76.0,192.02,72.0,190.77
digital_1.SchDoc,3,RP1,RP1,,RP1-16,16,VDD,false,1,59.0,183.522,62.0,186.02,60.5,184.771,1,68.0,187.759,76.0,189.01,72.0,188.385
digital_1.SchDoc,3,RP2,RP2,,RP2-1,1,TLAT_D0,false,1,59.0,214.283,62.001,218.03,60.501,216.156,1,51.0,219.759,59.0,221.01,55.0,220.385
digital_1.SchDoc,3,RP2,RP2,,RP2-2,2,TLAT_D1,false,1,59.0,214.283,62.001,218.03,60.501,216.156,1,51.0,221.759,59.0,223.01,55.0,222.385
digital_1.SchDoc,3,RP2,RP2,,RP2-3,3,T/PD_/RST,false,1,59.0,214.283,62.001,218.03,60.501,216.156,1,51.0,223.521,59.0,226.02,55.0,224.77
digital_1.SchDoc,3,RP2,RP2,,RP2-4,4,TLAT_A1,false,1,59.0,214.283,62.001,218.03,60.501,216.156,1,51.0,226.759,59.0,228.01,55.0,227.385
digital_1.SchDoc,3,RP2,RP2,,RP2-5,5,TPARM_3,false,1,59.0,214.283,62.001,218.03,60.501,216.156,1,51.0,228.521,59.0,231.02,55.0,229.77
digital_1.SchDoc,3,RP2,RP2,,RP2-6,6,TPARM_2,false,1,59.0,214.283,62.001,218.03,60.501,216.156,1,51.0,231.759,59.0,233.01,55.0,232.385
digital_1.SchDoc,3,RP2,RP2,,RP2-7,7,TPARM_1,false,1,59.0,214.283,62.001,218.03,60.501,216.156,1,51.0,233.521,59.0,236.02,55.0,234.77
digital_1.SchDoc,3,RP2,RP2,,RP2-8,8,TPARM_0,false,1,59.0,214.283,62.001,218.03,60.501,216.156,1,51.0,236.759,59.0,238.01,55.0,237.385
digital_1.SchDoc,3,RP2,RP2,,RP2-9,9,TLAT_D4,false,1,59.0,214.283,62.001,218.03,60.501,216.156,1,68.0,236.759,76.0,238.01,72.0,237.385
digital_1.SchDoc,3,RP2,RP2,,RP2-10,10,TLAT_D3,false,1,59.0,214.283,62.001,218.03,60.501,216.156,1,68.0,233.521,76.0,236.02,72.0,234.77
digital_1.SchDoc,3,RP2,RP2,,RP2-11,11,TLAT_D5,false,1,59.0,214.283,62.001,218.03,60.501,216.156,1,68.0,231.759,76.0,233.01,72.0,232.385
digital_1.SchDoc,3,RP2,RP2,,RP2-12,12,TLAT_D2,false,1,59.0,214.283,62.001,218.03,60.501,216.156,1,68.0,228.521,76.0,231.02,72.0,229.77
digital_1.SchDoc,3,RP2,RP2,,RP2-13,13,TLAT_A0,false,1,59.0,214.283,62.001,218.03,60.501,216.156,1,68.0,226.759,76.0,228.01,72.0,227.385
digital_1.SchDoc,3,RP2,RP2,,RP2-14,14,TLAT_D6,false,1,59.0,214.283,62.001,218.03,60.501,216.156,1,68.0,223.521,76.0,226.02,72.0,224.77
digital_1.SchDoc,3,RP2,RP2,,RP2-15,15,TLAT_D7,false,1,59.0,214.283,62.001,218.03,60.501,216.156,1,68.0,221.759,76.0,223.01,72.0,222.385
digital_1.SchDoc,3,RP2,RP2,,RP2-16,16,VDD,false,1,59.0,214.283,62.001,218.03,60.501,216.156,1,68.0,219.759,76.0,221.01,72.0,220.385
digital_1.SchDoc,3,SPARE,SPARE,,SPARE-1,1,NetSPARE_1,false,1,34.0,144.521,41.0,147.02,37.5,145.77,1,27.0,148.759,35.0,150.01,31.0,149.385
digital_1.SchDoc,3,SPARE,SPARE,,SPARE-2,2,NetSPARE_2,false,1,34.0,144.521,41.0,147.02,37.5,145.77,1,27.0,150.521,35.0,153.02,31.0,151.77
digital_1.SchDoc,3,SPARE,SPARE,,SPARE-3,3,NetSPARE_3,false,1,34.0,144.521,41.0,147.02,37.5,145.77,1,27.0,153.759,35.0,155.01,31.0,154.385
digital_1.SchDoc,3,SPARE,SPARE,,SPARE-4,4,NetSPARE_4,false,1,34.0,144.521,41.0,147.02,37.5,145.77,1,27.0,155.521,35.0,158.02,31.0,156.77
digital_1.SchDoc,3,SPARE,SPARE,,SPARE-5,5,NetSPARE_5,false,1,34.0,144.521,41.0,147.02,37.5,145.77,1,27.0,158.759,35.0,160.01,31.0,159.385
digital_1.SchDoc,3,SPARE,SPARE,,SPARE-6,6,NetSPARE_6,false,1,34.0,144.521,41.0,147.02,37.5,145.77,1,27.0,160.759,35.0,162.01,31.0,161.385
digital_1.SchDoc,3,SPARE,SPARE,,SPARE-7,7,NetSPARE_7,false,1,34.0,144.521,41.0,147.02,37.5,145.77,1,27.0,163.759,35.0,165.01,31.0,164.385
digital_1.SchDoc,3,SPARE,SPARE,,SPARE-8,8,GND,false,1,34.0,144.521,41.0,147.02,37.5,145.77,1,27.0,165.759,35.0,167.01,31.0,166.385
digital_1.SchDoc,3,SPARE,SPARE,,SPARE-9,9,NetSPARE_9,false,1,34.0,144.521,41.0,147.02,37.5,145.77,1,44.0,165.759,52.0,167.01,48.0,166.385
digital_1.SchDoc,3,SPARE,SPARE,,SPARE-10,10,NetSPARE_10,false,1,34.0,144.521,41.0,147.02,37.5,145.77,1,44.0,163.759,52.0,165.01,48.0,164.385
digital_1.SchDoc,3,SPARE,SPARE,,SPARE-11,11,NetSPARE_11,false,1,34.0,144.521,41.0,147.02,37.5,145.77,1,44.0,160.759,52.0,162.01,48.0,161.385
digital_1.SchDoc,3,SPARE,SPARE,,SPARE-12,12,NetSPARE_12,false,1,34.0,144.521,41.0,147.02,37.5,145.77,1,44.0,158.759,52.0,160.01,48.0,159.385
digital_1.SchDoc,3,SPARE,SPARE,,SPARE-13,13,NetSPARE_13,false,1,34.0,144.521,41.0,147.02,37.5,145.77,1,44.0,155.521,52.0,158.02,48.0,156.77
digital_1.SchDoc,3,SPARE,SPARE,,SPARE-14,14,NetSPARE_14,false,1,34.0,144.521,41.0,147.02,37.5,145.77,1,44.0,153.759,52.0,155.01,48.0,154.385
digital_1.SchDoc,3,SPARE,SPARE,,SPARE-15,15,NetSPARE_15,false,1,34.0,144.521,41.0,147.02,37.5,145.77,1,44.0,150.521,52.0,153.02,48.0,151.77
digital_1.SchDoc,3,SPARE,SPARE,,SPARE-16,16,VDD,false,1,34.0,144.521,41.0,147.02,37.5,145.77,1,44.0,148.759,52.0,150.01,48.0,149.385
digital_1.SchDoc,3,,U1,,U1-1,1,5V,true,0,,,,,,,1,75.0,477.76,81.0,479.01,78.0,478.385
digital_1.SchDoc,3,,U1,,U1-8,8,GND,true,0,,,,,,,1,88.0,475.76,93.0,477.01,90.5,476.385
digital_1.SchDoc,3,U1A,U1,A,U1-2,2,NetU1_2,false,1,80.0,464.521,85.0,467.02,82.5,465.77,1,88.0,470.76,93.0,472.01,90.5,471.385
digital_1.SchDoc,3,U1A,U1,A,U1-3,3,DONE_RB,false,1,80.0,464.521,85.0,467.02,82.5,465.77,1,75.0,470.76,81.0,472.01,78.0,471.385
digital_1.SchDoc,3,U1B,U1,B,U1-4,4,NetU1_4,false,1,80.0,464.521,85.0,467.02,82.5,465.77,1,143.0,314.76,149.0,316.01,146.0,315.385
digital_1.SchDoc,3,U1B,U1,B,U1-5,5,/PD_/RST,false,1,80.0,464.521,85.0,467.02,82.5,465.77,1,131.0,314.76,137.0,316.01,134.0,315.385
digital_1.SchDoc,3,U1C,U1,C,U1-6,6,NetU1_6,false,1,80.0,464.521,85.0,467.02,82.5,465.77,1,168.0,306.521,174.0,309.02,171.0,307.77
digital_1.SchDoc,3,U1C,U1,C,U1-7,7,PHO_WRITE,false,1,80.0,464.521,85.0,467.02,82.5,465.77,1,156.0,306.521,162.0,309.02,159.0,307.77
digital_1.SchDoc,3,U1D,U1,D,U1-9,9,SEL2,false,1,80.0,464.521,85.0,467.02,82.5,465.77,1,139.0,270.76,145.0,272.01,142.0,271.385
digital_1.SchDoc,3,U1D,U1,D,U1-10,10,NetU1_10,false,1,80.0,464.521,85.0,467.02,82.5,465.77,1,151.0,270.76,157.0,272.01,154.0,271.385
digital_1.SchDoc,3,U1E,U1,E,U1-11,11,SEL1,false,1,80.0,464.521,85.0,467.02,82.5,465.77,1,139.0,258.76,145.0,260.01,142.0,259.385
digital_1.SchDoc,3,U1E,U1,E,U1-12,12,NetU1_12,false,1,80.0,464.521,85.0,467.02,82.5,465.77,1,151.0,258.76,157.0,260.01,154.0,259.385
digital_1.SchDoc,3,U1F,U1,F,U1-14,14,SEL0,false,1,80.0,464.521,85.0,467.02,82.5,465.77,1,139.0,245.521,145.0,248.02,142.0,246.77
digital_1.SchDoc,3,U1F,U1,F,U1-15,15,NetU1_15,false,1,80.0,464.521,85.0,467.02,82.5,465.77,1,151.0,245.521,157.0,248.02,154.0,246.77
digital_1.SchDoc,3,,U2,,U2-7,7,GND,true,0,,,,,,,1,88.0,462.521,93.0,465.02,90.5,463.77
digital_1.SchDoc,3,,U2,,U2-14,14,5V,true,0,,,,,,,1,75.0,465.76,81.0,467.01,78.0,466.385
digital_1.SchDoc,3,U2A,U2,A,U2-1,1,RD,false,1,80.0,452.521,85.0,455.02,82.5,453.77,1,75.0,458.76,81.0,460.01,78.0,459.385
digital_1.SchDoc,3,U2A,U2,A,U2-2,2,NetU2_2,false,1,80.0,452.521,85.0,455.02,82.5,453.77,1,88.0,458.76,93.0,460.01,90.5,459.385
digital_1.SchDoc,3,U2B,U2,B,U2-3,3,/CS1,false,1,80.0,452.521,85.0,455.02,82.5,453.77,1,78.0,406.521,84.0,409.02,81.0,407.77
digital_1.SchDoc,3,U2B,U2,B,U2-4,4,NetU2_4,false,1,80.0,452.521,85.0,455.02,82.5,453.77,1,90.0,406.521,96.0,409.02,93.0,407.77
digital_1.SchDoc,3,U2C,U2,C,U2-5,5,R_W,false,1,80.0,452.521,85.0,455.02,82.5,453.77,1,102.0,418.521,108.0,421.02,105.0,419.77
digital_1.SchDoc,3,U2C,U2,C,U2-6,6,NetU2_6,false,1,80.0,452.521,85.0,455.02,82.5,453.77,1,114.0,418.521,120.0,421.02,117.0,419.77
digital_1.SchDoc,3,U2D,U2,D,U2-8,8,WR,false,1,80.0,452.521,85.0,455.02,82.5,453.77,1,168.0,406.521,174.0,409.02,171.0,407.77
digital_1.SchDoc,3,U2D,U2,D,U2-9,9,NetU2_9,false,1,80.0,452.521,85.0,455.02,82.5,453.77,1,156.0,406.521,162.0,409.02,159.0,407.77
digital_1.SchDoc,3,U3,U3,,U3-1,1,NetU2_2,false,1,103.0,453.283,105.001,457.03,104.001,455.156,1,97.0,458.76,103.0,460.01,100.0,459.385
digital_1.SchDoc,3,U3,U3,,U3-2,2,NetU1_2,false,1,103.0,453.283,105.001,457.03,104.001,455.156,1,97.0,470.76,103.0,472.01,100.0,471.385
digital_1.SchDoc,3,U3,U3,,U3-3,3,D7,false,1,103.0,453.283,105.001,457.03,104.001,455.156,1,117.0,470.76,123.0,472.01,120.0,471.385
digital_1.SchDoc,3,U3,U3,,U3-4,4,NetU3_4,false,1,103.0,453.283,105.001,457.03,104.001,455.156,1,97.0,460.76,103.0,462.01,100.0,461.385
digital_1.SchDoc,3,U3,U3,,U3-5,5,NetU3_5,false,1,103.0,453.283,105.001,457.03,104.001,455.156,1,97.0,472.521,103.0,475.02,100.0,473.77
digital_1.SchDoc,3,U3,U3,,U3-6,6,NetU3_6,false,1,103.0,453.283,105.001,457.03,104.001,455.156,1,117.0,472.521,123.0,475.02,120.0,473.77
digital_1.SchDoc,3,U3,U3,,U3-7,7,GND,false,1,103.0,453.283,105.001,457.03,104.001,455.156,1,97.0,482.76,103.0,484.01,100.0,483.385
digital_1.SchDoc,3,U3,U3,,U3-8,8,NetU3_8,false,1,103.0,453.283,105.001,457.03,104.001,455.156,1,117.0,475.76,123.0,477.01,120.0,476.385
digital_1.SchDoc,3,U3,U3,,U3-9,9,NetU3_9,false,1,103.0,453.283,105.001,457.03,104.001,455.156,1,97.0,475.76,103.0,477.01,100.0,476.385
digital_1.SchDoc,3,U3,U3,,U3-10,10,NetU3_10,false,1,103.0,453.283,105.001,457.03,104.001,455.156,1,97.0,462.521,103.0,465.02,100.0,463.77
digital_1.SchDoc,3,U3,U3,,U3-11,11,NetU3_11,false,1,103.0,453.283,105.001,457.03,104.001,455.156,1,117.0,477.76,123.0,479.01,120.0,478.385
digital_1.SchDoc,3,U3,U3,,U3-12,12,NetU3_12,false,1,103.0,453.283,105.001,457.03,104.001,455.156,1,97.0,477.76,103.0,479.01,100.0,478.385
digital_1.SchDoc,3,U3,U3,,U3-13,13,NetU3_13,false,1,103.0,453.283,105.001,457.03,104.001,455.156,1,97.0,465.76,103.0,467.01,100.0,466.385
digital_1.SchDoc,3,U3,U3,,U3-14,14,5V,false,1,103.0,453.283,105.001,457.03,104.001,455.156,1,117.0,458.76,123.0,460.01,120.0,459.385
digital_1.SchDoc,3,,U4,,U4-7,7,GND,true,0,,,,,,,1,146.0,428.521,152.0,431.02,149.0,429.77
digital_1.SchDoc,3,,U4,,U4-14,14,5V,true,0,,,,,,,1,131.0,426.76,137.0,428.01,134.0,427.385
digital_1.SchDoc,3,U4A,U4,A,U4-1,1,R_W,false,1,137.0,428.521,141.0,431.02,139.0,429.77,1,131.0,436.76,137.0,438.01,134.0,437.385
digital_1.SchDoc,3,U4A,U4,A,U4-2,2,NetU4_2,false,1,137.0,428.521,141.0,431.02,139.0,429.77,1,131.0,431.76,137.0,433.01,134.0,432.385
digital_1.SchDoc,3,U4A,U4,A,U4-3,3,RD,false,1,137.0,428.521,141.0,431.02,139.0,429.77,1,146.0,433.521,152.0,436.02,149.0,434.77
digital_1.SchDoc,3,U4B,U4,B,U4-4,4,CS0,false,1,137.0,428.521,141.0,431.02,139.0,429.77,1,102.0,401.521,108.0,404.02,105.0,402.77
digital_1.SchDoc,3,U4B,U4,B,U4-5,5,NetU2_4,false,1,137.0,428.521,141.0,431.02,139.0,429.77,1,102.0,406.521,108.0,409.02,105.0,407.77
digital_1.SchDoc,3,U4B,U4,B,U4-6,6,NetU4_2,false,1,137.0,428.521,141.0,431.02,139.0,429.77,1,117.0,404.76,123.0,406.01,120.0,405.385
digital_1.SchDoc,3,U4D,U4,D,U4-11,11,NetU2_9,false,1,137.0,428.521,141.0,431.02,139.0,429.77,1,146.0,406.521,152.0,409.02,149.0,407.77
digital_1.SchDoc,3,U4D,U4,D,U4-12,12,NetU2_6,false,1,137.0,428.521,141.0,431.02,139.0,429.77,1,131.0,409.76,137.0,411.01,134.0,410.385
digital_1.SchDoc,3,U4D,U4,D,U4-13,13,NetU4_2,false,1,137.0,428.521,141.0,431.02,139.0,429.77,1,131.0,404.76,137.0,406.01,134.0,405.385
digital_1.SchDoc,3,U5,U5,,U5-1,1,GND,false,1,193.0,353.283,195.001,357.03,194.0,355.156,1,187.0,358.76,193.0,360.01,190.0,359.385
digital_1.SchDoc,3,U5,U5,,U5-2,2,LAT_D0,false,1,193.0,353.283,195.001,357.03,194.0,355.156,1,207.0,365.76,213.0,367.01,210.0,366.385
digital_1.SchDoc,3,U5,U5,,U5-3,3,D0,false,1,193.0,353.283,195.001,357.03,194.0,355.156,1,187.0,365.76,193.0,367.01,190.0,366.385
digital_1.SchDoc,3,U5,U5,,U5-4,4,D1,false,1,193.0,353.283,195.001,357.03,194.0,355.156,1,187.0,367.521,193.0,370.02,190.0,368.77
digital_1.SchDoc,3,U5,U5,,U5-5,5,LAT_D1,false,1,193.0,353.283,195.001,357.03,194.0,355.156,1,207.0,367.521,213.0,370.02,210.0,368.77
digital_1.SchDoc,3,U5,U5,,U5-6,6,LAT_D2,false,1,193.0,353.283,195.001,357.03,194.0,355.156,1,207.0,370.76,213.0,372.01,210.0,371.385
digital_1.SchDoc,3,U5,U5,,U5-7,7,D2,false,1,193.0,353.283,195.001,357.03,194.0,355.156,1,187.0,370.76,193.0,372.01,190.0,371.385
digital_1.SchDoc,3,U5,U5,,U5-8,8,D3,false,1,193.0,353.283,195.001,357.03,194.0,355.156,1,187.0,372.521,193.0,375.02,190.0,373.77
digital_1.SchDoc,3,U5,U5,,U5-9,9,LAT_D3,false,1,193.0,353.283,195.001,357.03,194.0,355.156,1,207.0,372.521,213.0,375.02,210.0,373.77
digital_1.SchDoc,3,U5,U5,,U5-10,10,GND,false,1,193.0,353.283,195.001,357.03,194.0,355.156,1,187.0,387.76,193.0,389.01,190.0,388.385
digital_1.SchDoc,3,U5,U5,,U5-11,11,WR,false,1,193.0,353.283,195.001,357.03,194.0,355.156,1,187.0,360.76,193.0,362.01,190.0,361.385
digital_1.SchDoc,3,U5,U5,,U5-12,12,LAT_D4,false,1,193.0,353.283,195.001,357.03,194.0,355.156,1,207.0,375.76,213.0,377.01,210.0,376.385
digital_1.SchDoc,3,U5,U5,,U5-13,13,D4,false,1,193.0,353.283,195.001,357.03,194.0,355.156,1,187.0,375.76,193.0,377.01,190.0,376.385
digital_1.SchDoc,3,U5,U5,,U5-14,14,D5,false,1,193.0,353.283,195.001,357.03,194.0,355.156,1,187.0,377.521,193.0,380.02,190.0,378.77
digital_1.SchDoc,3,U5,U5,,U5-15,15,LAT_D5,false,1,193.0,353.283,195.001,357.03,194.0,355.156,1,207.0,377.521,213.0,380.02,210.0,378.77
digital_1.SchDoc,3,U5,U5,,U5-16,16,LAT_D6,false,1,193.0,353.283,195.001,357.03,194.0,355.156,1,207.0,380.76,213.0,382.01,210.0,381.385
digital_1.SchDoc,3,U5,U5,,U5-17,17,D6,false,1,193.0,353.283,195.001,357.03,194.0,355.156,1,187.0,380.76,193.0,382.01,190.0,381.385
digital_1.SchDoc,3,U5,U5,,U5-18,18,D7,false,1,193.0,353.283,195.001,357.03,194.0,355.156,1,187.0,382.76,193.0,384.01,190.0,383.385
digital_1.SchDoc,3,U5,U5,,U5-19,19,LAT_D7,false,1,193.0,353.283,195.001,357.03,194.0,355.156,1,207.0,382.76,213.0,384.01,210.0,383.385
digital_1.SchDoc,3,U5,U5,,U5-20,20,5V,false,1,193.0,353.283,195.001,357.03,194.0,355.156,1,207.0,358.76,213.0,360.01,210.0,359.385
digital_1.SchDoc,3,U6,U6,,U6-1,1,GND,false,1,193.0,400.522,195.0,403.02,194.0,401.771,1,187.0,404.76,193.0,406.01,190.0,405.385
digital_1.SchDoc,3,U6,U6,,U6-2,2,NetU6_2,false,1,193.0,400.522,195.0,403.02,194.0,401.771,1,207.0,411.521,213.0,414.02,210.0,412.77
digital_1.SchDoc,3,U6,U6,,U6-3,3,NetU6_3,false,1,193.0,400.522,195.0,403.02,194.0,401.771,1,187.0,411.521,193.0,414.02,190.0,412.77
digital_1.SchDoc,3,U6,U6,,U6-4,4,NetU6_4,false,1,193.0,400.522,195.0,403.02,194.0,401.771,1,187.0,414.76,193.0,416.01,190.0,415.385
digital_1.SchDoc,3,U6,U6,,U6-5,5,NetU6_5,false,1,193.0,400.522,195.0,403.02,194.0,401.771,1,207.0,414.76,213.0,416.01,210.0,415.385
digital_1.SchDoc,3,U6,U6,,U6-6,6,NetU6_6,false,1,193.0,400.522,195.0,403.02,194.0,401.771,1,207.0,416.521,213.0,419.02,210.0,417.77
digital_1.SchDoc,3,U6,U6,,U6-7,7,NetU6_7,false,1,193.0,400.522,195.0,403.02,194.0,401.771,1,187.0,416.521,193.0,419.02,190.0,417.77
digital_1.SchDoc,3,U6,U6,,U6-8,8,NetU6_8,false,1,193.0,400.522,195.0,403.02,194.0,401.771,1,187.0,418.521,193.0,421.02,190.0,419.77
digital_1.SchDoc,3,U6,U6,,U6-9,9,NetU6_9,false,1,193.0,400.522,195.0,403.02,194.0,401.771,1,207.0,418.521,213.0,421.02,210.0,419.77
digital_1.SchDoc,3,U6,U6,,U6-10,10,GND,false,1,193.0,400.522,195.0,403.02,194.0,401.771,1,187.0,433.521,193.0,436.02,190.0,434.77
digital_1.SchDoc,3,U6,U6,,U6-11,11,WR,false,1,193.0,400.522,195.0,403.02,194.0,401.771,1,187.0,406.521,193.0,409.02,190.0,407.77
digital_1.SchDoc,3,U6,U6,,U6-12,12,NetU6_12,false,1,193.0,400.522,195.0,403.02,194.0,401.771,1,207.0,421.76,213.0,423.01,210.0,422.385
digital_1.SchDoc,3,U6,U6,,U6-13,13,NetU6_13,false,1,193.0,400.522,195.0,403.02,194.0,401.771,1,187.0,421.76,193.0,423.01,190.0,422.385
digital_1.SchDoc,3,U6,U6,,U6-14,14,RS2,false,1,193.0,400.522,195.0,403.02,194.0,401.771,1,187.0,423.521,193.0,426.02,190.0,424.77
digital_1.SchDoc,3,U6,U6,,U6-15,15,LAT_A2,false,1,193.0,400.522,195.0,403.02,194.0,401.771,1,207.0,423.521,213.0,426.02,210.0,424.77
digital_1.SchDoc,3,U6,U6,,U6-16,16,LAT_A0,false,1,193.0,400.522,195.0,403.02,194.0,401.771,1,207.0,426.76,213.0,428.01,210.0,427.385
digital_1.SchDoc,3,U6,U6,,U6-17,17,RS0,false,1,193.0,400.522,195.0,403.02,194.0,401.771,1,187.0,426.76,193.0,428.01,190.0,427.385
digital_1.SchDoc,3,U6,U6,,U6-18,18,RS1,false,1,193.0,400.522,195.0,403.02,194.0,401.771,1,187.0,428.521,193.0,431.02,190.0,429.77
digital_1.SchDoc,3,U6,U6,,U6-19,19,LAT_A1,false,1,193.0,400.522,195.0,403.02,194.0,401.771,1,207.0,428.521,213.0,431.02,210.0,429.77
digital_1.SchDoc,3,U6,U6,,U6-20,20,5V,false,1,193.0,400.522,195.0,403.02,194.0,401.771,1,207.0,404.76,213.0,406.01,210.0,405.385
digital_1.SchDoc,3,U7,U7,,U7-1,1,5V,false,1,269.0,358.283,271.001,362.03,270.0,360.156,1,285.0,362.521,291.0,365.02,288.0,363.77
digital_1.SchDoc,3,U7,U7,,U7-2,2,TLAT_D7,false,1,269.0,358.283,271.001,362.03,270.0,360.156,1,285.0,370.76,291.0,372.01,288.0,371.385
digital_1.SchDoc,3,U7,U7,,U7-3,3,LAT_D7,false,1,269.0,358.283,271.001,362.03,270.0,360.156,1,263.0,370.76,269.0,372.01,266.0,371.385
digital_1.SchDoc,3,U7,U7,,U7-4,4,TLAT_D6,false,1,269.0,358.283,271.001,362.03,270.0,360.156,1,285.0,372.521,291.0,375.02,288.0,373.77
digital_1.SchDoc,3,U7,U7,,U7-5,5,LAT_D6,false,1,269.0,358.283,271.001,362.03,270.0,360.156,1,263.0,372.521,269.0,375.02,266.0,373.77
digital_1.SchDoc,3,U7,U7,,U7-6,6,TLAT_D5,false,1,269.0,358.283,271.001,362.03,270.0,360.156,1,285.0,375.76,291.0,377.01,288.0,376.385
digital_1.SchDoc,3,U7,U7,,U7-7,7,LAT_D5,false,1,269.0,358.283,271.001,362.03,270.0,360.156,1,263.0,375.76,269.0,377.01,266.0,376.385
digital_1.SchDoc,3,U7,U7,,U7-8,8,GND,false,1,269.0,358.283,271.001,362.03,270.0,360.156,1,263.0,387.76,269.0,389.01,266.0,388.385
digital_1.SchDoc,3,U7,U7,,U7-9,9,LAT_D4,false,1,269.0,358.283,271.001,362.03,270.0,360.156,1,263.0,377.521,269.0,380.02,266.0,378.77
digital_1.SchDoc,3,U7,U7,,U7-10,10,TLAT_D4,false,1,269.0,358.283,271.001,362.03,270.0,360.156,1,285.0,377.521,291.0,380.02,288.0,378.77
digital_1.SchDoc,3,U7,U7,,U7-11,11,LAT_D3,false,1,269.0,358.283,271.001,362.03,270.0,360.156,1,263.0,380.76,269.0,382.01,266.0,381.385
digital_1.SchDoc,3,U7,U7,,U7-12,12,TLAT_D3,false,1,269.0,358.283,271.001,362.03,270.0,360.156,1,285.0,380.76,291.0,382.01,288.0,381.385
digital_1.SchDoc,3,U7,U7,,U7-13,13,5V,false,1,269.0,358.283,271.001,362.03,270.0,360.156,1,263.0,362.521,269.0,365.02,266.0,363.77
digital_1.SchDoc,3,U7,U7,,U7-14,14,LAT_D2,false,1,269.0,358.283,271.001,362.03,270.0,360.156,1,263.0,382.76,269.0,384.01,266.0,383.385
digital_1.SchDoc,3,U7,U7,,U7-15,15,TLAT_D2,false,1,269.0,358.283,271.001,362.03,270.0,360.156,1,285.0,382.76,291.0,384.01,288.0,383.385
digital_1.SchDoc,3,U7,U7,,U7-16,16,VDD,false,1,269.0,358.283,271.001,362.03,270.0,360.156,1,285.0,365.76,291.0,367.01,288.0,366.385
digital_1.SchDoc,3,U8,U8,,U8-1,1,5V,false,1,269.0,400.522,271.0,403.02,270.0,401.771,1,285.0,404.76,291.0,406.01,288.0,405.385
digital_1.SchDoc,3,U8,U8,,U8-2,2,TLAT_D1,false,1,269.0,400.522,271.0,403.02,270.0,401.771,1,285.0,411.521,291.0,414.02,288.0,412.77
digital_1.SchDoc,3,U8,U8,,U8-3,3,LAT_D1,false,1,269.0,400.522,271.0,403.02,270.0,401.771,1,263.0,411.521,269.0,414.02,266.0,412.77
digital_1.SchDoc,3,U8,U8,,U8-4,4,TLAT_D0,false,1,269.0,400.522,271.0,403.02,270.0,401.771,1,285.0,414.76,291.0,416.01,288.0,415.385
digital_1.SchDoc,3,U8,U8,,U8-5,5,LAT_D0,false,1,269.0,400.522,271.0,403.02,270.0,401.771,1,263.0,414.76,269.0,416.01,266.0,415.385
digital_1.SchDoc,3,U8,U8,,U8-6,6,TPHO_5,false,1,269.0,400.522,271.0,403.02,270.0,401.771,1,285.0,416.521,291.0,419.02,288.0,417.77
digital_1.SchDoc,3,U8,U8,,U8-7,7,PHO_5,false,1,269.0,400.522,271.0,403.02,270.0,401.771,1,263.0,416.521,269.0,419.02,266.0,417.77
digital_1.SchDoc,3,U8,U8,,U8-8,8,GND,false,1,269.0,400.522,271.0,403.02,270.0,401.771,1,263.0,428.521,269.0,431.02,266.0,429.77
digital_1.SchDoc,3,U8,U8,,U8-9,9,LAT_A2,false,1,269.0,400.522,271.0,403.02,270.0,401.771,1,263.0,418.521,269.0,421.02,266.0,419.77
digital_1.SchDoc,3,U8,U8,,U8-10,10,TLAT_A2,false,1,269.0,400.522,271.0,403.02,270.0,401.771,1,285.0,418.521,291.0,421.02,288.0,419.77
digital_1.SchDoc,3,U8,U8,,U8-11,11,LAT_A1,false,1,269.0,400.522,271.0,403.02,270.0,401.771,1,263.0,421.76,269.0,423.01,266.0,422.385
digital_1.SchDoc,3,U8,U8,,U8-12,12,TLAT_A1,false,1,269.0,400.522,271.0,403.02,270.0,401.771,1,285.0,421.76,291.0,423.01,288.0,422.385
digital_1.SchDoc,3,U8,U8,,U8-13,13,5V,false,1,269.0,400.522,271.0,403.02,270.0,401.771,1,263.0,404.76,269.0,406.01,266.0,405.385
digital_1.SchDoc,3,U8,U8,,U8-14,14,LAT_A0,false,1,269.0,400.522,271.0,403.02,270.0,401.771,1,263.0,423.521,269.0,426.02,266.0,424.77
digital_1.SchDoc,3,U8,U8,,U8-15,15,TLAT_A0,false,1,269.0,400.522,271.0,403.02,270.0,401.771,1,285.0,423.521,291.0,426.02,288.0,424.77
digital_1.SchDoc,3,U8,U8,,U8-16,16,VDD,false,1,269.0,400.522,271.0,403.02,270.0,401.771,1,285.0,406.521,291.0,409.02,288.0,407.77
digital_1.SchDoc,3,,U9,,U9-7,7,GND,true,0,,,,,,,1,207.0,197.76,213.0,199.01,210.0,198.385
digital_1.SchDoc,3,,U9,,U9-14,14,VDD,true,0,,,,,,,1,195.0,199.521,201.0,202.02,198.0,200.77
digital_1.SchDoc,3,U9A,U9,A,U9-1,1,TLAT_A1,false,1,200.0,186.282,204.001,190.03,202.0,188.156,1,195.0,192.76,201.0,194.01,198.0,193.385
digital_1.SchDoc,3,U9A,U9,A,U9-2,2,NetU9_2,false,1,200.0,186.282,204.001,190.03,202.0,188.156,1,207.0,192.76,213.0,194.01,210.0,193.385
digital_1.SchDoc,3,U9B,U9,B,U9-3,3,TLAT_A0,false,1,200.0,186.282,204.001,190.03,202.0,188.156,1,195.0,177.521,201.0,180.02,198.0,178.77
digital_1.SchDoc,3,U9B,U9,B,U9-4,4,NetU9_4,false,1,200.0,186.282,204.001,190.03,202.0,188.156,1,207.0,177.521,213.0,180.02,210.0,178.77
digital_1.SchDoc,3,U9C,U9,C,U9-5,5,PHO_WRITE,false,1,200.0,186.282,204.001,190.03,202.0,188.156,1,317.0,228.521,323.0,231.02,320.0,229.77
digital_1.SchDoc,3,U9C,U9,C,U9-6,6,/PHO_WRITE,false,1,200.0,186.282,204.001,190.03,202.0,188.156,1,329.0,228.521,335.0,231.02,332.0,229.77
digital_1.SchDoc,3,,U10,,U10-7,7,GND,true,0,,,,,,,1,246.0,104.521,252.0,107.02,249.0,105.77
digital_1.SchDoc,3,,U10,,U10-14,14,VDD,true,0,,,,,,,1,231.0,106.521,237.0,109.02,234.0,107.77
digital_1.SchDoc,3,U10A,U10,A,U10-1,1,NetU9_2,false,1,236.0,94.521,242.0,97.02,239.0,95.77,1,231.0,97.76,237.0,99.01,234.0,98.385
digital_1.SchDoc,3,U10A,U10,A,U10-2,2,NetU10_2,false,1,236.0,94.521,242.0,97.02,239.0,95.77,1,231.0,99.521,237.0,102.02,234.0,100.77
digital_1.SchDoc,3,U10A,U10,A,U10-8,8,TLAT_A0,false,1,236.0,94.521,242.0,97.02,239.0,95.77,1,231.0,102.76,237.0,104.01,234.0,103.385
digital_1.SchDoc,3,U10A,U10,A,U10-9,9,/WR_1,false,1,236.0,94.521,242.0,97.02,239.0,95.77,1,246.0,99.521,252.0,102.02,249.0,100.77
digital_1.SchDoc,3,U10B,U10,B,U10-3,3,NetU9_2,false,1,236.0,94.521,242.0,97.02,239.0,95.77,1,231.0,216.521,237.0,219.02,234.0,217.77
digital_1.SchDoc,3,U10B,U10,B,U10-4,4,NetU10_2,false,1,236.0,94.521,242.0,97.02,239.0,95.77,1,231.0,219.76,237.0,221.01,234.0,220.385
digital_1.SchDoc,3,U10B,U10,B,U10-5,5,NetU9_4,false,1,236.0,94.521,242.0,97.02,239.0,95.77,1,231.0,221.76,237.0,223.01,234.0,222.385
digital_1.SchDoc,3,U10B,U10,B,U10-6,6,PHO_WRITE,false,1,236.0,94.521,242.0,97.02,239.0,95.77,1,246.0,219.76,252.0,221.01,249.0,220.385
digital_1.SchDoc,3,U10C,U10,C,U10-10,10,/WR_2,false,1,236.0,94.521,242.0,97.02,239.0,95.77,1,246.0,143.76,252.0,145.01,249.0,144.385
digital_1.SchDoc,3,U10C,U10,C,U10-11,11,TLAT_A1,false,1,236.0,94.521,242.0,97.02,239.0,95.77,1,231.0,141.76,237.0,143.01,234.0,142.385
digital_1.SchDoc,3,U10C,U10,C,U10-12,12,NetU10_2,false,1,236.0,94.521,242.0,97.02,239.0,95.77,1,231.0,143.76,237.0,145.01,234.0,144.385
digital_1.SchDoc,3,U10C,U10,C,U10-13,13,NetU9_4,false,1,236.0,94.521,242.0,97.02,239.0,95.77,1,231.0,145.521,237.0,148.02,234.0,146.77
digital_1.SchDoc,3,,U11,,U11-7,7,GND,true,0,,,,,,,1,246.0,192.76,252.0,194.01,249.0,193.385
digital_1.SchDoc,3,,U11,,U11-14,14,VDD,true,0,,,,,,,1,231.0,194.521,237.0,197.02,234.0,195.77
digital_1.SchDoc,3,U11B,U11,B,U11-3,3,TLAT_A0,false,1,236.0,181.282,242.001,185.03,239.0,183.156,1,231.0,184.521,237.0,187.02,234.0,185.77
digital_1.SchDoc,3,U11B,U11,B,U11-4,4,NetU10_2,false,1,236.0,181.282,242.001,185.03,239.0,183.156,1,231.0,187.76,237.0,189.01,234.0,188.385
digital_1.SchDoc,3,U11B,U11,B,U11-5,5,TLAT_A1,false,1,236.0,181.282,242.001,185.03,239.0,183.156,1,231.0,189.521,237.0,192.02,234.0,190.77
digital_1.SchDoc,3,U11B,U11,B,U11-6,6,/WR_3,false,1,236.0,181.282,242.001,185.03,239.0,183.156,1,246.0,187.76,252.0,189.01,249.0,188.385
digital_1.SchDoc,3,U12,U12,,U12-1,1,GND,false,1,193.0,300.521,197.0,303.02,195.0,301.77,1,187.0,304.76,193.0,306.01,190.0,305.385
digital_1.SchDoc,3,U12,U12,,U12-2,2,PHO_0,false,1,193.0,300.521,197.0,303.02,195.0,301.77,1,207.0,311.521,213.0,314.02,210.0,312.77
digital_1.SchDoc,3,U12,U12,,U12-3,3,LAT_D0,false,1,193.0,300.521,197.0,303.02,195.0,301.77,1,187.0,311.521,193.0,314.02,190.0,312.77
digital_1.SchDoc,3,U12,U12,,U12-4,4,LAT_D1,false,1,193.0,300.521,197.0,303.02,195.0,301.77,1,187.0,314.76,193.0,316.01,190.0,315.385
digital_1.SchDoc,3,U12,U12,,U12-5,5,PHO_1,false,1,193.0,300.521,197.0,303.02,195.0,301.77,1,207.0,314.76,213.0,316.01,210.0,315.385
digital_1.SchDoc,3,U12,U12,,U12-6,6,PHO_2,false,1,193.0,300.521,197.0,303.02,195.0,301.77,1,207.0,316.521,213.0,319.02,210.0,317.77
digital_1.SchDoc,3,U12,U12,,U12-7,7,LAT_D2,false,1,193.0,300.521,197.0,303.02,195.0,301.77,1,187.0,316.521,193.0,319.02,190.0,317.77
digital_1.SchDoc,3,U12,U12,,U12-8,8,LAT_D3,false,1,193.0,300.521,197.0,303.02,195.0,301.77,1,187.0,319.76,193.0,321.01,190.0,320.385
digital_1.SchDoc,3,U12,U12,,U12-9,9,PHO_3,false,1,193.0,300.521,197.0,303.02,195.0,301.77,1,207.0,319.76,213.0,321.01,210.0,320.385
digital_1.SchDoc,3,U12,U12,,U12-10,10,GND,false,1,193.0,300.521,197.0,303.02,195.0,301.77,1,187.0,333.521,193.0,336.02,190.0,334.77
digital_1.SchDoc,3,U12,U12,,U12-11,11,NetU1_6,false,1,193.0,300.521,197.0,303.02,195.0,301.77,1,187.0,306.521,193.0,309.02,190.0,307.77
digital_1.SchDoc,3,U12,U12,,U12-12,12,PHO_4,false,1,193.0,300.521,197.0,303.02,195.0,301.77,1,207.0,321.76,213.0,323.01,210.0,322.385
digital_1.SchDoc,3,U12,U12,,U12-13,13,LAT_D4,false,1,193.0,300.521,197.0,303.02,195.0,301.77,1,187.0,321.76,193.0,323.01,190.0,322.385
digital_1.SchDoc,3,U12,U12,,U12-14,14,LAT_D5,false,1,193.0,300.521,197.0,303.02,195.0,301.77,1,187.0,323.521,193.0,326.02,190.0,324.77
digital_1.SchDoc,3,U12,U12,,U12-15,15,PHO_5,false,1,193.0,300.521,197.0,303.02,195.0,301.77,1,207.0,323.521,213.0,326.02,210.0,324.77
digital_1.SchDoc,3,U12,U12,,U12-16,16,DUR_0,false,1,193.0,300.521,197.0,303.02,195.0,301.77,1,207.0,326.76,213.0,328.01,210.0,327.385
digital_1.SchDoc,3,U12,U12,,U12-17,17,LAT_D6,false,1,193.0,300.521,197.0,303.02,195.0,301.77,1,187.0,326.76,193.0,328.01,190.0,327.385
digital_1.SchDoc,3,U12,U12,,U12-18,18,LAT_D7,false,1,193.0,300.521,197.0,303.02,195.0,301.77,1,187.0,328.521,193.0,331.02,190.0,329.77
digital_1.SchDoc,3,U12,U12,,U12-19,19,DUR_1,false,1,193.0,300.521,197.0,303.02,195.0,301.77,1,207.0,328.521,213.0,331.02,210.0,329.77
digital_1.SchDoc,3,U12,U12,,U12-20,20,5V,false,1,193.0,300.521,197.0,303.02,195.0,301.77,1,207.0,304.76,213.0,306.01,210.0,305.385
digital_1.SchDoc,3,U13,U13,,U13-1,1,PHO_4,false,1,191.0,244.522,194.0,247.02,192.5,245.771,1,185.0,272.521,191.0,275.02,188.0,273.77
digital_1.SchDoc,3,U13,U13,,U13-2,2,PHO_3,false,1,191.0,244.522,194.0,247.02,192.5,245.771,1,185.0,270.76,191.0,272.01,188.0,271.385
digital_1.SchDoc,3,U13,U13,,U13-3,3,PHO_2,false,1,191.0,244.522,194.0,247.02,192.5,245.771,1,185.0,267.521,191.0,270.02,188.0,268.77
digital_1.SchDoc,3,U13,U13,,U13-4,4,PHO_1,false,1,191.0,244.522,194.0,247.02,192.5,245.771,1,185.0,265.76,191.0,267.01,188.0,266.385
digital_1.SchDoc,3,U13,U13,,U13-5,5,PHO_0,false,1,191.0,244.522,194.0,247.02,192.5,245.771,1,185.0,262.521,191.0,265.02,188.0,263.77
digital_1.SchDoc,3,U13,U13,,U13-6,6,NetU1_10,false,1,191.0,244.522,194.0,247.02,192.5,245.771,1,185.0,260.521,191.0,263.02,188.0,261.77
digital_1.SchDoc,3,U13,U13,,U13-7,7,NetU1_12,false,1,191.0,244.522,194.0,247.02,192.5,245.771,1,185.0,258.76,191.0,260.01,188.0,259.385
digital_1.SchDoc,3,U13,U13,,U13-8,8,NetU1_15,false,1,191.0,244.522,194.0,247.02,192.5,245.771,1,185.0,255.521,191.0,258.02,188.0,256.77
digital_1.SchDoc,3,U13,U13,,U13-9,9,PARM_0,false,1,191.0,244.522,194.0,247.02,192.5,245.771,1,209.0,255.521,215.0,258.02,212.0,256.77
digital_1.SchDoc,3,U13,U13,,U13-10,10,PARM_1,false,1,191.0,244.522,194.0,247.02,192.5,245.771,1,209.0,258.76,215.0,260.01,212.0,259.385
digital_1.SchDoc,3,U13,U13,,U13-11,11,PARM_2,false,1,191.0,244.522,194.0,247.02,192.5,245.771,1,209.0,260.521,215.0,263.02,212.0,261.77
digital_1.SchDoc,3,U13,U13,,U13-12,12,GND,false,1,191.0,244.522,194.0,247.02,192.5,245.771,1,209.0,280.76,215.0,282.01,212.0,281.385
digital_1.SchDoc,3,U13,U13,,U13-13,13,PARM_3,false,1,191.0,244.522,194.0,247.02,192.5,245.771,1,209.0,262.521,215.0,265.02,212.0,263.77
digital_1.SchDoc,3,U13,U13,,U13-14,14,PARM_4,false,1,191.0,244.522,194.0,247.02,192.5,245.771,1,209.0,265.76,215.0,267.01,212.0,266.385
digital_1.SchDoc,3,U13,U13,,U13-15,15,PARM_5,false,1,191.0,244.522,194.0,247.02,192.5,245.771,1,209.0,267.521,215.0,270.02,212.0,268.77
digital_1.SchDoc,3,U13,U13,,U13-16,16,PARM_6,false,1,191.0,244.522,194.0,247.02,192.5,245.771,1,209.0,270.76,215.0,272.01,212.0,271.385
digital_1.SchDoc,3,U13,U13,,U13-17,17,PARM_7,false,1,191.0,244.522,194.0,247.02,192.5,245.771,1,209.0,272.521,215.0,275.02,212.0,273.77
digital_1.SchDoc,3,U13,U13,,U13-18,18,GND,false,1,191.0,244.522,194.0,247.02,192.5,245.771,1,185.0,248.76,191.0,250.01,188.0,249.385
digital_1.SchDoc,3,U13,U13,,U13-19,19,GND,false,1,191.0,244.522,194.0,247.02,192.5,245.771,1,185.0,280.76,191.0,282.01,188.0,281.385
digital_1.SchDoc,3,U13,U13,,U13-20,20,GND,false,1,191.0,244.522,194.0,247.02,192.5,245.771,1,185.0,250.521,191.0,253.02,188.0,251.77
digital_1.SchDoc,3,U13,U13,,U13-21,21,5V,false,1,191.0,244.522,194.0,247.02,192.5,245.771,1,209.0,250.521,215.0,253.02,212.0,251.77
digital_1.SchDoc,3,U13,U13,,U13-22,22,GND,false,1,191.0,244.522,194.0,247.02,192.5,245.771,1,185.0,277.521,191.0,280.02,188.0,278.77
digital_1.SchDoc,3,U13,U13,,U13-23,23,PHO_5,false,1,191.0,244.522,194.0,247.02,192.5,245.771,1,185.0,275.76,191.0,277.01,188.0,276.385
digital_1.SchDoc,3,U13,U13,,U13-24,24,5V,false,1,191.0,244.522,194.0,247.02,192.5,245.771,1,209.0,248.76,215.0,250.01,212.0,249.385
digital_1.SchDoc,3,U14,U14,,U14-1,1,5V,false,1,269.0,275.283,272.001,279.03,270.5,277.156,1,285.0,280.76,291.0,282.01,288.0,281.385
digital_1.SchDoc,3,U14,U14,,U14-2,2,TDUR_1,false,1,269.0,275.283,272.001,279.03,270.5,277.156,1,285.0,287.76,291.0,289.01,288.0,288.385
digital_1.SchDoc,3,U14,U14,,U14-3,3,DUR_1,false,1,269.0,275.283,272.001,279.03,270.5,277.156,1,263.0,287.76,269.0,289.01,266.0,288.385
digital_1.SchDoc,3,U14,U14,,U14-4,4,TDUR_0,false,1,269.0,275.283,272.001,279.03,270.5,277.156,1,285.0,289.521,291.0,292.02,288.0,290.77
digital_1.SchDoc,3,U14,U14,,U14-5,5,DUR_0,false,1,269.0,275.283,272.001,279.03,270.5,277.156,1,263.0,289.521,269.0,292.02,266.0,290.77
digital_1.SchDoc,3,U14,U14,,U14-6,6,TPARM_7,false,1,269.0,275.283,272.001,279.03,270.5,277.156,1,285.0,292.76,291.0,294.01,288.0,293.385
digital_1.SchDoc,3,U14,U14,,U14-7,7,PARM_7,false,1,269.0,275.283,272.001,279.03,270.5,277.156,1,263.0,292.76,269.0,294.01,266.0,293.385
digital_1.SchDoc,3,U14,U14,,U14-8,8,GND,false,1,269.0,275.283,272.001,279.03,270.5,277.156,1,263.0,304.76,269.0,306.01,266.0,305.385
digital_1.SchDoc,3,U14,U14,,U14-9,9,PARM_6,false,1,269.0,275.283,272.001,279.03,270.5,277.156,1,263.0,294.521,269.0,297.02,266.0,295.77
digital_1.SchDoc,3,U14,U14,,U14-10,10,TPARM_6,false,1,269.0,275.283,272.001,279.03,270.5,277.156,1,285.0,294.521,291.0,297.02,288.0,295.77
digital_1.SchDoc,3,U14,U14,,U14-11,11,PARM_5,false,1,269.0,275.283,272.001,279.03,270.5,277.156,1,263.0,297.76,269.0,299.01,266.0,298.385
digital_1.SchDoc,3,U14,U14,,U14-12,12,TPARM_5,false,1,269.0,275.283,272.001,279.03,270.5,277.156,1,285.0,297.76,291.0,299.01,288.0,298.385
digital_1.SchDoc,3,U14,U14,,U14-13,13,5V,false,1,269.0,275.283,272.001,279.03,270.5,277.156,1,263.0,280.76,269.0,282.01,266.0,281.385
digital_1.SchDoc,3,U14,U14,,U14-14,14,PARM_4,false,1,269.0,275.283,272.001,279.03,270.5,277.156,1,263.0,299.76,269.0,301.01,266.0,300.385
digital_1.SchDoc,3,U14,U14,,U14-15,15,TPARM_4,false,1,269.0,275.283,272.001,279.03,270.5,277.156,1,285.0,299.76,291.0,301.01,288.0,300.385
digital_1.SchDoc,3,U14,U14,,U14-16,16,VDD,false,1,269.0,275.283,272.001,279.03,270.5,277.156,1,285.0,282.76,291.0,284.01,288.0,283.385
digital_1.SchDoc,3,U15,U15,,U15-1,1,5V,false,1,269.0,317.522,272.0,320.02,270.5,318.771,1,285.0,321.76,291.0,323.01,288.0,322.385
digital_1.SchDoc,3,U15,U15,,U15-2,2,TPARM_3,false,1,269.0,317.522,272.0,320.02,270.5,318.771,1,285.0,328.521,291.0,331.02,288.0,329.77
digital_1.SchDoc,3,U15,U15,,U15-3,3,PARM_3,false,1,269.0,317.522,272.0,320.02,270.5,318.771,1,263.0,328.521,269.0,331.02,266.0,329.77
digital_1.SchDoc,3,U15,U15,,U15-4,4,TPARM_2,false,1,269.0,317.522,272.0,320.02,270.5,318.771,1,285.0,331.76,291.0,333.01,288.0,332.385
digital_1.SchDoc,3,U15,U15,,U15-5,5,PARM_2,false,1,269.0,317.522,272.0,320.02,270.5,318.771,1,263.0,331.76,269.0,333.01,266.0,332.385
digital_1.SchDoc,3,U15,U15,,U15-6,6,TPARM_1,false,1,269.0,317.522,272.0,320.02,270.5,318.771,1,285.0,333.521,291.0,336.02,288.0,334.77
digital_1.SchDoc,3,U15,U15,,U15-7,7,PARM_1,false,1,269.0,317.522,272.0,320.02,270.5,318.771,1,263.0,333.521,269.0,336.02,266.0,334.77
digital_1.SchDoc,3,U15,U15,,U15-8,8,GND,false,1,269.0,317.522,272.0,320.02,270.5,318.771,1,263.0,345.521,269.0,348.02,266.0,346.77
digital_1.SchDoc,3,U15,U15,,U15-9,9,PARM_0,false,1,269.0,317.522,272.0,320.02,270.5,318.771,1,263.0,336.76,269.0,338.01,266.0,337.385
digital_1.SchDoc,3,U15,U15,,U15-10,10,TPARM_0,false,1,269.0,317.522,272.0,320.02,270.5,318.771,1,285.0,336.76,291.0,338.01,288.0,337.385
digital_1.SchDoc,3,U15,U15,,U15-11,11,NetU1_4,false,1,269.0,317.522,272.0,320.02,270.5,318.771,1,263.0,338.521,269.0,341.02,266.0,339.77
digital_1.SchDoc,3,U15,U15,,U15-12,12,T/PD_/RST,false,1,269.0,317.522,272.0,320.02,270.5,318.771,1,285.0,338.521,291.0,341.02,288.0,339.77
digital_1.SchDoc,3,U15,U15,,U15-13,13,5V,false,1,269.0,317.522,272.0,320.02,270.5,318.771,1,263.0,321.76,269.0,323.01,266.0,322.385
digital_1.SchDoc,3,U15,U15,,U15-14,14,WR,false,1,269.0,317.522,272.0,320.02,270.5,318.771,1,263.0,340.521,269.0,343.02,266.0,341.77
digital_1.SchDoc,3,U15,U15,,U15-15,15,TWR,false,1,269.0,317.522,272.0,320.02,270.5,318.771,1,285.0,340.521,291.0,343.02,288.0,341.77
digital_1.SchDoc,3,U15,U15,,U15-16,16,VDD,false,1,269.0,317.522,272.0,320.02,270.5,318.771,1,285.0,323.521,291.0,326.02,288.0,324.77
digital_1.SchDoc,3,U16,U16,,U16-1,1,GND,false,1,269.0,93.522,272.0,96.02,270.5,94.771,1,263.0,97.76,269.0,99.01,266.0,98.385
digital_1.SchDoc,3,U16,U16,,U16-2,2,INF3,false,1,269.0,93.522,272.0,96.02,270.5,94.771,1,282.0,104.521,288.0,107.02,285.0,105.77
digital_1.SchDoc,3,U16,U16,,U16-3,3,TLAT_D0,false,1,269.0,93.522,272.0,96.02,270.5,94.771,1,263.0,104.521,269.0,107.02,266.0,105.77
digital_1.SchDoc,3,U16,U16,,U16-4,4,TLAT_D1,false,1,269.0,93.522,272.0,96.02,270.5,94.771,1,263.0,106.521,269.0,109.02,266.0,107.77
digital_1.SchDoc,3,U16,U16,,U16-5,5,INF4,false,1,269.0,93.522,272.0,96.02,270.5,94.771,1,282.0,106.521,288.0,109.02,285.0,107.77
digital_1.SchDoc,3,U16,U16,,U16-6,6,INF5,false,1,269.0,93.522,272.0,96.02,270.5,94.771,1,282.0,109.76,288.0,111.01,285.0,110.385
digital_1.SchDoc,3,U16,U16,,U16-7,7,TLAT_D2,false,1,269.0,93.522,272.0,96.02,270.5,94.771,1,263.0,109.76,269.0,111.01,266.0,110.385
digital_1.SchDoc,3,U16,U16,,U16-8,8,TLAT_D3,false,1,269.0,93.522,272.0,96.02,270.5,94.771,1,263.0,111.521,269.0,114.02,266.0,112.77
digital_1.SchDoc,3,U16,U16,,U16-9,9,INF6,false,1,269.0,93.522,272.0,96.02,270.5,94.771,1,282.0,111.521,288.0,114.02,285.0,112.77
digital_1.SchDoc,3,U16,U16,,U16-10,10,GND,false,1,269.0,93.522,272.0,96.02,270.5,94.771,1,263.0,126.76,269.0,128.01,266.0,127.385
digital_1.SchDoc,3,U16,U16,,U16-11,11,/WR_1,false,1,269.0,93.522,272.0,96.02,270.5,94.771,1,263.0,99.521,269.0,102.02,266.0,100.77
digital_1.SchDoc,3,U16,U16,,U16-12,12,INF7,false,1,269.0,93.522,272.0,96.02,270.5,94.771,1,282.0,114.76,288.0,116.01,285.0,115.385
digital_1.SchDoc,3,U16,U16,,U16-13,13,TLAT_D4,false,1,269.0,93.522,272.0,96.02,270.5,94.771,1,263.0,114.76,269.0,116.01,266.0,115.385
digital_1.SchDoc,3,U16,U16,,U16-14,14,TLAT_D5,false,1,269.0,93.522,272.0,96.02,270.5,94.771,1,263.0,116.521,269.0,119.02,266.0,117.77
digital_1.SchDoc,3,U16,U16,,U16-15,15,INF8,false,1,269.0,93.522,272.0,96.02,270.5,94.771,1,282.0,116.521,288.0,119.02,285.0,117.77
digital_1.SchDoc,3,U16,U16,,U16-16,16,INF9,false,1,269.0,93.522,272.0,96.02,270.5,94.771,1,282.0,119.76,288.0,121.01,285.0,120.385
digital_1.SchDoc,3,U16,U16,,U16-17,17,TLAT_D6,false,1,269.0,93.522,272.0,96.02,270.5,94.771,1,263.0,119.76,269.0,121.01,266.0,120.385
digital_1.SchDoc,3,U16,U16,,U16-18,18,TLAT_D7,false,1,269.0,93.522,272.0,96.02,270.5,94.771,1,263.0,121.521,269.0,124.02,266.0,122.77
digital_1.SchDoc,3,U16,U16,,U16-19,19,INF10,false,1,269.0,93.522,272.0,96.02,270.5,94.771,1,282.0,121.521,288.0,124.02,285.0,122.77
digital_1.SchDoc,3,U16,U16,,U16-20,20,VDD,false,1,269.0,93.522,272.0,96.02,270.5,94.771,1,282.0,97.76,288.0,99.01,285.0,98.385
digital_1.SchDoc,3,U17,U17,,U17-1,1,GND,false,1,269.0,136.283,272.001,140.03,270.5,138.156,1,263.0,141.76,269.0,143.01,266.0,142.385
digital_1.SchDoc,3,U17,U17,,U17-2,2,INF0,false,1,269.0,136.283,272.001,140.03,270.5,138.156,1,282.0,148.76,288.0,150.01,285.0,149.385
digital_1.SchDoc,3,U17,U17,,U17-3,3,TLAT_D0,false,1,269.0,136.283,272.001,140.03,270.5,138.156,1,263.0,148.76,269.0,150.01,266.0,149.385
digital_1.SchDoc,3,U17,U17,,U17-4,4,TLAT_D1,false,1,269.0,136.283,272.001,140.03,270.5,138.156,1,263.0,150.521,269.0,153.02,266.0,151.77
digital_1.SchDoc,3,U17,U17,,U17-5,5,INF1,false,1,269.0,136.283,272.001,140.03,270.5,138.156,1,282.0,150.521,288.0,153.02,285.0,151.77
digital_1.SchDoc,3,U17,U17,,U17-6,6,INF2,false,1,269.0,136.283,272.001,140.03,270.5,138.156,1,282.0,153.76,288.0,155.01,285.0,154.385
digital_1.SchDoc,3,U17,U17,,U17-7,7,TLAT_D2,false,1,269.0,136.283,272.001,140.03,270.5,138.156,1,263.0,153.76,269.0,155.01,266.0,154.385
digital_1.SchDoc,3,U17,U17,,U17-8,8,TLAT_D3,false,1,269.0,136.283,272.001,140.03,270.5,138.156,1,263.0,155.521,269.0,158.02,266.0,156.77
digital_1.SchDoc,3,U17,U17,,U17-9,9,INF11,false,1,269.0,136.283,272.001,140.03,270.5,138.156,1,282.0,155.521,288.0,158.02,285.0,156.77
digital_1.SchDoc,3,U17,U17,,U17-10,10,GND,false,1,269.0,136.283,272.001,140.03,270.5,138.156,1,263.0,170.76,269.0,172.01,266.0,171.385
digital_1.SchDoc,3,U17,U17,,U17-11,11,/WR_2,false,1,269.0,136.283,272.001,140.03,270.5,138.156,1,263.0,143.76,269.0,145.01,266.0,144.385
digital_1.SchDoc,3,U17,U17,,U17-12,12,RATE0,false,1,269.0,136.283,272.001,140.03,270.5,138.156,1,282.0,158.76,288.0,160.01,285.0,159.385
digital_1.SchDoc,3,U17,U17,,U17-13,13,TLAT_D4,false,1,269.0,136.283,272.001,140.03,270.5,138.156,1,263.0,158.76,269.0,160.01,266.0,159.385
digital_1.SchDoc,3,U17,U17,,U17-14,14,TLAT_D5,false,1,269.0,136.283,272.001,140.03,270.5,138.156,1,263.0,160.76,269.0,162.01,266.0,161.385
digital_1.SchDoc,3,U17,U17,,U17-15,15,RATE1,false,1,269.0,136.283,272.001,140.03,270.5,138.156,1,282.0,160.76,288.0,162.01,285.0,161.385
digital_1.SchDoc,3,U17,U17,,U17-16,16,RATE2,false,1,269.0,136.283,272.001,140.03,270.5,138.156,1,282.0,163.76,288.0,165.01,285.0,164.385
digital_1.SchDoc,3,U17,U17,,U17-17,17,TLAT_D6,false,1,269.0,136.283,272.001,140.03,270.5,138.156,1,263.0,163.76,269.0,165.01,266.0,164.385
digital_1.SchDoc,3,U17,U17,,U17-18,18,TLAT_D7,false,1,269.0,136.283,272.001,140.03,270.5,138.156,1,263.0,165.76,269.0,167.01,266.0,166.385
digital_1.SchDoc,3,U17,U17,,U17-19,19,RATE3,false,1,269.0,136.283,272.001,140.03,270.5,138.156,1,282.0,165.76,288.0,167.01,285.0,166.385
digital_1.SchDoc,3,U17,U17,,U17-20,20,VDD,false,1,269.0,136.283,272.001,140.03,270.5,138.156,1,282.0,141.76,288.0,143.01,285.0,142.385
digital_1.SchDoc,3,U18,U18,,U18-1,1,GND,false,1,269.0,224.283,272.001,228.03,270.5,226.156,1,263.0,228.521,269.0,231.02,266.0,229.77
digital_1.SchDoc,3,U18,U18,,U18-2,2,FILT0,false,1,269.0,224.283,272.001,228.03,270.5,226.156,1,282.0,236.76,288.0,238.01,285.0,237.385
digital_1.SchDoc,3,U18,U18,,U18-3,3,TLAT_D0,false,1,269.0,224.283,272.001,228.03,270.5,226.156,1,263.0,236.76,269.0,238.01,266.0,237.385
digital_1.SchDoc,3,U18,U18,,U18-4,4,TLAT_D1,false,1,269.0,224.283,272.001,228.03,270.5,226.156,1,263.0,238.521,269.0,241.02,266.0,239.77
digital_1.SchDoc,3,U18,U18,,U18-5,5,FILT1,false,1,269.0,224.283,272.001,228.03,270.5,226.156,1,282.0,238.521,288.0,241.02,285.0,239.77
digital_1.SchDoc,3,U18,U18,,U18-6,6,FILT2,false,1,269.0,224.283,272.001,228.03,270.5,226.156,1,282.0,241.76,288.0,243.01,285.0,242.385
digital_1.SchDoc,3,U18,U18,,U18-7,7,TLAT_D2,false,1,269.0,224.283,272.001,228.03,270.5,226.156,1,263.0,241.76,269.0,243.01,266.0,242.385
digital_1.SchDoc,3,U18,U18,,U18-8,8,TLAT_D3,false,1,269.0,224.283,272.001,228.03,270.5,226.156,1,263.0,243.76,269.0,245.01,266.0,244.385
digital_1.SchDoc,3,U18,U18,,U18-9,9,FILT3,false,1,269.0,224.283,272.001,228.03,270.5,226.156,1,282.0,243.76,288.0,245.01,285.0,244.385
digital_1.SchDoc,3,U18,U18,,U18-10,10,GND,false,1,269.0,224.283,272.001,228.03,270.5,226.156,1,263.0,258.76,269.0,260.01,266.0,259.385
digital_1.SchDoc,3,U18,U18,,U18-11,11,NetU18_11,false,1,269.0,224.283,272.001,228.03,270.5,226.156,1,263.0,231.76,269.0,233.01,266.0,232.385
digital_1.SchDoc,3,U18,U18,,U18-12,12,FILT4,false,1,269.0,224.283,272.001,228.03,270.5,226.156,1,282.0,245.521,288.0,248.02,285.0,246.77
digital_1.SchDoc,3,U18,U18,,U18-13,13,TLAT_D4,false,1,269.0,224.283,272.001,228.03,270.5,226.156,1,263.0,245.521,269.0,248.02,266.0,246.77
digital_1.SchDoc,3,U18,U18,,U18-14,14,TLAT_D5,false,1,269.0,224.283,272.001,228.03,270.5,226.156,1,263.0,248.76,269.0,250.01,266.0,249.385
digital_1.SchDoc,3,U18,U18,,U18-15,15,FILT5,false,1,269.0,224.283,272.001,228.03,270.5,226.156,1,282.0,248.76,288.0,250.01,285.0,249.385
digital_1.SchDoc,3,U18,U18,,U18-16,16,FILT6,false,1,269.0,224.283,272.001,228.03,270.5,226.156,1,282.0,250.521,288.0,253.02,285.0,251.77
digital_1.SchDoc,3,U18,U18,,U18-17,17,TLAT_D6,false,1,269.0,224.283,272.001,228.03,270.5,226.156,1,263.0,250.521,269.0,253.02,266.0,251.77
digital_1.SchDoc,3,U18,U18,,U18-18,18,TLAT_D7,false,1,269.0,224.283,272.001,228.03,270.5,226.156,1,263.0,253.76,269.0,255.01,266.0,254.385
digital_1.SchDoc,3,U18,U18,,U18-19,19,FILT7,false,1,269.0,224.283,272.001,228.03,270.5,226.156,1,282.0,253.76,288.0,255.01,285.0,254.385
digital_1.SchDoc,3,U18,U18,,U18-20,20,VDD,false,1,269.0,224.283,272.001,228.03,270.5,226.156,1,282.0,228.521,288.0,231.02,285.0,229.77
digital_1.SchDoc,3,U19,U19,,U19-1,1,T/PD_/RST,false,1,117.0,102.282,121.001,106.03,119.001,104.156,1,112.0,106.521,118.0,109.02,115.0,107.77
digital_1.SchDoc,3,U19,U19,,U19-2,2,NetU19_2,false,1,117.0,102.282,121.001,106.03,119.001,104.156,1,131.0,114.76,137.0,116.01,134.0,115.385
digital_1.SchDoc,3,U19,U19,,U19-3,3,NetU19_3,false,1,117.0,102.282,121.001,106.03,119.001,104.156,1,131.0,116.521,137.0,119.02,134.0,117.77
digital_1.SchDoc,3,U19,U19,,U19-4,4,NetU19_4,false,1,117.0,102.282,121.001,106.03,119.001,104.156,1,112.0,114.76,118.0,116.01,115.0,115.385
digital_1.SchDoc,3,U19,U19,,U19-5,5,NetU19_2,false,1,117.0,102.282,121.001,106.03,119.001,104.156,1,112.0,119.76,118.0,121.01,115.0,120.385
digital_1.SchDoc,3,U19,U19,,U19-6,6,NetU19_6,false,1,117.0,102.282,121.001,106.03,119.001,104.156,1,131.0,121.521,137.0,124.02,134.0,122.77
digital_1.SchDoc,3,U19,U19,,U19-7,7,NetU19_7,false,1,117.0,102.282,121.001,106.03,119.001,104.156,1,131.0,119.76,137.0,121.01,134.0,120.385
digital_1.SchDoc,3,U19,U19,,U19-8,8,GND,false,1,117.0,102.282,121.001,106.03,119.001,104.156,1,112.0,133.521,118.0,136.02,115.0,134.77
digital_1.SchDoc,3,U19,U19,,U19-9,9,/FASTCLK,false,1,117.0,102.282,121.001,106.03,119.001,104.156,1,112.0,109.76,118.0,111.01,115.0,110.385
digital_1.SchDoc,3,U19,U19,,U19-10,10,NetU19_10,false,1,117.0,102.282,121.001,106.03,119.001,104.156,1,131.0,124.76,137.0,126.01,134.0,125.385
digital_1.SchDoc,3,U19,U19,,U19-11,11,NetU19_11,false,1,117.0,102.282,121.001,106.03,119.001,104.156,1,131.0,126.76,137.0,128.01,134.0,127.385
digital_1.SchDoc,3,U19,U19,,U19-12,12,NetU19_12,false,1,117.0,102.282,121.001,106.03,119.001,104.156,1,112.0,124.76,118.0,126.01,115.0,125.385
digital_1.SchDoc,3,U19,U19,,U19-13,13,NetU19_13,false,1,117.0,102.282,121.001,106.03,119.001,104.156,1,112.0,128.521,118.0,131.02,115.0,129.77
digital_1.SchDoc,3,U19,U19,,U19-14,14,NetU19_14,false,1,117.0,102.282,121.001,106.03,119.001,104.156,1,131.0,131.76,137.0,133.01,134.0,132.385
digital_1.SchDoc,3,U19,U19,,U19-15,15,NetU19_15,false,1,117.0,102.282,121.001,106.03,119.001,104.156,1,131.0,128.521,137.0,131.02,134.0,129.77
digital_1.SchDoc,3,U19,U19,,U19-16,16,VDD,false,1,117.0,102.282,121.001,106.03,119.001,104.156,1,131.0,106.521,137.0,109.02,134.0,107.77
digital_1.SchDoc,3,,U20,,U20-7,7,GND,true,0,,,,,,,1,73.0,128.521,79.0,131.02,76.0,129.77
digital_1.SchDoc,3,,U20,,U20-14,14,VDD,true,0,,,,,,,1,53.0,128.521,59.0,131.02,56.0,129.77
digital_1.SchDoc,3,U20A,U20,A,U20-1,1,NetU19_4,false,1,79.0,110.521,84.0,113.02,81.5,111.77,1,73.0,114.76,79.0,116.01,76.0,115.385
digital_1.SchDoc,3,U20A,U20,A,U20-2,2,NetU20_2,false,1,79.0,110.521,84.0,113.02,81.5,111.77,1,73.0,124.76,79.0,126.01,76.0,125.385
digital_1.SchDoc,3,U20A,U20,A,U20-3,3,TWR,false,1,79.0,110.521,84.0,113.02,81.5,111.77,1,53.0,119.76,59.0,121.01,56.0,120.385
digital_1.SchDoc,3,U20A,U20,A,U20-4,4,NetU20_4,false,1,79.0,110.521,84.0,113.02,81.5,111.77,1,65.0,125.566,67.001,133.06,66.001,129.313
digital_1.SchDoc,3,U20A,U20,A,U20-5,5,VDD,false,1,79.0,110.521,84.0,113.02,81.5,111.77,1,53.0,114.76,59.0,116.01,56.0,115.385
digital_1.SchDoc,3,U20A,U20,A,U20-6,6,GND,false,1,79.0,110.521,84.0,113.02,81.5,111.77,1,65.0,106.805,67.001,113.05,66.001,109.928
digital_1.SchDoc,3,,U21,,U21-7,7,GND,true,0,,,,,,,1,490.0,116.521,496.0,119.02,493.0,117.77
digital_1.SchDoc,3,,U21,,U21-14,14,VDD,true,0,,,,,,,1,470.0,116.521,476.0,119.02,473.0,117.77
digital_1.SchDoc,3,U21A,U21,A,U21-1,1,RATECLK,false,1,496.0,97.282,501.001,101.03,498.5,99.156,1,490.0,102.76,496.0,104.01,493.0,103.385
digital_1.SchDoc,3,U21A,U21,A,U21-2,2,NetU21_2,false,1,496.0,97.282,501.001,101.03,498.5,99.156,1,490.0,111.521,496.0,114.02,493.0,112.77
digital_1.SchDoc,3,U21A,U21,A,U21-3,3,NetU21_3,false,1,496.0,97.282,501.001,101.03,498.5,99.156,1,470.0,106.521,476.0,109.02,473.0,107.77
digital_1.SchDoc,3,U21A,U21,A,U21-4,4,GND,false,1,496.0,97.282,501.001,101.03,498.5,99.156,1,482.0,113.566,484.001,121.06,483.0,117.313
digital_1.SchDoc,3,U21A,U21,A,U21-5,5,NetU21_2,false,1,496.0,97.282,501.001,101.03,498.5,99.156,1,470.0,102.76,476.0,104.01,473.0,103.385
digital_1.SchDoc,3,U21A,U21,A,U21-6,6,GND,false,1,496.0,97.282,501.001,101.03,498.5,99.156,1,482.0,93.566,484.001,101.06,483.0,97.313
digital_1.SchDoc,3,,U24,,U24-7,7,GND,true,0,,,,,,,1,166.0,121.521,171.0,124.02,168.5,122.77
digital_1.SchDoc,3,,U24,,U24-14,14,VDD,true,0,,,,,,,1,151.0,124.76,157.0,126.01,154.0,125.385
digital_1.SchDoc,3,U24A,U24,A,U24-1,1,NetU19_2,false,1,156.0,111.521,161.0,114.02,158.5,112.77,1,151.0,114.76,157.0,116.01,154.0,115.385
digital_1.SchDoc,3,U24A,U24,A,U24-2,2,NetU19_6,false,1,156.0,111.521,161.0,114.02,158.5,112.77,1,151.0,119.76,157.0,121.01,154.0,120.385
digital_1.SchDoc,3,U24A,U24,A,U24-3,3,NetU20_4,false,1,156.0,111.521,161.0,114.02,158.5,112.77,1,166.0,116.521,171.0,119.02,168.5,117.77
digital_1.SchDoc,3,,U26,,U26-7,7,GND,true,0,,,,,,,1,563.0,104.521,569.0,107.02,566.0,105.77
digital_1.SchDoc,3,,U26,,U26-14,14,VDD,true,0,,,,,,,1,548.0,106.521,554.0,109.02,551.0,107.77
digital_1.SchDoc,3,U26D,U26,D,U26-11,11,NetU26_11,false,1,553.0,94.521,559.0,97.02,556.0,95.77,1,563.0,99.521,569.0,102.02,566.0,100.77
digital_1.SchDoc,3,U26D,U26,D,U26-12,12,DUR_0_LAT,false,1,553.0,94.521,559.0,97.02,556.0,95.77,1,548.0,97.76,554.0,99.01,551.0,98.385
digital_1.SchDoc,3,U26D,U26,D,U26-13,13,DUR_1_LAT,false,1,553.0,94.521,559.0,97.02,556.0,95.77,1,548.0,102.76,554.0,104.01,551.0,103.385
digital_1.SchDoc,3,U27,U27,,U27-1,1,VDD,false,1,405.0,85.282,409.0,89.03,407.0,87.156,1,400.0,89.521,405.0,92.02,402.5,90.77
digital_1.SchDoc,3,U27,U27,,U27-2,2,SEL1,false,1,405.0,85.282,409.0,89.03,407.0,87.156,1,400.0,99.521,405.0,102.02,402.5,100.77
digital_1.SchDoc,3,U27,U27,,U27-3,3,RATE0,false,1,405.0,85.282,409.0,89.03,407.0,87.156,1,400.0,104.521,405.0,107.02,402.5,105.77
digital_1.SchDoc,3,U27,U27,,U27-4,4,RATE1,false,1,405.0,85.282,409.0,89.03,407.0,87.156,1,400.0,106.521,405.0,109.02,402.5,107.77
digital_1.SchDoc,3,U27,U27,,U27-5,5,RATE2,false,1,405.0,85.282,409.0,89.03,407.0,87.156,1,400.0,109.76,405.0,111.01,402.5,110.385
digital_1.SchDoc,3,U27,U27,,U27-6,6,RATE3,false,1,405.0,85.282,409.0,89.03,407.0,87.156,1,400.0,111.521,405.0,114.02,402.5,112.77
digital_1.SchDoc,3,U27,U27,,U27-7,7,VDD,false,1,405.0,85.282,409.0,89.03,407.0,87.156,1,400.0,97.76,405.0,99.01,402.5,98.385
digital_1.SchDoc,3,U27,U27,,U27-8,8,GND,false,1,405.0,85.282,409.0,89.03,407.0,87.156,1,400.0,116.521,405.0,119.02,402.5,117.77
digital_1.SchDoc,3,U27,U27,,U27-9,9,NetU27_9,false,1,405.0,85.282,409.0,89.03,407.0,87.156,1,400.0,92.76,405.0,94.01,402.5,93.385
digital_1.SchDoc,3,U27,U27,,U27-10,10,NetU27_10,false,1,405.0,85.282,409.0,89.03,407.0,87.156,1,400.0,94.521,405.0,97.02,402.5,95.77
digital_1.SchDoc,3,U27,U27,,U27-11,11,NetU27_11,false,1,405.0,85.282,409.0,89.03,407.0,87.156,1,421.0,111.521,427.0,114.02,424.0,112.77
digital_1.SchDoc,3,U27,U27,,U27-12,12,NetU27_12,false,1,405.0,85.282,409.0,89.03,407.0,87.156,1,421.0,109.76,427.0,111.01,424.0,110.385
digital_1.SchDoc,3,U27,U27,,U27-13,13,NetU27_13,false,1,405.0,85.282,409.0,89.03,407.0,87.156,1,421.0,106.521,427.0,109.02,424.0,107.77
digital_1.SchDoc,3,U27,U27,,U27-14,14,NetU27_14,false,1,405.0,85.282,409.0,89.03,407.0,87.156,1,421.0,104.521,427.0,107.02,424.0,105.77
digital_1.SchDoc,3,U27,U27,,U27-15,15,NetU21_3,false,1,405.0,85.282,409.0,89.03,407.0,87.156,1,421.0,94.521,427.0,97.02,424.0,95.77
digital_1.SchDoc,3,U27,U27,,U27-16,16,VDD,false,1,405.0,85.282,409.0,89.03,407.0,87.156,1,421.0,89.521,427.0,92.02,424.0,90.77
digital_1.SchDoc,3,,U30,,U30-7,7,GND,true,0,,,,,,,1,387.0,99.521,393.0,102.02,390.0,100.77
digital_1.SchDoc,3,,U30,,U30-14,14,VDD,true,0,,,,,,,1,375.0,102.76,381.0,104.01,378.0,103.385
digital_1.SchDoc,3,U30A,U30,A,U30-1,1,SEL1,false,1,380.0,89.521,386.0,92.02,383.0,90.77,1,375.0,94.521,381.0,97.02,378.0,95.77
digital_1.SchDoc,3,U30A,U30,A,U30-2,2,NetU27_10,false,1,380.0,89.521,386.0,92.02,383.0,90.77,1,387.0,94.521,393.0,97.02,390.0,95.77
digital_1.SchDoc,3,U30B,U30,B,U30-3,3,NetU21_3,false,1,380.0,89.521,386.0,92.02,383.0,90.77,1,439.0,94.521,444.0,97.02,441.5,95.77
digital_1.SchDoc,3,U30B,U30,B,U30-4,4,NetU27_9,false,1,380.0,89.521,386.0,92.02,383.0,90.77,1,451.0,94.521,457.0,97.02,454.0,95.77
digital_1.SchDoc,3,,U40,,U40-7,7,GND,true,0,,,,,,,1,343.0,479.805,345.001,486.05,344.0,482.928
digital_1.SchDoc,3,,U40,,U40-14,14,VDD,true,0,,,,,,,1,341.0,466.566,342.001,474.06,341.5,470.313
digital_1.SchDoc,3,U40A,U40,A,U40-1,1,NetP1_2,false,1,353.0,473.521,358.0,476.02,355.5,474.77,1,348.0,466.566,350.001,474.06,349.0,470.313
digital_1.SchDoc,3,U40A,U40,A,U40-2,2,NetU40_2,false,1,353.0,473.521,358.0,476.02,355.5,474.77,1,348.0,479.805,350.001,486.05,349.0,482.928
digital_1.SchDoc,3,U40B,U40,B,U40-3,3,FASTCLK,false,1,353.0,473.521,358.0,476.02,355.5,474.77,1,409.0,477.76,415.0,479.01,412.0,478.385
digital_1.SchDoc,3,U40B,U40,B,U40-4,4,/FASTCLK,false,1,353.0,473.521,358.0,476.02,355.5,474.77,1,421.0,477.76,427.0,479.01,424.0,478.385
digital_1.SchDoc,3,U40C,U40,C,U40-5,5,NetC5_2,false,1,353.0,473.521,358.0,476.02,355.5,474.77,1,443.0,353.76,449.0,355.01,446.0,354.385
digital_1.SchDoc,3,U40C,U40,C,U40-6,6,NetU40_6,false,1,353.0,473.521,358.0,476.02,355.5,474.77,1,456.0,353.76,461.0,355.01,458.5,354.385
digital_1.SchDoc,3,U40D,U40,D,U40-8,8,NetR6_2,false,1,353.0,473.521,358.0,476.02,355.5,474.77,1,178.0,462.521,184.0,465.02,181.0,463.77
digital_1.SchDoc,3,U40D,U40,D,U40-9,9,NetC3_2,false,1,353.0,473.521,358.0,476.02,355.5,474.77,1,166.0,462.521,171.0,465.02,168.5,463.77
digital_1.SchDoc,3,U40E,U40,E,U40-10,10,NetU40_10,false,1,353.0,473.521,358.0,476.02,355.5,474.77,1,451.0,150.521,457.0,153.02,454.0,151.77
digital_1.SchDoc,3,U40E,U40,E,U40-11,11,NetU40_11,false,1,353.0,473.521,358.0,476.02,355.5,474.77,1,439.0,150.521,444.0,153.02,441.5,151.77
digital_1.SchDoc,3,U40F,U40,F,U40-12,12,NetU40_12,false,1,353.0,473.521,358.0,476.02,355.5,474.77,1,387.0,150.521,393.0,153.02,390.0,151.77
digital_1.SchDoc,3,U40F,U40,F,U40-13,13,RATECLK,false,1,353.0,473.521,358.0,476.02,355.5,474.77,1,375.0,150.521,381.0,153.02,378.0,151.77
digital_1.SchDoc,3,,U41,,U41-7,7,GND,true,0,,,,,,,1,370.0,496.521,376.0,499.02,373.0,497.77
digital_1.SchDoc,3,,U41,,U41-14,14,VDD,true,0,,,,,,,1,356.0,499.76,362.0,501.01,359.0,500.385
digital_1.SchDoc,3,U41A,U41,A,U41-1,1,NetU40_2,false,1,361.0,486.282,366.001,490.03,363.5,488.156,1,356.0,489.521,362.0,492.02,359.0,490.77
digital_1.SchDoc,3,U41A,U41,A,U41-2,2,NetP4_2,false,1,361.0,486.282,366.001,490.03,363.5,488.156,1,356.0,494.521,362.0,497.02,359.0,495.77
digital_1.SchDoc,3,U41A,U41,A,U41-3,3,NetU41_3,false,1,361.0,486.282,366.001,490.03,363.5,488.156,1,370.0,492.76,376.0,494.01,373.0,493.385
digital_1.SchDoc,3,U41B,U41,B,U41-4,4,NetU41_4,false,1,361.0,486.282,366.001,490.03,363.5,488.156,1,370.0,462.521,376.0,465.02,373.0,463.77
digital_1.SchDoc,3,U41B,U41,B,U41-5,5,NetP1_2,false,1,361.0,486.282,366.001,490.03,363.5,488.156,1,356.0,465.76,362.0,467.01,359.0,466.385
digital_1.SchDoc,3,U41B,U41,B,U41-6,6,NetU41_6,false,1,361.0,486.282,366.001,490.03,363.5,488.156,1,356.0,460.76,362.0,462.01,359.0,461.385
digital_1.SchDoc,3,,U42,,U42-7,7,GND,true,0,,,,,,,1,397.0,472.521,403.0,475.02,400.0,473.77
digital_1.SchDoc,3,,U42,,U42-14,14,VDD,true,0,,,,,,,1,383.0,470.76,388.0,472.01,385.5,471.385
digital_1.SchDoc,3,U42A,U42,A,U42-1,1,NetU41_3,false,1,385.0,471.521,391.0,474.02,388.0,472.77,1,383.0,479.521,388.0,482.02,385.5,480.77
digital_1.SchDoc,3,U42A,U42,A,U42-2,2,NetU41_4,false,1,385.0,471.521,391.0,474.02,388.0,472.77,1,383.0,475.76,388.0,477.01,385.5,476.385
digital_1.SchDoc,3,U42A,U42,A,U42-3,3,FASTCLK,false,1,385.0,471.521,391.0,474.02,388.0,472.77,1,397.0,477.76,403.0,479.01,400.0,478.385
digital_1.SchDoc,3,U42B,U42,B,U42-4,4,NetU42_4,false,1,385.0,471.521,391.0,474.02,388.0,472.77,1,641.0,418.521,647.0,421.02,644.0,419.77
digital_1.SchDoc,3,U42B,U42,B,U42-5,5,NetU42_5,false,1,385.0,471.521,391.0,474.02,388.0,472.77,1,626.0,416.521,632.0,419.02,629.0,417.77
digital_1.SchDoc,3,U42B,U42,B,U42-6,6,NetU42_6,false,1,385.0,471.521,391.0,474.02,388.0,472.77,1,626.0,421.76,632.0,423.01,629.0,422.385
digital_1.SchDoc,3,,U43,,U43-7,7,GND,true,0,,,,,,,1,322.0,475.76,327.0,477.01,324.5,476.385
digital_1.SchDoc,3,,U43,,U43-14,14,VDD,true,0,,,,,,,1,302.0,475.76,308.0,477.01,305.0,476.385
digital_1.SchDoc,3,U43A,U43,A,U43-1,1,NetU41_6,false,1,327.0,456.521,333.0,459.02,330.0,457.77,1,322.0,460.76,327.0,462.01,324.5,461.385
digital_1.SchDoc,3,U43A,U43,A,U43-2,2,NetU43_2,false,1,327.0,456.521,333.0,459.02,330.0,457.77,1,322.0,470.76,327.0,472.01,324.5,471.385
digital_1.SchDoc,3,U43A,U43,A,U43-3,3,NetP4_2,false,1,327.0,456.521,333.0,459.02,330.0,457.77,1,302.0,465.76,308.0,467.01,305.0,466.385
digital_1.SchDoc,3,U43A,U43,A,U43-4,4,GND,false,1,327.0,456.521,333.0,459.02,330.0,457.77,1,314.0,471.566,316.001,479.06,315.0,475.313
digital_1.SchDoc,3,U43A,U43,A,U43-5,5,NetU43_2,false,1,327.0,456.521,333.0,459.02,330.0,457.77,1,302.0,460.76,308.0,462.01,305.0,461.385
digital_1.SchDoc,3,U43A,U43,A,U43-6,6,GND,false,1,327.0,456.521,333.0,459.02,330.0,457.77,1,314.0,452.566,316.001,460.06,315.0,456.313
digital_1.SchDoc,3,U43B,U43,B,U43-8,8,GND,false,1,327.0,456.521,333.0,459.02,330.0,457.77,1,494.0,340.805,496.001,347.05,495.0,343.928
digital_1.SchDoc,3,U43B,U43,B,U43-9,9,NetU43_9,false,1,327.0,456.521,333.0,459.02,330.0,457.77,1,482.0,348.76,488.0,350.01,485.0,349.385
digital_1.SchDoc,3,U43B,U43,B,U43-10,10,GND,false,1,327.0,456.521,333.0,459.02,330.0,457.77,1,494.0,359.566,496.001,367.06,495.0,363.313
digital_1.SchDoc,3,U43B,U43,B,U43-11,11,NetU40_6,false,1,327.0,456.521,333.0,459.02,330.0,457.77,1,482.0,353.76,488.0,355.01,485.0,354.385
digital_1.SchDoc,3,U43B,U43,B,U43-12,12,NetU43_9,false,1,327.0,456.521,333.0,459.02,330.0,457.77,1,502.0,358.76,508.0,360.01,505.0,359.385
digital_1.SchDoc,3,U43B,U43,B,U43-13,13,NetU43_13,false,1,327.0,456.521,333.0,459.02,330.0,457.77,1,502.0,348.76,508.0,350.01,505.0,349.385
digital_1.SchDoc,3,,U44,,U44-7,7,GND,true,0,,,,,,,1,461.0,487.76,466.0,489.01,463.5,488.385
digital_1.SchDoc,3,,U44,,U44-14,14,VDD,true,0,,,,,,,1,441.0,487.76,447.0,489.01,444.0,488.385
digital_1.SchDoc,3,U44A,U44,A,U44-1,1,NetU44_1,false,1,466.0,468.521,472.0,471.02,469.0,469.77,1,461.0,472.521,466.0,475.02,463.5,473.77
digital_1.SchDoc,3,U44A,U44,A,U44-2,2,NetU44_2,false,1,466.0,468.521,472.0,471.02,469.0,469.77,1,461.0,482.76,466.0,484.01,463.5,483.385
digital_1.SchDoc,3,U44A,U44,A,U44-3,3,/FASTCLK,false,1,466.0,468.521,472.0,471.02,469.0,469.77,1,441.0,477.76,447.0,479.01,444.0,478.385
digital_1.SchDoc,3,U44A,U44,A,U44-4,4,GND,false,1,466.0,468.521,472.0,471.02,469.0,469.77,1,453.0,483.566,455.001,491.06,454.0,487.313
digital_1.SchDoc,3,U44A,U44,A,U44-5,5,NetU44_2,false,1,466.0,468.521,472.0,471.02,469.0,469.77,1,441.0,472.521,447.0,475.02,444.0,473.77
digital_1.SchDoc,3,U44A,U44,A,U44-6,6,GND,false,1,466.0,468.521,472.0,471.02,469.0,469.77,1,453.0,464.566,455.001,472.06,454.0,468.313
digital_1.SchDoc,3,U44B,U44,B,U44-8,8,GND,false,1,466.0,468.521,472.0,471.02,469.0,469.77,1,502.0,459.566,503.001,467.06,502.5,463.313
digital_1.SchDoc,3,U44B,U44,B,U44-9,9,NetU44_9,false,1,466.0,468.521,472.0,471.02,469.0,469.77,1,490.0,467.521,496.0,470.02,493.0,468.77
digital_1.SchDoc,3,U44B,U44,B,U44-10,10,GND,false,1,466.0,468.521,472.0,471.02,469.0,469.77,1,502.0,479.805,503.001,486.05,502.5,482.928
digital_1.SchDoc,3,U44B,U44,B,U44-11,11,NetU44_1,false,1,466.0,468.521,472.0,471.02,469.0,469.77,1,490.0,472.521,496.0,475.02,493.0,473.77
digital_1.SchDoc,3,U44B,U44,B,U44-12,12,NetU44_9,false,1,466.0,468.521,472.0,471.02,469.0,469.77,1,509.0,477.76,515.0,479.01,512.0,478.385
digital_1.SchDoc,3,U44B,U44,B,U44-13,13,SLOWCLK,false,1,466.0,468.521,472.0,471.02,469.0,469.77,1,509.0,467.521,515.0,470.02,512.0,468.77
digital_1.SchDoc,3,U45,U45,,U45-1,1,NetU45_1,false,1,588.0,473.522,591.0,476.02,589.5,474.771,1,602.0,509.76,608.0,511.01,605.0,510.385
digital_1.SchDoc,3,U45,U45,,U45-2,2,NetU45_2,false,1,588.0,473.522,591.0,476.02,589.5,474.771,1,602.0,494.521,608.0,497.02,605.0,495.77
digital_1.SchDoc,3,U45,U45,,U45-3,3,SEL2,false,1,588.0,473.522,591.0,476.02,589.5,474.771,1,602.0,492.76,608.0,494.01,605.0,493.385
digital_1.SchDoc,3,U45,U45,,U45-4,4,NetU45_4,false,1,588.0,473.522,591.0,476.02,589.5,474.771,1,602.0,496.521,608.0,499.02,605.0,497.77
digital_1.SchDoc,3,U45,U45,,U45-5,5,SEL1,false,1,588.0,473.522,591.0,476.02,589.5,474.771,1,602.0,489.521,608.0,492.02,605.0,490.77
digital_1.SchDoc,3,U45,U45,,U45-6,6,SEL0,false,1,588.0,473.522,591.0,476.02,589.5,474.771,1,602.0,487.76,608.0,489.01,605.0,488.385
digital_1.SchDoc,3,U45,U45,,U45-7,7,NetU42_5,false,1,588.0,473.522,591.0,476.02,589.5,474.771,1,602.0,484.521,608.0,487.02,605.0,485.77
digital_1.SchDoc,3,U45,U45,,U45-8,8,GND,false,1,588.0,473.522,591.0,476.02,589.5,474.771,1,582.0,509.76,588.0,511.01,585.0,510.385
digital_1.SchDoc,3,U45,U45,,U45-9,9,NetU42_6,false,1,588.0,473.522,591.0,476.02,589.5,474.771,1,602.0,482.76,608.0,484.01,605.0,483.385
digital_1.SchDoc,3,U45,U45,,U45-10,10,SLOWCLK,false,1,588.0,473.522,591.0,476.02,589.5,474.771,1,582.0,484.521,588.0,487.02,585.0,485.77
digital_1.SchDoc,3,U45,U45,,U45-11,11,GND,false,1,588.0,473.522,591.0,476.02,589.5,474.771,1,582.0,477.76,588.0,479.01,585.0,478.385
digital_1.SchDoc,3,U45,U45,,U45-12,12,NetU45_12,false,1,588.0,473.522,591.0,476.02,589.5,474.771,1,602.0,501.521,608.0,504.02,605.0,502.77
digital_1.SchDoc,3,U45,U45,,U45-13,13,NetU45_13,false,1,588.0,473.522,591.0,476.02,589.5,474.771,1,602.0,499.76,608.0,501.01,605.0,500.385
digital_1.SchDoc,3,U45,U45,,U45-14,14,NetU45_14,false,1,588.0,473.522,591.0,476.02,589.5,474.771,1,602.0,504.76,608.0,506.01,605.0,505.385
digital_1.SchDoc,3,U45,U45,,U45-15,15,NetU45_15,false,1,588.0,473.522,591.0,476.02,589.5,474.771,1,602.0,506.521,608.0,509.02,605.0,507.77
digital_1.SchDoc,3,U45,U45,,U45-16,16,VDD,false,1,588.0,473.522,591.0,476.02,589.5,474.771,1,602.0,477.76,608.0,479.01,605.0,478.385
digital_1.SchDoc,3,,U46,,U46-7,7,GND,true,0,,,,,,,1,646.0,465.76,652.0,467.01,649.0,466.385
digital_1.SchDoc,3,,U46,,U46-14,14,VDD,true,0,,,,,,,1,631.0,467.521,637.0,470.02,634.0,468.77
digital_1.SchDoc,3,U46A,U46,A,U46-1,1,NetU42_6,false,1,636.0,454.282,642.001,458.03,639.0,456.156,1,631.0,458.76,637.0,460.01,634.0,459.385
digital_1.SchDoc,3,U46A,U46,A,U46-2,2,NetU42_6,false,1,636.0,454.282,642.001,458.03,639.0,456.156,1,631.0,462.521,637.0,465.02,634.0,463.77
digital_1.SchDoc,3,U46A,U46,A,U46-3,3,NetU46_3,false,1,636.0,454.282,642.001,458.03,639.0,456.156,1,646.0,460.76,652.0,462.01,649.0,461.385
digital_1.SchDoc,3,U46B,U46,B,U46-4,4,NetU46_4,false,1,636.0,454.282,642.001,458.03,639.0,456.156,1,665.0,436.76,671.0,438.01,668.0,437.385
digital_1.SchDoc,3,U46B,U46,B,U46-5,5,NetU46_3,false,1,636.0,454.282,642.001,458.03,639.0,456.156,1,651.0,438.76,657.0,440.01,654.0,439.385
digital_1.SchDoc,3,U46B,U46,B,U46-6,6,SLOWCLK,false,1,636.0,454.282,642.001,458.03,639.0,456.156,1,651.0,433.521,657.0,436.02,654.0,434.77
digital_1.SchDoc,3,U46C,U46,C,U46-8,8,NetU46_8,false,1,636.0,454.282,642.001,458.03,639.0,456.156,1,677.0,441.76,683.0,443.01,680.0,442.385
digital_1.SchDoc,3,U46C,U46,C,U46-9,9,NetU46_4,false,1,636.0,454.282,642.001,458.03,639.0,456.156,1,677.0,436.76,683.0,438.01,680.0,437.385
digital_1.SchDoc,3,U46C,U46,C,U46-10,10,NetU46_10,false,1,636.0,454.282,642.001,458.03,639.0,456.156,1,692.0,438.76,698.0,440.01,695.0,439.385
digital_1.SchDoc,3,U46D,U46,D,U46-11,11,NetU46_8,false,1,636.0,454.282,642.001,458.03,639.0,456.156,1,692.0,458.76,698.0,460.01,695.0,459.385
digital_1.SchDoc,3,U46D,U46,D,U46-12,12,NetU46_10,false,1,636.0,454.282,642.001,458.03,639.0,456.156,1,677.0,455.521,683.0,458.02,680.0,456.77
digital_1.SchDoc,3,U46D,U46,D,U46-13,13,NetU46_3,false,1,636.0,454.282,642.001,458.03,639.0,456.156,1,677.0,460.76,683.0,462.01,680.0,461.385
digital_1.SchDoc,3,,U47,,U47-7,7,GND,true,0,,,,,,,1,721.0,447.566,723.001,455.06,722.0,451.313
digital_1.SchDoc,3,,U47,,U47-14,14,VDD,true,0,,,,,,,1,724.0,462.805,725.001,469.05,724.5,465.928
digital_1.SchDoc,3,U47A,U47,A,U47-1,1,NetU42_5,false,1,722.0,453.521,727.0,456.02,724.5,454.77,1,714.0,462.805,715.001,469.05,714.5,465.928
digital_1.SchDoc,3,U47A,U47,A,U47-2,2,NetU42_5,false,1,722.0,453.521,727.0,456.02,724.5,454.77,1,719.0,462.805,720.001,469.05,719.5,465.928
digital_1.SchDoc,3,U47A,U47,A,U47-3,3,NetU47_3,false,1,722.0,453.521,727.0,456.02,724.5,454.77,1,716.0,447.566,718.001,455.06,717.0,451.313
digital_1.SchDoc,3,U47B,U47,B,U47-4,4,WRITE,false,1,722.0,453.521,727.0,456.02,724.5,454.77,1,734.0,479.521,739.0,482.02,736.5,480.77
digital_1.SchDoc,3,U47B,U47,B,U47-5,5,NetU42_5,false,1,722.0,453.521,727.0,456.02,724.5,454.77,1,719.0,477.76,725.0,479.01,722.0,478.385
digital_1.SchDoc,3,U47B,U47,B,U47-6,6,NetU46_8,false,1,722.0,453.521,727.0,456.02,724.5,454.77,1,719.0,482.76,725.0,484.01,722.0,483.385
digital_1.SchDoc,3,U47C,U47,C,U47-8,8,NetU47_3,false,1,722.0,453.521,727.0,456.02,724.5,454.77,1,719.0,443.76,725.0,445.01,722.0,444.385
digital_1.SchDoc,3,U47C,U47,C,U47-9,9,NetU46_8,false,1,722.0,453.521,727.0,456.02,724.5,454.77,1,719.0,438.76,725.0,440.01,722.0,439.385
digital_1.SchDoc,3,U47C,U47,C,U47-10,10,LATCH,false,1,722.0,453.521,727.0,456.02,724.5,454.77,1,734.0,441.76,739.0,443.01,736.5,442.385
digital_1.SchDoc,3,U47D,U47,D,U47-11,11,NetU47_11,false,1,722.0,453.521,727.0,456.02,724.5,454.77,1,548.0,441.76,554.0,443.01,551.0,442.385
digital_1.SchDoc,3,U47D,U47,D,U47-12,12,NetU44_2,false,1,722.0,453.521,727.0,456.02,724.5,454.77,1,534.0,438.76,539.0,440.01,536.5,439.385
digital_1.SchDoc,3,U47D,U47,D,U47-13,13,SLOWCLK,false,1,722.0,453.521,727.0,456.02,724.5,454.77,1,534.0,443.76,539.0,445.01,536.5,444.385
digital_1.SchDoc,3,U48,U48,,U48-1,1,VDD,false,1,405.0,290.521,409.0,293.02,407.0,291.77,1,400.0,294.521,405.0,297.02,402.5,295.77
digital_1.SchDoc,3,U48,U48,,U48-2,2,/FASTCLK,false,1,405.0,290.521,409.0,293.02,407.0,291.77,1,400.0,304.76,405.0,306.01,402.5,305.385
digital_1.SchDoc,3,U48,U48,,U48-3,3,FILT0,false,1,405.0,290.521,409.0,293.02,407.0,291.77,1,400.0,309.76,405.0,311.01,402.5,310.385
digital_1.SchDoc,3,U48,U48,,U48-4,4,FILT1,false,1,405.0,290.521,409.0,293.02,407.0,291.77,1,400.0,311.521,405.0,314.02,402.5,312.77
digital_1.SchDoc,3,U48,U48,,U48-5,5,FILT2,false,1,405.0,290.521,409.0,293.02,407.0,291.77,1,400.0,314.76,405.0,316.01,402.5,315.385
digital_1.SchDoc,3,U48,U48,,U48-6,6,FILT3,false,1,405.0,290.521,409.0,293.02,407.0,291.77,1,400.0,316.521,405.0,319.02,402.5,317.77
digital_1.SchDoc,3,U48,U48,,U48-7,7,VDD,false,1,405.0,290.521,409.0,293.02,407.0,291.77,1,400.0,302.76,405.0,304.01,402.5,303.385
digital_1.SchDoc,3,U48,U48,,U48-8,8,GND,false,1,405.0,290.521,409.0,293.02,407.0,291.77,1,400.0,321.76,405.0,323.01,402.5,322.385
digital_1.SchDoc,3,U48,U48,,U48-9,9,NetU40_6,false,1,405.0,290.521,409.0,293.02,407.0,291.77,1,400.0,297.76,405.0,299.01,402.5,298.385
digital_1.SchDoc,3,U48,U48,,U48-10,10,VDD,false,1,405.0,290.521,409.0,293.02,407.0,291.77,1,400.0,299.76,405.0,301.01,402.5,300.385
digital_1.SchDoc,3,U48,U48,,U48-11,11,NetU48_11,false,1,405.0,290.521,409.0,293.02,407.0,291.77,1,421.0,316.521,427.0,319.02,424.0,317.77
digital_1.SchDoc,3,U48,U48,,U48-12,12,NetU48_12,false,1,405.0,290.521,409.0,293.02,407.0,291.77,1,421.0,314.76,427.0,316.01,424.0,315.385
digital_1.SchDoc,3,U48,U48,,U48-13,13,NetU48_13,false,1,405.0,290.521,409.0,293.02,407.0,291.77,1,421.0,311.521,427.0,314.02,424.0,312.77
digital_1.SchDoc,3,U48,U48,,U48-14,14,NetU48_14,false,1,405.0,290.521,409.0,293.02,407.0,291.77,1,421.0,309.76,427.0,311.01,424.0,310.385
digital_1.SchDoc,3,U48,U48,,U48-15,15,NetU48_15,false,1,405.0,290.521,409.0,293.02,407.0,291.77,1,421.0,299.76,427.0,301.01,424.0,300.385
digital_1.SchDoc,3,U48,U48,,U48-16,16,VDD,false,1,405.0,290.521,409.0,293.02,407.0,291.77,1,421.0,294.521,427.0,297.02,424.0,295.77
digital_1.SchDoc,3,U49,U49,,U49-1,1,VDD,false,1,405.0,344.521,409.0,347.02,407.0,345.77,1,400.0,348.76,405.0,350.01,402.5,349.385
digital_1.SchDoc,3,U49,U49,,U49-2,2,/FASTCLK,false,1,405.0,344.521,409.0,347.02,407.0,345.77,1,400.0,358.76,405.0,360.01,402.5,359.385
digital_1.SchDoc,3,U49,U49,,U49-3,3,FILT4,false,1,405.0,344.521,409.0,347.02,407.0,345.77,1,400.0,362.521,405.0,365.02,402.5,363.77
digital_1.SchDoc,3,U49,U49,,U49-4,4,FILT5,false,1,405.0,344.521,409.0,347.02,407.0,345.77,1,400.0,365.76,405.0,367.01,402.5,366.385
digital_1.SchDoc,3,U49,U49,,U49-5,5,FILT6,false,1,405.0,344.521,409.0,347.02,407.0,345.77,1,400.0,367.521,405.0,370.02,402.5,368.77
digital_1.SchDoc,3,U49,U49,,U49-6,6,FILT7,false,1,405.0,344.521,409.0,347.02,407.0,345.77,1,400.0,370.76,405.0,372.01,402.5,371.385
digital_1.SchDoc,3,U49,U49,,U49-7,7,NetU48_15,false,1,405.0,344.521,409.0,347.02,407.0,345.77,1,400.0,355.521,405.0,358.02,402.5,356.77
digital_1.SchDoc,3,U49,U49,,U49-8,8,GND,false,1,405.0,344.521,409.0,347.02,407.0,345.77,1,400.0,375.76,405.0,377.01,402.5,376.385
digital_1.SchDoc,3,U49,U49,,U49-9,9,NetU40_6,false,1,405.0,344.521,409.0,347.02,407.0,345.77,1,400.0,350.521,405.0,353.02,402.5,351.77
digital_1.SchDoc,3,U49,U49,,U49-10,10,NetU48_15,false,1,405.0,344.521,409.0,347.02,407.0,345.77,1,400.0,353.76,405.0,355.01,402.5,354.385
digital_1.SchDoc,3,U49,U49,,U49-11,11,NetU49_11,false,1,405.0,344.521,409.0,347.02,407.0,345.77,1,421.0,370.76,427.0,372.01,424.0,371.385
digital_1.SchDoc,3,U49,U49,,U49-12,12,NetU49_12,false,1,405.0,344.521,409.0,347.02,407.0,345.77,1,421.0,367.521,427.0,370.02,424.0,368.77
digital_1.SchDoc,3,U49,U49,,U49-13,13,NetU49_13,false,1,405.0,344.521,409.0,347.02,407.0,345.77,1,421.0,365.76,427.0,367.01,424.0,366.385
digital_1.SchDoc,3,U49,U49,,U49-14,14,NetU49_14,false,1,405.0,344.521,409.0,347.02,407.0,345.77,1,421.0,362.521,427.0,365.02,424.0,363.77
digital_1.SchDoc,3,U49,U49,,U49-15,15,NetC5_2,false,1,405.0,344.521,409.0,347.02,407.0,345.77,1,421.0,353.76,427.0,355.01,424.0,354.385
digital_1.SchDoc,3,U49,U49,,U49-16,16,VDD,false,1,405.0,344.521,409.0,347.02,407.0,345.77,1,421.0,348.76,427.0,350.01,424.0,349.385
digital_1.SchDoc,3,,U50,,U50-7,7,GND,true,0,,,,,,,1,465.0,428.521,471.0,431.02,468.0,429.77
digital_1.SchDoc,3,,U50,,U50-14,14,VDD,true,0,,,,,,,1,446.0,428.521,452.0,431.02,449.0,429.77
digital_1.SchDoc,3,U50A,U50,A,U50-1,1,NetU50_1,false,1,471.0,410.521,477.0,413.02,474.0,411.77,1,465.0,414.76,471.0,416.01,468.0,415.385
digital_1.SchDoc,3,U50A,U50,A,U50-2,2,NetU50_2,false,1,471.0,410.521,477.0,413.02,474.0,411.77,1,465.0,423.521,471.0,426.02,468.0,424.77
digital_1.SchDoc,3,U50A,U50,A,U50-3,3,FASTCLK,false,1,471.0,410.521,477.0,413.02,474.0,411.77,1,446.0,418.521,452.0,421.02,449.0,419.77
digital_1.SchDoc,3,U50A,U50,A,U50-4,4,NetC5_2,false,1,471.0,410.521,477.0,413.02,474.0,411.77,1,458.0,425.566,459.001,433.06,458.5,429.313
digital_1.SchDoc,3,U50A,U50,A,U50-5,5,NetU50_2,false,1,471.0,410.521,477.0,413.02,474.0,411.77,1,446.0,414.76,452.0,416.01,449.0,415.385
digital_1.SchDoc,3,U50A,U50,A,U50-6,6,GND,false,1,471.0,410.521,477.0,413.02,474.0,411.77,1,458.0,405.566,459.001,413.06,458.5,409.313
digital_1.SchDoc,3,U50B,U50,B,U50-8,8,GND,false,1,471.0,410.521,477.0,413.02,474.0,411.77,1,502.0,405.566,503.001,413.06,502.5,409.313
digital_1.SchDoc,3,U50B,U50,B,U50-9,9,VDD,false,1,471.0,410.521,477.0,413.02,474.0,411.77,1,490.0,414.76,496.0,416.01,493.0,415.385
digital_1.SchDoc,3,U50B,U50,B,U50-10,10,NetC5_2,false,1,471.0,410.521,477.0,413.02,474.0,411.77,1,502.0,425.566,503.001,433.06,502.5,429.313
digital_1.SchDoc,3,U50B,U50,B,U50-11,11,NetU50_2,false,1,471.0,410.521,477.0,413.02,474.0,411.77,1,490.0,418.521,496.0,421.02,493.0,419.77
digital_1.SchDoc,3,U50B,U50,B,U50-12,12,NetU50_12,false,1,471.0,410.521,477.0,413.02,474.0,411.77,1,509.0,423.521,515.0,426.02,512.0,424.77
digital_1.SchDoc,3,U50B,U50,B,U50-13,13,NetU50_13,false,1,471.0,410.521,477.0,413.02,474.0,411.77,1,509.0,414.76,515.0,416.01,512.0,415.385
digital_1.SchDoc,3,,U51,,U51-7,7,GND,true,0,,,,,,,1,519.0,375.76,525.0,377.01,522.0,376.385
digital_1.SchDoc,3,,U51,,U51-14,14,VDD,true,0,,,,,,,1,504.0,372.521,510.0,375.02,507.0,373.77
digital_1.SchDoc,3,U51A,U51,A,U51-1,1,NetC5_2,false,1,507.0,373.282,513.001,377.03,510.0,375.156,1,504.0,377.521,510.0,380.02,507.0,378.77
digital_1.SchDoc,3,U51A,U51,A,U51-2,2,NetU50_13,false,1,507.0,373.282,513.001,377.03,510.0,375.156,1,504.0,382.76,510.0,384.01,507.0,383.385
digital_1.SchDoc,3,U51A,U51,A,U51-3,3,NetU51_3,false,1,507.0,373.282,513.001,377.03,510.0,375.156,1,519.0,380.76,525.0,382.01,522.0,381.385
digital_1.SchDoc,3,,U52,,U52-7,7,GND,true,0,,,,,,,1,548.0,355.521,554.0,358.02,551.0,356.77
digital_1.SchDoc,3,,U52,,U52-14,14,VDD,true,0,,,,,,,1,534.0,358.76,539.0,360.01,536.5,359.385
digital_1.SchDoc,3,U52A,U52,A,U52-1,1,NetU43_13,false,1,539.0,345.521,544.0,348.02,541.5,346.77,1,534.0,348.76,539.0,350.01,536.5,349.385
digital_1.SchDoc,3,U52A,U52,A,U52-2,2,NetU51_3,false,1,539.0,345.521,544.0,348.02,541.5,346.77,1,534.0,353.76,539.0,355.01,536.5,354.385
digital_1.SchDoc,3,U52A,U52,A,U52-3,3,Phi1_X,false,1,539.0,345.521,544.0,348.02,541.5,346.77,1,548.0,350.521,554.0,353.02,551.0,351.77
digital_1.SchDoc,3,U52B,U52,B,U52-4,4,Phi0_X,false,1,539.0,345.521,544.0,348.02,541.5,346.77,1,548.0,336.76,554.0,338.01,551.0,337.385
digital_1.SchDoc,3,U52B,U52,B,U52-5,5,NetU43_9,false,1,539.0,345.521,544.0,348.02,541.5,346.77,1,534.0,333.521,539.0,336.02,536.5,334.77
digital_1.SchDoc,3,U52B,U52,B,U52-6,6,NetU51_3,false,1,539.0,345.521,544.0,348.02,541.5,346.77,1,534.0,338.521,539.0,341.02,536.5,339.77
digital_1.SchDoc,3,U52C,U52,C,U52-8,8,NetU43_13,false,1,539.0,345.521,544.0,348.02,541.5,346.77,1,560.0,319.76,566.0,321.01,563.0,320.385
digital_1.SchDoc,3,U52C,U52,C,U52-9,9,NetC5_2,false,1,539.0,345.521,544.0,348.02,541.5,346.77,1,560.0,314.76,566.0,316.01,563.0,315.385
digital_1.SchDoc,3,U52C,U52,C,U52-10,10,CLOSURE,false,1,539.0,345.521,544.0,348.02,541.5,346.77,1,575.0,316.521,581.0,319.02,578.0,317.77
digital_1.SchDoc,3,U52D,U52,D,U52-11,11,NetU52_11,false,1,539.0,345.521,544.0,348.02,541.5,346.77,1,458.0,184.521,464.0,187.02,461.0,185.77
digital_1.SchDoc,3,U52D,U52,D,U52-12,12,NetU52_12,false,1,539.0,345.521,544.0,348.02,541.5,346.77,1,473.0,187.76,479.0,189.01,476.0,188.385
digital_1.SchDoc,3,U52D,U52,D,U52-13,13,NetU52_13,false,1,539.0,345.521,544.0,348.02,541.5,346.77,1,473.0,182.521,479.0,185.02,476.0,183.77
digital_1.SchDoc,3,,U53,,U53-7,7,GND,true,0,,,,,,,1,597.0,104.521,603.0,107.02,600.0,105.77
digital_1.SchDoc,3,,U53,,U53-14,14,VDD,true,0,,,,,,,1,585.0,106.521,591.0,109.02,588.0,107.77
digital_1.SchDoc,3,U53A,U53,A,U53-1,1,NetU26_11,false,1,590.0,94.521,595.0,97.02,592.5,95.77,1,585.0,99.521,591.0,102.02,588.0,100.77
digital_1.SchDoc,3,U53A,U53,A,U53-2,2,NetU53_2,false,1,590.0,94.521,595.0,97.02,592.5,95.77,1,597.0,99.521,603.0,102.02,600.0,100.77
digital_1.SchDoc,3,U53B,U53,B,U53-3,3,VOICECLK,false,1,590.0,94.521,595.0,97.02,592.5,95.77,1,699.0,199.521,705.0,202.02,702.0,200.77
digital_1.SchDoc,3,U53B,U53,B,U53-4,4,NetU53_4,false,1,590.0,94.521,595.0,97.02,592.5,95.77,1,712.0,199.521,718.0,202.02,715.0,200.77
digital_1.SchDoc,3,,U54,,U54-7,7,GND,true,0,,,,,,,1,604.0,309.76,610.0,311.01,607.0,310.385
digital_1.SchDoc,3,,U54,,U54-14,14,VDD,true,0,,,,,,,1,580.0,309.76,586.0,311.01,583.0,310.385
digital_1.SchDoc,3,U54A,U54,A,U54-1,1,INF10,false,1,585.0,297.282,591.001,301.03,588.0,299.156,1,580.0,304.76,586.0,306.01,583.0,305.385
digital_1.SchDoc,3,U54A,U54,A,U54-2,2,NetU54_2,false,1,585.0,297.282,591.001,301.03,588.0,299.156,1,604.0,304.76,610.0,306.01,607.0,305.385
digital_1.SchDoc,3,U54A,U54,A,U54-13,13,NetU53_2,false,1,585.0,297.282,591.001,301.03,588.0,299.156,1,580.0,302.76,586.0,304.01,583.0,303.385
digital_1.SchDoc,3,U54B,U54,B,U54-3,3,INF9,false,1,585.0,297.282,591.001,301.03,588.0,299.156,1,580.0,280.76,586.0,282.01,583.0,281.385
digital_1.SchDoc,3,U54B,U54,B,U54-4,4,NetU54_4,false,1,585.0,297.282,591.001,301.03,588.0,299.156,1,604.0,280.76,610.0,282.01,607.0,281.385
digital_1.SchDoc,3,U54B,U54,B,U54-5,5,NetU53_2,false,1,585.0,297.282,591.001,301.03,588.0,299.156,1,604.0,277.521,610.0,280.02,607.0,278.77
digital_1.SchDoc,3,U54C,U54,C,U54-6,6,NetU53_2,false,1,585.0,297.282,591.001,301.03,588.0,299.156,1,580.0,253.76,586.0,255.01,583.0,254.385
digital_1.SchDoc,3,U54C,U54,C,U54-8,8,INF8,false,1,585.0,297.282,591.001,301.03,588.0,299.156,1,580.0,255.521,586.0,258.02,583.0,256.77
digital_1.SchDoc,3,U54C,U54,C,U54-9,9,NetU54_9,false,1,585.0,297.282,591.001,301.03,588.0,299.156,1,604.0,255.521,610.0,258.02,607.0,256.77
digital_1.SchDoc,3,U54D,U54,D,U54-10,10,INF7,false,1,585.0,297.282,591.001,301.03,588.0,299.156,1,580.0,231.76,586.0,233.01,583.0,232.385
digital_1.SchDoc,3,U54D,U54,D,U54-11,11,NetU54_11,false,1,585.0,297.282,591.001,301.03,588.0,299.156,1,604.0,231.76,610.0,233.01,607.0,232.385
digital_1.SchDoc,3,U54D,U54,D,U54-12,12,NetU53_2,false,1,585.0,297.282,591.001,301.03,588.0,299.156,1,604.0,228.521,610.0,231.02,607.0,229.77
digital_1.SchDoc,3,,U55,,U55-7,7,GND,true,0,,,,,,,1,604.0,297.76,610.0,299.01,607.0,298.385
digital_1.SchDoc,3,,U55,,U55-14,14,VDD,true,0,,,,,,,1,580.0,297.76,586.0,299.01,583.0,298.385
digital_1.SchDoc,3,U55A,U55,A,U55-1,1,TINF10,false,1,585.0,285.282,591.001,289.03,588.0,287.156,1,580.0,292.76,586.0,294.01,583.0,293.385
digital_1.SchDoc,3,U55A,U55,A,U55-2,2,NetU54_2,false,1,585.0,285.282,591.001,289.03,588.0,287.156,1,604.0,292.76,610.0,294.01,607.0,293.385
digital_1.SchDoc,3,U55A,U55,A,U55-13,13,NetU26_11,false,1,585.0,285.282,591.001,289.03,588.0,287.156,1,580.0,289.521,586.0,292.02,583.0,290.77
digital_1.SchDoc,3,U55B,U55,B,U55-3,3,TINF9,false,1,585.0,285.282,591.001,289.03,588.0,287.156,1,580.0,267.521,586.0,270.02,583.0,268.77
digital_1.SchDoc,3,U55B,U55,B,U55-4,4,NetU54_4,false,1,585.0,285.282,591.001,289.03,588.0,287.156,1,604.0,267.521,610.0,270.02,607.0,268.77
digital_1.SchDoc,3,U55B,U55,B,U55-5,5,NetU26_11,false,1,585.0,285.282,591.001,289.03,588.0,287.156,1,604.0,265.76,610.0,267.01,607.0,266.385
digital_1.SchDoc,3,U55C,U55,C,U55-6,6,NetU26_11,false,1,585.0,285.282,591.001,289.03,588.0,287.156,1,580.0,241.76,586.0,243.01,583.0,242.385
digital_1.SchDoc,3,U55C,U55,C,U55-8,8,TINF8,false,1,585.0,285.282,591.001,289.03,588.0,287.156,1,580.0,243.76,586.0,245.01,583.0,244.385
digital_1.SchDoc,3,U55C,U55,C,U55-9,9,NetU54_9,false,1,585.0,285.282,591.001,289.03,588.0,287.156,1,604.0,243.76,610.0,245.01,607.0,244.385
digital_1.SchDoc,3,U55D,U55,D,U55-10,10,TINF7,false,1,585.0,285.282,591.001,289.03,588.0,287.156,1,580.0,219.76,586.0,221.01,583.0,220.385
digital_1.SchDoc,3,U55D,U55,D,U55-11,11,NetU54_11,false,1,585.0,285.282,591.001,289.03,588.0,287.156,1,604.0,219.76,610.0,221.01,607.0,220.385
digital_1.SchDoc,3,U55D,U55,D,U55-12,12,NetU26_11,false,1,585.0,285.282,591.001,289.03,588.0,287.156,1,604.0,216.521,610.0,219.02,607.0,217.77
digital_1.SchDoc,3,,U56,,U56-7,7,GND,true,0,,,,,,,1,604.0,211.521,610.0,214.02,607.0,212.77
digital_1.SchDoc,3,,U56,,U56-14,14,VDD,true,0,,,,,,,1,580.0,211.521,586.0,214.02,583.0,212.77
digital_1.SchDoc,3,U56A,U56,A,U56-1,1,INF6,false,1,585.0,200.521,591.0,203.02,588.0,201.77,1,580.0,206.521,586.0,209.02,583.0,207.77
digital_1.SchDoc,3,U56A,U56,A,U56-2,2,NetU56_2,false,1,585.0,200.521,591.0,203.02,588.0,201.77,1,604.0,206.521,610.0,209.02,607.0,207.77
digital_1.SchDoc,3,U56A,U56,A,U56-13,13,NetU53_2,false,1,585.0,200.521,591.0,203.02,588.0,201.77,1,580.0,204.76,586.0,206.01,583.0,205.385
digital_1.SchDoc,3,U56B,U56,B,U56-3,3,INF5,false,1,585.0,200.521,591.0,203.02,588.0,201.77,1,580.0,182.521,586.0,185.02,583.0,183.77
digital_1.SchDoc,3,U56B,U56,B,U56-4,4,NetU56_4,false,1,585.0,200.521,591.0,203.02,588.0,201.77,1,604.0,182.521,610.0,185.02,607.0,183.77
digital_1.SchDoc,3,U56B,U56,B,U56-5,5,NetU53_2,false,1,585.0,200.521,591.0,203.02,588.0,201.77,1,604.0,180.76,610.0,182.01,607.0,181.385
digital_1.SchDoc,3,U56C,U56,C,U56-6,6,NetU53_2,false,1,585.0,200.521,591.0,203.02,588.0,201.77,1,580.0,155.521,586.0,158.02,583.0,156.77
digital_1.SchDoc,3,U56C,U56,C,U56-8,8,INF4,false,1,585.0,200.521,591.0,203.02,588.0,201.77,1,580.0,158.76,586.0,160.01,583.0,159.385
digital_1.SchDoc,3,U56C,U56,C,U56-9,9,NetU56_9,false,1,585.0,200.521,591.0,203.02,588.0,201.77,1,604.0,158.76,610.0,160.01,607.0,159.385
digital_1.SchDoc,3,U56D,U56,D,U56-10,10,INF3,false,1,585.0,200.521,591.0,203.02,588.0,201.77,1,580.0,133.521,586.0,136.02,583.0,134.77
digital_1.SchDoc,3,U56D,U56,D,U56-11,11,NetU56_11,false,1,585.0,200.521,591.0,203.02,588.0,201.77,1,604.0,133.521,610.0,136.02,607.0,134.77
digital_1.SchDoc,3,U56D,U56,D,U56-12,12,NetU53_2,false,1,585.0,200.521,591.0,203.02,588.0,201.77,1,604.0,131.76,610.0,133.01,607.0,132.385
digital_1.SchDoc,3,,U57,,U57-7,7,GND,true,0,,,,,,,1,604.0,199.521,610.0,202.02,607.0,200.77
digital_1.SchDoc,3,,U57,,U57-14,14,VDD,true,0,,,,,,,1,580.0,199.521,586.0,202.02,583.0,200.77
digital_1.SchDoc,3,U57A,U57,A,U57-1,1,TINF6,false,1,585.0,188.521,591.0,191.02,588.0,189.77,1,580.0,194.521,586.0,197.02,583.0,195.77
digital_1.SchDoc,3,U57A,U57,A,U57-2,2,NetU56_2,false,1,585.0,188.521,591.0,191.02,588.0,189.77,1,604.0,194.521,610.0,197.02,607.0,195.77
digital_1.SchDoc,3,U57A,U57,A,U57-13,13,NetU26_11,false,1,585.0,188.521,591.0,191.02,588.0,189.77,1,580.0,192.76,586.0,194.01,583.0,193.385
digital_1.SchDoc,3,U57B,U57,B,U57-3,3,TINF5,false,1,585.0,188.521,591.0,191.02,588.0,189.77,1,580.0,170.76,586.0,172.01,583.0,171.385
digital_1.SchDoc,3,U57B,U57,B,U57-4,4,NetU56_4,false,1,585.0,188.521,591.0,191.02,588.0,189.77,1,604.0,170.76,610.0,172.01,607.0,171.385
digital_1.SchDoc,3,U57B,U57,B,U57-5,5,NetU26_11,false,1,585.0,188.521,591.0,191.02,588.0,189.77,1,604.0,167.521,610.0,170.02,607.0,168.77
digital_1.SchDoc,3,U57C,U57,C,U57-6,6,NetU26_11,false,1,585.0,188.521,591.0,191.02,588.0,189.77,1,580.0,143.76,586.0,145.01,583.0,144.385
digital_1.SchDoc,3,U57C,U57,C,U57-8,8,TINF4,false,1,585.0,188.521,591.0,191.02,588.0,189.77,1,580.0,145.521,586.0,148.02,583.0,146.77
digital_1.SchDoc,3,U57C,U57,C,U57-9,9,NetU56_9,false,1,585.0,188.521,591.0,191.02,588.0,189.77,1,604.0,145.521,610.0,148.02,607.0,146.77
digital_1.SchDoc,3,U57D,U57,D,U57-10,10,TINF3,false,1,585.0,188.521,591.0,191.02,588.0,189.77,1,580.0,121.521,586.0,124.02,583.0,122.77
digital_1.SchDoc,3,U57D,U57,D,U57-11,11,NetU56_11,false,1,585.0,188.521,591.0,191.02,588.0,189.77,1,604.0,121.521,610.0,124.02,607.0,122.77
digital_1.SchDoc,3,U57D,U57,D,U57-12,12,NetU26_11,false,1,585.0,188.521,591.0,191.02,588.0,189.77,1,604.0,119.76,610.0,121.01,607.0,120.385
digital_1.SchDoc,3,U58,U58,,U58-1,1,VDD,false,1,671.0,134.522,674.0,137.02,672.5,135.771,1,665.0,138.521,671.0,141.02,668.0,139.77
digital_1.SchDoc,3,U58,U58,,U58-2,2,SLOWCLK,false,1,671.0,134.522,674.0,137.02,672.5,135.771,1,665.0,148.76,671.0,150.01,668.0,149.385
digital_1.SchDoc,3,U58,U58,,U58-3,3,NetU56_9,false,1,671.0,134.522,674.0,137.02,672.5,135.771,1,665.0,153.76,671.0,155.01,668.0,154.385
digital_1.SchDoc,3,U58,U58,,U58-4,4,NetU56_4,false,1,671.0,134.522,674.0,137.02,672.5,135.771,1,665.0,155.521,671.0,158.02,668.0,156.77
digital_1.SchDoc,3,U58,U58,,U58-5,5,NetU56_2,false,1,671.0,134.522,674.0,137.02,672.5,135.771,1,665.0,158.76,671.0,160.01,668.0,159.385
digital_1.SchDoc,3,U58,U58,,U58-6,6,NetU54_11,false,1,671.0,134.522,674.0,137.02,672.5,135.771,1,665.0,160.76,671.0,162.01,668.0,161.385
digital_1.SchDoc,3,U58,U58,,U58-7,7,NetU58_7,false,1,671.0,134.522,674.0,137.02,672.5,135.771,1,665.0,145.521,671.0,148.02,668.0,146.77
digital_1.SchDoc,3,U58,U58,,U58-8,8,GND,false,1,671.0,134.522,674.0,137.02,672.5,135.771,1,665.0,165.76,671.0,167.01,668.0,166.385
digital_1.SchDoc,3,U58,U58,,U58-9,9,NetU53_4,false,1,671.0,134.522,674.0,137.02,672.5,135.771,1,665.0,141.76,671.0,143.01,668.0,142.385
digital_1.SchDoc,3,U58,U58,,U58-10,10,NetU58_7,false,1,671.0,134.522,674.0,137.02,672.5,135.771,1,665.0,143.76,671.0,145.01,668.0,144.385
digital_1.SchDoc,3,U58,U58,,U58-11,11,NetU58_11,false,1,671.0,134.522,674.0,137.02,672.5,135.771,1,687.0,160.76,693.0,162.01,690.0,161.385
digital_1.SchDoc,3,U58,U58,,U58-12,12,NetU58_12,false,1,671.0,134.522,674.0,137.02,672.5,135.771,1,687.0,158.76,693.0,160.01,690.0,159.385
digital_1.SchDoc,3,U58,U58,,U58-13,13,NetU58_13,false,1,671.0,134.522,674.0,137.02,672.5,135.771,1,687.0,155.521,693.0,158.02,690.0,156.77
digital_1.SchDoc,3,U58,U58,,U58-14,14,NetU58_14,false,1,671.0,134.522,674.0,137.02,672.5,135.771,1,687.0,153.76,693.0,155.01,690.0,154.385
digital_1.SchDoc,3,U58,U58,,U58-15,15,NetU58_15,false,1,671.0,134.522,674.0,137.02,672.5,135.771,1,687.0,143.76,693.0,145.01,690.0,144.385
digital_1.SchDoc,3,U58,U58,,U58-16,16,VDD,false,1,671.0,134.522,674.0,137.02,672.5,135.771,1,687.0,138.521,693.0,141.02,690.0,139.77
digital_1.SchDoc,3,U59,U59,,U59-1,1,VDD,false,1,671.0,190.522,674.0,193.02,672.5,191.771,1,665.0,194.521,671.0,197.02,668.0,195.77
digital_1.SchDoc,3,U59,U59,,U59-2,2,SLOWCLK,false,1,671.0,190.522,674.0,193.02,672.5,191.771,1,665.0,204.76,671.0,206.01,668.0,205.385
digital_1.SchDoc,3,U59,U59,,U59-3,3,NetU54_9,false,1,671.0,190.522,674.0,193.02,672.5,191.771,1,665.0,209.76,671.0,211.01,668.0,210.385
digital_1.SchDoc,3,U59,U59,,U59-4,4,NetU54_4,false,1,671.0,190.522,674.0,193.02,672.5,191.771,1,665.0,211.521,671.0,214.02,668.0,212.77
digital_1.SchDoc,3,U59,U59,,U59-5,5,NetU54_2,false,1,671.0,190.522,674.0,193.02,672.5,191.771,1,665.0,214.76,671.0,216.01,668.0,215.385
digital_1.SchDoc,3,U59,U59,,U59-6,6,INF11,false,1,671.0,190.522,674.0,193.02,672.5,191.771,1,665.0,216.521,671.0,219.02,668.0,217.77
digital_1.SchDoc,3,U59,U59,,U59-7,7,NetU58_15,false,1,671.0,190.522,674.0,193.02,672.5,191.771,1,665.0,202.76,671.0,204.01,668.0,203.385
digital_1.SchDoc,3,U59,U59,,U59-8,8,GND,false,1,671.0,190.522,674.0,193.02,672.5,191.771,1,665.0,221.76,671.0,223.01,668.0,222.385
digital_1.SchDoc,3,U59,U59,,U59-9,9,NetU53_4,false,1,671.0,190.522,674.0,193.02,672.5,191.771,1,665.0,197.76,671.0,199.01,668.0,198.385
digital_1.SchDoc,3,U59,U59,,U59-10,10,NetU58_15,false,1,671.0,190.522,674.0,193.02,672.5,191.771,1,665.0,199.521,671.0,202.02,668.0,200.77
digital_1.SchDoc,3,U59,U59,,U59-11,11,NetU59_11,false,1,671.0,190.522,674.0,193.02,672.5,191.771,1,687.0,216.521,693.0,219.02,690.0,217.77
digital_1.SchDoc,3,U59,U59,,U59-12,12,NetU59_12,false,1,671.0,190.522,674.0,193.02,672.5,191.771,1,687.0,214.76,693.0,216.01,690.0,215.385
digital_1.SchDoc,3,U59,U59,,U59-13,13,NetU59_13,false,1,671.0,190.522,674.0,193.02,672.5,191.771,1,687.0,211.521,693.0,214.02,690.0,212.77
digital_1.SchDoc,3,U59,U59,,U59-14,14,NetU59_14,false,1,671.0,190.522,674.0,193.02,672.5,191.771,1,687.0,209.76,693.0,211.01,690.0,210.385
digital_1.SchDoc,3,U59,U59,,U59-15,15,VOICECLK,false,1,671.0,190.522,674.0,193.02,672.5,191.771,1,687.0,199.521,693.0,202.02,690.0,200.77
digital_1.SchDoc,3,U59,U59,,U59-16,16,VDD,false,1,671.0,190.522,674.0,193.02,672.5,191.771,1,687.0,194.521,693.0,197.02,690.0,195.77
digital_1.SchDoc,3,,U62,,U62-7,7,GND,true,0,,,,,,,1,280.0,521.76,286.0,523.01,283.0,522.385
digital_1.SchDoc,3,,U62,,U62-14,14,VDD,true,0,,,,,,,1,261.0,521.76,266.0,523.01,263.5,522.385
digital_1.SchDoc,3,U62B,U62,B,U62-8,8,GND,false,1,279.0,522.521,284.0,525.02,281.5,523.77,1,273.0,498.566,274.001,506.06,273.5,502.313
digital_1.SchDoc,3,U62B,U62,B,U62-9,9,NetU62_9,false,1,279.0,522.521,284.0,525.02,281.5,523.77,1,261.0,506.521,266.0,509.02,263.5,507.77
digital_1.SchDoc,3,U62B,U62,B,U62-10,10,GND,false,1,279.0,522.521,284.0,525.02,281.5,523.77,1,273.0,518.566,274.001,526.06,273.5,522.313
digital_1.SchDoc,3,U62B,U62,B,U62-11,11,TCLKIN,false,1,279.0,522.521,284.0,525.02,281.5,523.77,1,261.0,511.521,266.0,514.02,263.5,512.77
digital_1.SchDoc,3,U62B,U62,B,U62-12,12,NetU62_9,false,1,279.0,522.521,284.0,525.02,281.5,523.77,1,280.0,516.76,286.0,518.01,283.0,517.385
digital_1.SchDoc,3,U62B,U62,B,U62-13,13,NetP4_1,false,1,279.0,522.521,284.0,525.02,281.5,523.77,1,280.0,506.521,286.0,509.02,283.0,507.77
digital_1.SchDoc,3,U63,U63,,U63-1,1,TINF10,false,1,510.0,244.522,513.0,247.02,511.5,245.771,1,504.0,277.521,510.0,280.02,507.0,278.77
digital_1.SchDoc,3,U63,U63,,U63-2,2,NetU63_2,false,1,510.0,244.522,513.0,247.02,511.5,245.771,1,504.0,265.76,510.0,267.01,507.0,266.385
digital_1.SchDoc,3,U63,U63,,U63-3,3,NetU63_3,false,1,510.0,244.522,513.0,247.02,511.5,245.771,1,504.0,262.521,510.0,265.02,507.0,263.77
digital_1.SchDoc,3,U63,U63,,U63-4,4,NetU63_4,false,1,510.0,244.522,513.0,247.02,511.5,245.771,1,504.0,260.521,510.0,263.02,507.0,261.77
digital_1.SchDoc,3,U63,U63,,U63-5,5,NetU63_5,false,1,510.0,244.522,513.0,247.02,511.5,245.771,1,529.0,260.521,535.0,263.02,532.0,261.77
digital_1.SchDoc,3,U63,U63,,U63-6,6,NetU52_13,false,1,510.0,244.522,513.0,247.02,511.5,245.771,1,529.0,262.521,535.0,265.02,532.0,263.77
digital_1.SchDoc,3,U63,U63,,U63-7,7,NetU63_7,false,1,510.0,244.522,513.0,247.02,511.5,245.771,1,529.0,265.76,535.0,267.01,532.0,266.385
digital_1.SchDoc,3,U63,U63,,U63-8,8,GND,false,1,510.0,244.522,513.0,247.02,511.5,245.771,1,504.0,282.76,510.0,284.01,507.0,283.385
digital_1.SchDoc,3,U63,U63,,U63-9,9,TINF7,false,1,510.0,244.522,513.0,247.02,511.5,245.771,1,504.0,270.76,510.0,272.01,507.0,271.385
digital_1.SchDoc,3,U63,U63,,U63-10,10,INF7,false,1,510.0,244.522,513.0,247.02,511.5,245.771,1,504.0,248.76,510.0,250.01,507.0,249.385
digital_1.SchDoc,3,U63,U63,,U63-11,11,TINF8,false,1,510.0,244.522,513.0,247.02,511.5,245.771,1,504.0,272.521,510.0,275.02,507.0,273.77
digital_1.SchDoc,3,U63,U63,,U63-12,12,INF8,false,1,510.0,244.522,513.0,247.02,511.5,245.771,1,504.0,250.521,510.0,253.02,507.0,251.77
digital_1.SchDoc,3,U63,U63,,U63-13,13,INF9,false,1,510.0,244.522,513.0,247.02,511.5,245.771,1,504.0,253.76,510.0,255.01,507.0,254.385
digital_1.SchDoc,3,U63,U63,,U63-14,14,TINF9,false,1,510.0,244.522,513.0,247.02,511.5,245.771,1,504.0,275.76,510.0,277.01,507.0,276.385
digital_1.SchDoc,3,U63,U63,,U63-15,15,INF10,false,1,510.0,244.522,513.0,247.02,511.5,245.771,1,504.0,255.521,510.0,258.02,507.0,256.77
digital_1.SchDoc,3,U63,U63,,U63-16,16,VDD,false,1,510.0,244.522,513.0,247.02,511.5,245.771,1,529.0,248.76,535.0,250.01,532.0,249.385
digital_1.SchDoc,3,U64,U64,,U64-1,1,GND,false,1,405.0,234.521,409.0,237.02,407.0,235.77,1,400.0,241.76,405.0,243.01,402.5,242.385
digital_1.SchDoc,3,U64,U64,,U64-2,2,TINF10,false,1,405.0,234.521,409.0,237.02,407.0,235.77,1,421.0,260.521,427.0,263.02,424.0,261.77
digital_1.SchDoc,3,U64,U64,,U64-3,3,GND,false,1,405.0,234.521,409.0,237.02,407.0,235.77,1,400.0,260.521,405.0,263.02,402.5,261.77
digital_1.SchDoc,3,U64,U64,,U64-4,4,GND,false,1,405.0,234.521,409.0,237.02,407.0,235.77,1,400.0,253.76,405.0,255.01,402.5,254.385
digital_1.SchDoc,3,U64,U64,,U64-5,5,NetU64_5,false,1,405.0,234.521,409.0,237.02,407.0,235.77,1,400.0,243.76,405.0,245.01,402.5,244.385
digital_1.SchDoc,3,U64,U64,,U64-6,6,TINF7,false,1,405.0,234.521,409.0,237.02,407.0,235.77,1,421.0,253.76,427.0,255.01,424.0,254.385
digital_1.SchDoc,3,U64,U64,,U64-7,7,NetU64_7,false,1,405.0,234.521,409.0,237.02,407.0,235.77,1,421.0,243.76,427.0,245.01,424.0,244.385
digital_1.SchDoc,3,U64,U64,,U64-8,8,GND,false,1,405.0,234.521,409.0,237.02,407.0,235.77,1,400.0,265.76,405.0,267.01,402.5,266.385
digital_1.SchDoc,3,U64,U64,,U64-9,9,VDD,false,1,405.0,234.521,409.0,237.02,407.0,235.77,1,400.0,245.521,405.0,248.02,402.5,246.77
digital_1.SchDoc,3,U64,U64,,U64-10,10,NetU63_5,false,1,405.0,234.521,409.0,237.02,407.0,235.77,1,400.0,248.76,405.0,250.01,402.5,249.385
digital_1.SchDoc,3,U64,U64,,U64-11,11,TINF8,false,1,405.0,234.521,409.0,237.02,407.0,235.77,1,421.0,255.521,427.0,258.02,424.0,256.77
digital_1.SchDoc,3,U64,U64,,U64-12,12,GND,false,1,405.0,234.521,409.0,237.02,407.0,235.77,1,400.0,255.521,405.0,258.02,402.5,256.77
digital_1.SchDoc,3,U64,U64,,U64-13,13,GND,false,1,405.0,234.521,409.0,237.02,407.0,235.77,1,400.0,258.76,405.0,260.01,402.5,259.385
digital_1.SchDoc,3,U64,U64,,U64-14,14,TINF9,false,1,405.0,234.521,409.0,237.02,407.0,235.77,1,421.0,258.76,427.0,260.01,424.0,259.385
digital_1.SchDoc,3,U64,U64,,U64-15,15,NetU40_11,false,1,405.0,234.521,409.0,237.02,407.0,235.77,1,400.0,238.521,405.0,241.02,402.5,239.77
digital_1.SchDoc,3,U64,U64,,U64-16,16,VDD,false,1,405.0,234.521,409.0,237.02,407.0,235.77,1,421.0,238.521,427.0,241.02,424.0,239.77
digital_1.SchDoc,3,U65,U65,,U65-1,1,GND,false,1,405.0,192.282,409.0,196.03,407.0,194.156,1,400.0,199.521,405.0,202.02,402.5,200.77
digital_1.SchDoc,3,U65,U65,,U65-2,2,TINF6,false,1,405.0,192.282,409.0,196.03,407.0,194.156,1,421.0,219.76,427.0,221.01,424.0,220.385
digital_1.SchDoc,3,U65,U65,,U65-3,3,GND,false,1,405.0,192.282,409.0,196.03,407.0,194.156,1,400.0,219.76,405.0,221.01,402.5,220.385
digital_1.SchDoc,3,U65,U65,,U65-4,4,GND,false,1,405.0,192.282,409.0,196.03,407.0,194.156,1,400.0,211.521,405.0,214.02,402.5,212.77
digital_1.SchDoc,3,U65,U65,,U65-5,5,NetU52_11,false,1,405.0,192.282,409.0,196.03,407.0,194.156,1,400.0,202.76,405.0,204.01,402.5,203.385
digital_1.SchDoc,3,U65,U65,,U65-6,6,TINF3,false,1,405.0,192.282,409.0,196.03,407.0,194.156,1,421.0,211.521,427.0,214.02,424.0,212.77
digital_1.SchDoc,3,U65,U65,,U65-7,7,NetU64_5,false,1,405.0,192.282,409.0,196.03,407.0,194.156,1,421.0,202.76,427.0,204.01,424.0,203.385
digital_1.SchDoc,3,U65,U65,,U65-8,8,GND,false,1,405.0,192.282,409.0,196.03,407.0,194.156,1,400.0,223.521,405.0,226.02,402.5,224.77
digital_1.SchDoc,3,U65,U65,,U65-9,9,VDD,false,1,405.0,192.282,409.0,196.03,407.0,194.156,1,400.0,204.76,405.0,206.01,402.5,205.385
digital_1.SchDoc,3,U65,U65,,U65-10,10,NetU63_5,false,1,405.0,192.282,409.0,196.03,407.0,194.156,1,400.0,206.521,405.0,209.02,402.5,207.77
digital_1.SchDoc,3,U65,U65,,U65-11,11,TINF4,false,1,405.0,192.282,409.0,196.03,407.0,194.156,1,421.0,214.76,427.0,216.01,424.0,215.385
digital_1.SchDoc,3,U65,U65,,U65-12,12,GND,false,1,405.0,192.282,409.0,196.03,407.0,194.156,1,400.0,214.76,405.0,216.01,402.5,215.385
digital_1.SchDoc,3,U65,U65,,U65-13,13,GND,false,1,405.0,192.282,409.0,196.03,407.0,194.156,1,400.0,216.521,405.0,219.02,402.5,217.77
digital_1.SchDoc,3,U65,U65,,U65-14,14,TINF5,false,1,405.0,192.282,409.0,196.03,407.0,194.156,1,421.0,216.521,427.0,219.02,424.0,217.77
digital_1.SchDoc,3,U65,U65,,U65-15,15,NetU40_11,false,1,405.0,192.282,409.0,196.03,407.0,194.156,1,400.0,197.76,405.0,199.01,402.5,198.385
digital_1.SchDoc,3,U65,U65,,U65-16,16,VDD,false,1,405.0,192.282,409.0,196.03,407.0,194.156,1,421.0,197.76,427.0,199.01,424.0,198.385
digital_1.SchDoc,3,U66,U66,,U66-1,1,VDD,false,1,405.0,141.282,409.0,145.03,407.0,143.156,1,400.0,145.521,405.0,148.02,402.5,146.77
digital_1.SchDoc,3,U66,U66,,U66-2,2,RATECLK,false,1,405.0,141.282,409.0,145.03,407.0,143.156,1,400.0,155.521,405.0,158.02,402.5,156.77
digital_1.SchDoc,3,U66,U66,,U66-3,3,INF3,false,1,405.0,141.282,409.0,145.03,407.0,143.156,1,400.0,160.76,405.0,162.01,402.5,161.385
digital_1.SchDoc,3,U66,U66,,U66-4,4,INF4,false,1,405.0,141.282,409.0,145.03,407.0,143.156,1,400.0,163.76,405.0,165.01,402.5,164.385
digital_1.SchDoc,3,U66,U66,,U66-5,5,INF5,false,1,405.0,141.282,409.0,145.03,407.0,143.156,1,400.0,165.76,405.0,167.01,402.5,166.385
digital_1.SchDoc,3,U66,U66,,U66-6,6,VDD,false,1,405.0,141.282,409.0,145.03,407.0,143.156,1,400.0,167.521,405.0,170.02,402.5,168.77
digital_1.SchDoc,3,U66,U66,,U66-7,7,VDD,false,1,405.0,141.282,409.0,145.03,407.0,143.156,1,400.0,153.76,405.0,155.01,402.5,154.385
digital_1.SchDoc,3,U66,U66,,U66-8,8,GND,false,1,405.0,141.282,409.0,145.03,407.0,143.156,1,400.0,172.521,405.0,175.02,402.5,173.77
digital_1.SchDoc,3,U66,U66,,U66-9,9,NetU40_10,false,1,405.0,141.282,409.0,145.03,407.0,143.156,1,400.0,148.76,405.0,150.01,402.5,149.385
digital_1.SchDoc,3,U66,U66,,U66-10,10,NetU40_12,false,1,405.0,141.282,409.0,145.03,407.0,143.156,1,400.0,150.521,405.0,153.02,402.5,151.77
digital_1.SchDoc,3,U66,U66,,U66-11,11,NetU66_11,false,1,405.0,141.282,409.0,145.03,407.0,143.156,1,421.0,167.521,427.0,170.02,424.0,168.77
digital_1.SchDoc,3,U66,U66,,U66-12,12,NetU66_12,false,1,405.0,141.282,409.0,145.03,407.0,143.156,1,421.0,165.76,427.0,167.01,424.0,166.385
digital_1.SchDoc,3,U66,U66,,U66-13,13,NetU66_13,false,1,405.0,141.282,409.0,145.03,407.0,143.156,1,421.0,163.76,427.0,165.01,424.0,164.385
digital_1.SchDoc,3,U66,U66,,U66-14,14,NetU66_14,false,1,405.0,141.282,409.0,145.03,407.0,143.156,1,421.0,160.76,427.0,162.01,424.0,161.385
digital_1.SchDoc,3,U66,U66,,U66-15,15,NetU40_11,false,1,405.0,141.282,409.0,145.03,407.0,143.156,1,421.0,150.521,427.0,153.02,424.0,151.77
digital_1.SchDoc,3,U66,U66,,U66-16,16,VDD,false,1,405.0,141.282,409.0,145.03,407.0,143.156,1,421.0,145.521,427.0,148.02,424.0,146.77
digital_1.SchDoc,3,U67,U67,,U67-1,1,TINF6,false,1,510.0,185.282,514.001,189.03,512.0,187.156,1,504.0,219.76,510.0,221.01,507.0,220.385
digital_1.SchDoc,3,U67,U67,,U67-2,2,GND,false,1,510.0,185.282,514.001,189.03,512.0,187.156,1,504.0,206.521,510.0,209.02,507.0,207.77
digital_1.SchDoc,3,U67,U67,,U67-3,3,VDD,false,1,510.0,185.282,514.001,189.03,512.0,187.156,1,504.0,204.76,510.0,206.01,507.0,205.385
digital_1.SchDoc,3,U67,U67,,U67-4,4,GND,false,1,510.0,185.282,514.001,189.03,512.0,187.156,1,504.0,202.76,510.0,204.01,507.0,203.385
digital_1.SchDoc,3,U67,U67,,U67-5,5,NetU63_4,false,1,510.0,185.282,514.001,189.03,512.0,187.156,1,529.0,202.76,535.0,204.01,532.0,203.385
digital_1.SchDoc,3,U67,U67,,U67-6,6,NetU63_3,false,1,510.0,185.282,514.001,189.03,512.0,187.156,1,529.0,204.76,535.0,206.01,532.0,205.385
digital_1.SchDoc,3,U67,U67,,U67-7,7,NetU63_2,false,1,510.0,185.282,514.001,189.03,512.0,187.156,1,529.0,206.521,535.0,209.02,532.0,207.77
digital_1.SchDoc,3,U67,U67,,U67-8,8,GND,false,1,510.0,185.282,514.001,189.03,512.0,187.156,1,504.0,223.521,510.0,226.02,507.0,224.77
digital_1.SchDoc,3,U67,U67,,U67-9,9,GND,false,1,510.0,185.282,514.001,189.03,512.0,187.156,1,504.0,211.521,510.0,214.02,507.0,212.77
digital_1.SchDoc,3,U67,U67,,U67-10,10,GND,false,1,510.0,185.282,514.001,189.03,512.0,187.156,1,504.0,189.521,510.0,192.02,507.0,190.77
digital_1.SchDoc,3,U67,U67,,U67-11,11,GND,false,1,510.0,185.282,514.001,189.03,512.0,187.156,1,504.0,214.76,510.0,216.01,507.0,215.385
digital_1.SchDoc,3,U67,U67,,U67-12,12,GND,false,1,510.0,185.282,514.001,189.03,512.0,187.156,1,504.0,192.76,510.0,194.01,507.0,193.385
digital_1.SchDoc,3,U67,U67,,U67-13,13,GND,false,1,510.0,185.282,514.001,189.03,512.0,187.156,1,504.0,194.521,510.0,197.02,507.0,195.77
digital_1.SchDoc,3,U67,U67,,U67-14,14,GND,false,1,510.0,185.282,514.001,189.03,512.0,187.156,1,504.0,216.521,510.0,219.02,507.0,217.77
digital_1.SchDoc,3,U67,U67,,U67-15,15,INF6,false,1,510.0,185.282,514.001,189.03,512.0,187.156,1,504.0,197.76,510.0,199.01,507.0,198.385
digital_1.SchDoc,3,U67,U67,,U67-16,16,VDD,false,1,510.0,185.282,514.001,189.03,512.0,187.156,1,529.0,189.521,535.0,192.02,532.0,190.77
digital_1.SchDoc,3,,U69,,U69-7,7,GND,true,0,,,,,,,1,473.0,206.521,479.0,209.02,476.0,207.77
digital_1.SchDoc,3,,U69,,U69-14,14,VDD,true,0,,,,,,,1,458.0,209.76,464.0,211.01,461.0,210.385
digital_1.SchDoc,3,U69C,U69,C,U69-10,10,NetU52_12,false,1,461.0,195.282,466.001,199.03,463.5,197.156,1,473.0,202.76,479.0,204.01,476.0,203.385
digital_1.SchDoc,3,U69C,U69,C,U69-11,11,TINF5,false,1,461.0,195.282,466.001,199.03,463.5,197.156,1,458.0,204.76,464.0,206.01,461.0,205.385
digital_1.SchDoc,3,U69C,U69,C,U69-12,12,TINF4,false,1,461.0,195.282,466.001,199.03,463.5,197.156,1,458.0,202.76,464.0,204.01,461.0,203.385
digital_1.SchDoc,3,U69C,U69,C,U69-13,13,TINF3,false,1,461.0,195.282,466.001,199.03,463.5,197.156,1,458.0,199.521,464.0,202.02,461.0,200.77
digital_1.SchDoc,3,,U72,,U72-7,7,GND,true,0,,,,,,,1,231.0,236.76,237.0,238.01,234.0,237.385
digital_1.SchDoc,3,,U72,,U72-14,14,VDD,true,0,,,,,,,1,219.0,238.521,225.0,241.02,222.0,239.77
digital_1.SchDoc,3,U72E,U72,E,U72-10,10,NetU18_11,false,1,224.0,225.282,229.001,229.03,226.5,227.156,1,231.0,231.76,237.0,233.01,234.0,232.385
digital_1.SchDoc,3,U72E,U72,E,U72-11,11,NetU72_11,false,1,224.0,225.282,229.001,229.03,226.5,227.156,1,219.0,231.76,225.0,233.01,222.0,232.385
digital_1.SchDoc,3,,U102,,U102-7,7,GND,true,0,,,,,,,1,673.0,382.76,678.0,384.01,675.5,383.385
digital_1.SchDoc,3,,U102,,U102-14,14,VDD,true,0,,,,,,,1,658.0,384.521,664.0,387.02,661.0,385.77
digital_1.SchDoc,3,U102C,U102,C,U102-8,8,NetU47_11,false,1,663.0,371.282,669.0,375.03,666.0,373.156,1,658.0,375.76,664.0,377.01,661.0,376.385
digital_1.SchDoc,3,U102C,U102,C,U102-9,9,NetU42_4,false,1,663.0,371.282,669.0,375.03,666.0,373.156,1,658.0,380.76,664.0,382.01,661.0,381.385
digital_1.SchDoc,3,U102C,U102,C,U102-10,10,NetP3_1,false,1,663.0,371.282,669.0,375.03,666.0,373.156,1,673.0,377.521,678.0,380.02,675.5,378.77
digital_1.SchDoc,3,,U149,,U149-7,7,GND,true,0,,,,,,,1,575.0,340.521,581.0,343.02,578.0,341.77
digital_1.SchDoc,3,,U149,,U149-14,14,VDD,true,0,,,,,,,1,560.0,343.76,566.0,345.01,563.0,344.385
digital_1.SchDoc,3,U149A,U149,A,U149-1,1,Phi0_X,false,1,566.0,330.282,572.0,334.03,569.0,332.156,1,560.0,333.521,566.0,336.02,563.0,334.77
digital_1.SchDoc,3,U149A,U149,A,U149-2,2,Phi0_X,false,1,566.0,330.282,572.0,334.03,569.0,332.156,1,560.0,338.521,566.0,341.02,563.0,339.77
digital_1.SchDoc,3,U149A,U149,A,U149-3,3,Phi0,false,1,566.0,330.282,572.0,334.03,569.0,332.156,1,575.0,336.76,581.0,338.01,578.0,337.385
digital_1.SchDoc,3,U149B,U149,B,U149-4,4,Phi1,false,1,566.0,330.282,572.0,334.03,569.0,332.156,1,575.0,350.521,581.0,353.02,578.0,351.77
digital_1.SchDoc,3,U149B,U149,B,U149-5,5,Phi1_X,false,1,566.0,330.282,572.0,334.03,569.0,332.156,1,560.0,348.76,566.0,350.01,563.0,349.385
digital_1.SchDoc,3,U149B,U149,B,U149-6,6,Phi1_X,false,1,566.0,330.282,572.0,334.03,569.0,332.156,1,560.0,353.76,566.0,355.01,563.0,354.385
digital_1.SchDoc,3,,U163,,U163-7,7,GND,true,0,,,,,,,1,185.0,214.76,191.0,216.01,188.0,215.385
digital_1.SchDoc,3,,U163,,U163-14,14,VDD,true,0,,,,,,,1,173.0,216.521,179.0,219.02,176.0,217.77
digital_1.SchDoc,3,U163E,U163,E,U163-10,10,NetU163_10,false,1,178.0,203.282,184.001,207.03,181.0,205.156,1,185.0,209.76,191.0,211.01,188.0,210.385
digital_1.SchDoc,3,U163E,U163,E,U163-11,11,TLAT_A2,false,1,178.0,203.282,184.001,207.03,181.0,205.156,1,173.0,209.76,179.0,211.01,176.0,210.385
digital_1.SchDoc,3,,U180,,U180-7,7,GND,true,0,,,,,,,1,209.0,202.76,215.0,204.01,212.0,203.385
digital_1.SchDoc,3,,U180,,U180-14,14,VDD,true,0,,,,,,,1,195.0,199.521,201.0,202.02,198.0,200.77
digital_1.SchDoc,3,U180A,U180,A,U180-1,1,NetU163_10,false,1,200.0,201.521,206.0,204.02,203.0,202.77,1,195.0,209.76,201.0,211.01,198.0,210.385
digital_1.SchDoc,3,U180A,U180,A,U180-2,2,NetU20_4,false,1,200.0,201.521,206.0,204.02,203.0,202.77,1,195.0,204.76,201.0,206.01,198.0,205.385
digital_1.SchDoc,3,U180A,U180,A,U180-3,3,NetU10_2,false,1,200.0,201.521,206.0,204.02,203.0,202.77,1,209.0,206.521,215.0,209.02,212.0,207.77
digital_1.SchDoc,3,U180B,U180,B,U180-4,4,NetU72_11,false,1,200.0,201.521,206.0,204.02,203.0,202.77,1,209.0,231.76,215.0,233.01,212.0,232.385
digital_1.SchDoc,3,U180B,U180,B,U180-5,5,TLAT_A2,false,1,200.0,201.521,206.0,204.02,203.0,202.77,1,195.0,233.521,201.0,236.02,198.0,234.77
digital_1.SchDoc,3,U180B,U180,B,U180-6,6,NetU20_4,false,1,200.0,201.521,206.0,204.02,203.0,202.77,1,195.0,228.521,201.0,231.02,198.0,229.77
digital_1.SchDoc,3,U181,U181,,U181-1,1,GND,false,1,269.0,180.282,273.0,184.03,271.0,182.156,1,263.0,184.521,269.0,187.02,266.0,185.77
digital_1.SchDoc,3,U181,U181,,U181-2,2,AMP0,false,1,269.0,180.282,273.0,184.03,271.0,182.156,1,282.0,192.76,288.0,194.01,285.0,193.385
digital_1.SchDoc,3,U181,U181,,U181-3,3,TLAT_D0,false,1,269.0,180.282,273.0,184.03,271.0,182.156,1,263.0,192.76,269.0,194.01,266.0,193.385
digital_1.SchDoc,3,U181,U181,,U181-4,4,TLAT_D1,false,1,269.0,180.282,273.0,184.03,271.0,182.156,1,263.0,194.521,269.0,197.02,266.0,195.77
digital_1.SchDoc,3,U181,U181,,U181-5,5,AMP1,false,1,269.0,180.282,273.0,184.03,271.0,182.156,1,282.0,194.521,288.0,197.02,285.0,195.77
digital_1.SchDoc,3,U181,U181,,U181-6,6,AMP2,false,1,269.0,180.282,273.0,184.03,271.0,182.156,1,282.0,197.76,288.0,199.01,285.0,198.385
digital_1.SchDoc,3,U181,U181,,U181-7,7,TLAT_D2,false,1,269.0,180.282,273.0,184.03,271.0,182.156,1,263.0,197.76,269.0,199.01,266.0,198.385
digital_1.SchDoc,3,U181,U181,,U181-8,8,TLAT_D3,false,1,269.0,180.282,273.0,184.03,271.0,182.156,1,263.0,199.521,269.0,202.02,266.0,200.77
digital_1.SchDoc,3,U181,U181,,U181-9,9,AMP3,false,1,269.0,180.282,273.0,184.03,271.0,182.156,1,282.0,199.521,288.0,202.02,285.0,200.77
digital_1.SchDoc,3,U181,U181,,U181-10,10,GND,false,1,269.0,180.282,273.0,184.03,271.0,182.156,1,263.0,214.76,269.0,216.01,266.0,215.385
digital_1.SchDoc,3,U181,U181,,U181-11,11,/WR_3,false,1,269.0,180.282,273.0,184.03,271.0,182.156,1,263.0,187.76,269.0,189.01,266.0,188.385
digital_1.SchDoc,3,U181,U181,,U181-12,12,TRANS0,false,1,269.0,180.282,273.0,184.03,271.0,182.156,1,282.0,202.76,288.0,204.01,285.0,203.385
digital_1.SchDoc,3,U181,U181,,U181-13,13,TLAT_D4,false,1,269.0,180.282,273.0,184.03,271.0,182.156,1,263.0,202.76,269.0,204.01,266.0,203.385
digital_1.SchDoc,3,U181,U181,,U181-14,14,TLAT_D5,false,1,269.0,180.282,273.0,184.03,271.0,182.156,1,263.0,204.76,269.0,206.01,266.0,205.385
digital_1.SchDoc,3,U181,U181,,U181-15,15,TRANS1,false,1,269.0,180.282,273.0,184.03,271.0,182.156,1,282.0,204.76,288.0,206.01,285.0,205.385
digital_1.SchDoc,3,U181,U181,,U181-16,16,TRANS2,false,1,269.0,180.282,273.0,184.03,271.0,182.156,1,282.0,206.521,288.0,209.02,285.0,207.77
digital_1.SchDoc,3,U181,U181,,U181-17,17,TLAT_D6,false,1,269.0,180.282,273.0,184.03,271.0,182.156,1,263.0,206.521,269.0,209.02,266.0,207.77
digital_1.SchDoc,3,U181,U181,,U181-18,18,TLAT_D7,false,1,269.0,180.282,273.0,184.03,271.0,182.156,1,263.0,209.76,269.0,211.01,266.0,210.385
digital_1.SchDoc,3,U181,U181,,U181-19,19,CTRL,false,1,269.0,180.282,273.0,184.03,271.0,182.156,1,282.0,209.76,288.0,211.01,285.0,210.385
digital_1.SchDoc,3,U181,U181,,U181-20,20,VDD,false,1,269.0,180.282,273.0,184.03,271.0,182.156,1,282.0,184.521,288.0,187.02,285.0,185.77
digital_1.SchDoc,3,U182,U182,,U182-1,1,VDD,false,1,671.0,88.521,676.0,91.02,673.5,89.77,1,665.0,92.76,671.0,94.01,668.0,93.385
digital_1.SchDoc,3,U182,U182,,U182-2,2,SLOWCLK,false,1,671.0,88.521,676.0,91.02,673.5,89.77,1,665.0,102.76,671.0,104.01,668.0,103.385
digital_1.SchDoc,3,U182,U182,,U182-3,3,INF0,false,1,671.0,88.521,676.0,91.02,673.5,89.77,1,665.0,106.521,671.0,109.02,668.0,107.77
digital_1.SchDoc,3,U182,U182,,U182-4,4,INF1,false,1,671.0,88.521,676.0,91.02,673.5,89.77,1,665.0,109.76,671.0,111.01,668.0,110.385
digital_1.SchDoc,3,U182,U182,,U182-5,5,INF2,false,1,671.0,88.521,676.0,91.02,673.5,89.77,1,665.0,111.521,671.0,114.02,668.0,112.77
digital_1.SchDoc,3,U182,U182,,U182-6,6,NetU56_11,false,1,671.0,88.521,676.0,91.02,673.5,89.77,1,665.0,114.76,671.0,116.01,668.0,115.385
digital_1.SchDoc,3,U182,U182,,U182-7,7,VDD,false,1,671.0,88.521,676.0,91.02,673.5,89.77,1,665.0,99.521,671.0,102.02,668.0,100.77
digital_1.SchDoc,3,U182,U182,,U182-8,8,GND,false,1,671.0,88.521,676.0,91.02,673.5,89.77,1,665.0,119.76,671.0,121.01,668.0,120.385
digital_1.SchDoc,3,U182,U182,,U182-9,9,NetU53_4,false,1,671.0,88.521,676.0,91.02,673.5,89.77,1,665.0,94.521,671.0,97.02,668.0,95.77
digital_1.SchDoc,3,U182,U182,,U182-10,10,VDD,false,1,671.0,88.521,676.0,91.02,673.5,89.77,1,665.0,97.76,671.0,99.01,668.0,98.385
digital_1.SchDoc,3,U182,U182,,U182-11,11,NetU182_11,false,1,671.0,88.521,676.0,91.02,673.5,89.77,1,687.0,114.76,693.0,116.01,690.0,115.385
digital_1.SchDoc,3,U182,U182,,U182-12,12,NetU182_12,false,1,671.0,88.521,676.0,91.02,673.5,89.77,1,687.0,111.521,693.0,114.02,690.0,112.77
digital_1.SchDoc,3,U182,U182,,U182-13,13,NetU182_13,false,1,671.0,88.521,676.0,91.02,673.5,89.77,1,687.0,109.76,693.0,111.01,690.0,110.385
digital_1.SchDoc,3,U182,U182,,U182-14,14,NetU182_14,false,1,671.0,88.521,676.0,91.02,673.5,89.77,1,687.0,106.521,693.0,109.02,690.0,107.77
digital_1.SchDoc,3,U182,U182,,U182-15,15,NetU58_7,false,1,671.0,88.521,676.0,91.02,673.5,89.77,1,687.0,97.76,693.0,99.01,690.0,98.385
digital_1.SchDoc,3,U182,U182,,U182-16,16,VDD,false,1,671.0,88.521,676.0,91.02,673.5,89.77,1,687.0,92.76,693.0,94.01,690.0,93.385
digital_1.SchDoc,3,U200,U200,,U200-1,1,NetU200_1,false,1,227.0,451.521,232.0,454.02,229.5,452.77,1,241.0,487.76,247.0,489.01,244.0,488.385
digital_1.SchDoc,3,U200,U200,,U200-2,2,NetU200_2,false,1,227.0,451.521,232.0,454.02,229.5,452.77,1,241.0,472.521,247.0,475.02,244.0,473.77
digital_1.SchDoc,3,U200,U200,,U200-3,3,NetU200_3,false,1,227.0,451.521,232.0,454.02,229.5,452.77,1,241.0,470.76,247.0,472.01,244.0,471.385
digital_1.SchDoc,3,U200,U200,,U200-4,4,NetU200_4,false,1,227.0,451.521,232.0,454.02,229.5,452.77,1,241.0,475.76,247.0,477.01,244.0,476.385
digital_1.SchDoc,3,U200,U200,,U200-5,5,NetU200_5,false,1,227.0,451.521,232.0,454.02,229.5,452.77,1,241.0,467.521,247.0,470.02,244.0,468.77
digital_1.SchDoc,3,U200,U200,,U200-6,6,NetU200_6,false,1,227.0,451.521,232.0,454.02,229.5,452.77,1,241.0,465.76,247.0,467.01,244.0,466.385
digital_1.SchDoc,3,U200,U200,,U200-7,7,NetP4_3,false,1,227.0,451.521,232.0,454.02,229.5,452.77,1,241.0,462.521,247.0,465.02,244.0,463.77
digital_1.SchDoc,3,U200,U200,,U200-8,8,GND,false,1,227.0,451.521,232.0,454.02,229.5,452.77,1,222.0,487.76,227.0,489.01,224.5,488.385
digital_1.SchDoc,3,U200,U200,,U200-9,9,NetU200_9,false,1,227.0,451.521,232.0,454.02,229.5,452.77,1,241.0,460.76,247.0,462.01,244.0,461.385
digital_1.SchDoc,3,U200,U200,,U200-10,10,NetR6_2,false,1,227.0,451.521,232.0,454.02,229.5,452.77,1,222.0,462.521,227.0,465.02,224.5,463.77
digital_1.SchDoc,3,U200,U200,,U200-11,11,GND,false,1,227.0,451.521,232.0,454.02,229.5,452.77,1,222.0,455.521,227.0,458.02,224.5,456.77
digital_1.SchDoc,3,U200,U200,,U200-12,12,NetU200_12,false,1,227.0,451.521,232.0,454.02,229.5,452.77,1,241.0,479.521,247.0,482.02,244.0,480.77
digital_1.SchDoc,3,U200,U200,,U200-13,13,NetU200_13,false,1,227.0,451.521,232.0,454.02,229.5,452.77,1,241.0,477.76,247.0,479.01,244.0,478.385
digital_1.SchDoc,3,U200,U200,,U200-14,14,NetU200_14,false,1,227.0,451.521,232.0,454.02,229.5,452.77,1,241.0,482.76,247.0,484.01,244.0,483.385
digital_1.SchDoc,3,U200,U200,,U200-15,15,NetU200_15,false,1,227.0,451.521,232.0,454.02,229.5,452.77,1,241.0,484.521,247.0,487.02,244.0,485.77
digital_1.SchDoc,3,U200,U200,,U200-16,16,VDD,false,1,227.0,451.521,232.0,454.02,229.5,452.77,1,241.0,455.521,247.0,458.02,244.0,456.77
digital_1.SchDoc,3,U301,U301,,U301-1,1,5V,false,1,44.0,271.521,49.0,274.02,46.5,272.77,1,61.0,275.76,66.0,277.01,63.5,276.385
digital_1.SchDoc,3,U301,U301,,U301-2,2,TCLKIN,false,1,44.0,271.521,49.0,274.02,46.5,272.77,1,61.0,282.76,66.0,284.01,63.5,283.385
digital_1.SchDoc,3,U301,U301,,U301-3,3,CLKIN,false,1,44.0,271.521,49.0,274.02,46.5,272.77,1,39.0,282.76,45.0,284.01,42.0,283.385
digital_1.SchDoc,3,U301,U301,,U301-4,4,TDIVSEL,false,1,44.0,271.521,49.0,274.02,46.5,272.77,1,61.0,284.521,66.0,287.02,63.5,285.77
digital_1.SchDoc,3,U301,U301,,U301-5,5,DIVSEL,false,1,44.0,271.521,49.0,274.02,46.5,272.77,1,39.0,284.521,45.0,287.02,42.0,285.77
digital_1.SchDoc,3,U301,U301,,U301-6,6,NetU301_6,false,1,44.0,271.521,49.0,274.02,46.5,272.77,1,61.0,287.76,66.0,289.01,63.5,288.385
digital_1.SchDoc,3,U301,U301,,U301-7,7,GND,false,1,44.0,271.521,49.0,274.02,46.5,272.77,1,39.0,287.76,45.0,289.01,42.0,288.385
digital_1.SchDoc,3,U301,U301,,U301-8,8,GND,false,1,44.0,271.521,49.0,274.02,46.5,272.77,1,39.0,299.76,45.0,301.01,42.0,300.385
digital_1.SchDoc,3,U301,U301,,U301-9,9,GND,false,1,44.0,271.521,49.0,274.02,46.5,272.77,1,39.0,289.521,45.0,292.02,42.0,290.77
digital_1.SchDoc,3,U301,U301,,U301-10,10,NetU301_10,false,1,44.0,271.521,49.0,274.02,46.5,272.77,1,61.0,289.521,66.0,292.02,63.5,290.77
digital_1.SchDoc,3,U301,U301,,U301-11,11,GND,false,1,44.0,271.521,49.0,274.02,46.5,272.77,1,39.0,292.76,45.0,294.01,42.0,293.385
digital_1.SchDoc,3,U301,U301,,U301-12,12,NetU301_12,false,1,44.0,271.521,49.0,274.02,46.5,272.77,1,61.0,292.76,66.0,294.01,63.5,293.385
digital_1.SchDoc,3,U301,U301,,U301-13,13,5V,false,1,44.0,271.521,49.0,274.02,46.5,272.77,1,39.0,275.76,45.0,277.01,42.0,276.385
digital_1.SchDoc,3,U301,U301,,U301-14,14,GND,false,1,44.0,271.521,49.0,274.02,46.5,272.77,1,39.0,294.521,45.0,297.02,42.0,295.77
digital_1.SchDoc,3,U301,U301,,U301-15,15,NetU301_15,false,1,44.0,271.521,49.0,274.02,46.5,272.77,1,61.0,294.521,66.0,297.02,63.5,295.77
digital_1.SchDoc,3,U301,U301,,U301-16,16,VDD,false,1,44.0,271.521,49.0,274.02,46.5,272.77,1,61.0,277.521,66.0,280.02,63.5,278.77
digital_1.SchDoc,3,XTL1,XTL1,,XTL1-1,1,NetC3_2,false,1,173.0,471.521,178.0,474.02,175.5,472.77,1,168.0,475.76,174.0,477.01,171.0,476.385
digital_1.SchDoc,3,XTL1,XTL1,,XTL1-2,2,NetC4_2,false,1,173.0,471.521,178.0,474.02,175.5,472.77,1,175.0,475.76,181.0,477.01,178.0,476.385
digital_2.SchDoc,4,C334,C334,,C334-1,1,GND,false,1,110.0,443.282,114.001,447.03,112.001,445.156,1,107.0,446.283,108.001,450.03,107.501,448.156
digital_2.SchDoc,4,C334,C334,,C334-2,2,VCC,false,1,110.0,443.282,114.001,447.03,112.001,445.156,1,107.0,441.283,108.001,445.03,107.501,443.156
digital_2.SchDoc,4,C335,C335,,C335-1,1,GND,false,1,119.0,443.282,124.001,447.03,121.501,445.156,1,117.0,446.283,118.001,450.03,117.501,448.156
digital_2.SchDoc,4,C335,C335,,C335-2,2,VCC,false,1,119.0,443.282,124.001,447.03,121.501,445.156,1,117.0,441.283,118.001,445.03,117.501,443.156
digital_2.SchDoc,4,C336,C336,,C336-1,1,GND,false,1,129.0,443.282,134.001,447.03,131.5,445.156,1,126.0,446.283,128.001,450.03,127.001,448.156
digital_2.SchDoc,4,C336,C336,,C336-2,2,VCC,false,1,129.0,443.282,134.001,447.03,131.5,445.156,1,126.0,441.283,128.001,445.03,127.001,443.156
digital_2.SchDoc,4,C337,C337,,C337-1,1,GND,false,1,139.0,443.282,144.001,447.03,141.5,445.156,1,136.0,446.283,137.001,450.03,136.5,448.156
digital_2.SchDoc,4,C337,C337,,C337-2,2,VCC,false,1,139.0,443.282,144.001,447.03,141.5,445.156,1,136.0,441.283,137.001,445.03,136.5,443.156
digital_2.SchDoc,4,C338,C338,,C338-1,1,GND,false,1,149.0,443.282,153.001,447.03,151.0,445.156,1,146.0,446.283,147.001,450.03,146.5,448.156
digital_2.SchDoc,4,C338,C338,,C338-2,2,VCC,false,1,149.0,443.282,153.001,447.03,151.0,445.156,1,146.0,441.283,147.001,445.03,146.5,443.156
digital_2.SchDoc,4,C339,C339,,C339-1,1,GND,false,1,158.0,443.282,163.001,447.03,160.5,445.156,1,155.0,446.283,157.001,450.03,156.0,448.156
digital_2.SchDoc,4,C339,C339,,C339-2,2,VCC,false,1,158.0,443.282,163.001,447.03,160.5,445.156,1,155.0,441.283,157.001,445.03,156.0,443.156
digital_2.SchDoc,4,C340,C340,,C340-1,1,GND,false,1,168.0,443.282,173.001,447.03,170.5,445.156,1,165.0,446.283,167.001,450.03,166.0,448.156
digital_2.SchDoc,4,C340,C340,,C340-2,2,VCC,false,1,168.0,443.282,173.001,447.03,170.5,445.156,1,165.0,441.283,167.001,445.03,166.0,443.156
digital_2.SchDoc,4,C341,C341,,C341-1,1,GND,false,1,178.0,443.282,182.001,447.03,180.0,445.156,1,175.0,446.283,177.001,450.03,176.0,448.156
digital_2.SchDoc,4,C341,C341,,C341-2,2,VCC,false,1,178.0,443.282,182.001,447.03,180.0,445.156,1,175.0,441.283,177.001,445.03,176.0,443.156
digital_2.SchDoc,4,C342,C342,,C342-1,1,GND,false,1,188.0,443.282,192.001,447.03,190.0,445.156,1,185.0,446.283,186.001,450.03,185.5,448.156
digital_2.SchDoc,4,C342,C342,,C342-2,2,VCC,false,1,188.0,443.282,192.001,447.03,190.0,445.156,1,185.0,441.283,186.001,445.03,185.5,443.156
digital_2.SchDoc,4,C343,C343,,C343-1,1,GND,false,1,197.0,443.282,202.001,447.03,199.5,445.156,1,195.0,446.283,196.001,450.03,195.5,448.156
digital_2.SchDoc,4,C343,C343,,C343-2,2,VCC,false,1,197.0,443.282,202.001,447.03,199.5,445.156,1,195.0,441.283,196.001,445.03,195.5,443.156
digital_2.SchDoc,4,C344,C344,,C344-1,1,GND,false,1,210.0,443.282,214.001,447.03,212.0,445.156,1,207.0,446.283,208.001,450.03,207.5,448.156
digital_2.SchDoc,4,C344,C344,,C344-2,2,VCC,false,1,210.0,443.282,214.001,447.03,212.0,445.156,1,207.0,441.283,208.001,445.03,207.5,443.156
digital_2.SchDoc,4,C345,C345,,C345-1,1,GND,false,1,219.0,443.282,224.001,447.03,221.5,445.156,1,216.0,446.283,218.001,450.03,217.0,448.156
digital_2.SchDoc,4,C345,C345,,C345-2,2,VCC,false,1,219.0,443.282,224.001,447.03,221.5,445.156,1,216.0,441.283,218.001,445.03,217.0,443.156
digital_2.SchDoc,4,C346,C346,,C346-1,1,GND,false,1,229.0,443.282,234.001,447.03,231.5,445.156,1,226.0,446.283,228.001,450.03,227.0,448.156
digital_2.SchDoc,4,C346,C346,,C346-2,2,VCC,false,1,229.0,443.282,234.001,447.03,231.5,445.156,1,226.0,441.283,228.001,445.03,227.0,443.156
digital_2.SchDoc,4,C347,C347,,C347-1,1,GND,false,1,239.0,443.282,244.001,447.03,241.5,445.156,1,236.0,446.283,238.001,450.03,237.0,448.156
digital_2.SchDoc,4,C347,C347,,C347-2,2,VCC,false,1,239.0,443.282,244.001,447.03,241.5,445.156,1,236.0,441.283,238.001,445.03,237.0,443.156
digital_2.SchDoc,4,C348,C348,,C348-1,1,GND,false,1,249.0,443.282,253.001,447.03,251.0,445.156,1,246.0,446.283,247.001,450.03,246.5,448.156
digital_2.SchDoc,4,C348,C348,,C348-2,2,VCC,false,1,249.0,443.282,253.001,447.03,251.0,445.156,1,246.0,441.283,247.001,445.03,246.5,443.156
digital_2.SchDoc,4,C349,C349,,C349-1,1,GND,false,1,258.0,443.282,263.001,447.03,260.5,445.156,1,256.0,446.283,257.001,450.03,256.5,448.156
digital_2.SchDoc,4,C349,C349,,C349-2,2,VCC,false,1,258.0,443.282,263.001,447.03,260.5,445.156,1,256.0,441.283,257.001,445.03,256.5,443.156
digital_2.SchDoc,4,C350,C350,,C350-1,1,GND,false,1,268.0,443.282,273.001,447.03,270.5,445.156,1,265.0,446.283,267.001,450.03,266.0,448.156
digital_2.SchDoc,4,C350,C350,,C350-2,2,VCC,false,1,268.0,443.282,273.001,447.03,270.5,445.156,1,265.0,441.283,267.001,445.03,266.0,443.156
digital_2.SchDoc,4,C351,C351,,C351-1,1,GND,false,1,278.0,443.282,282.0,447.03,280.0,445.156,1,275.0,446.283,276.001,450.03,275.5,448.156
digital_2.SchDoc,4,C351,C351,,C351-2,2,VCC,false,1,278.0,443.282,282.0,447.03,280.0,445.156,1,275.0,441.283,276.001,445.03,275.5,443.156
digital_2.SchDoc,4,C352,C352,,C352-1,1,GND,false,1,288.0,443.282,292.0,447.03,290.0,445.156,1,285.0,446.283,286.001,450.03,285.5,448.156
digital_2.SchDoc,4,C352,C352,,C352-2,2,VCC,false,1,288.0,443.282,292.0,447.03,290.0,445.156,1,285.0,441.283,286.001,445.03,285.5,443.156
digital_2.SchDoc,4,C353,C353,,C353-1,1,GND,false,1,297.0,443.282,302.001,447.03,299.5,445.156,1,294.0,446.283,296.001,450.03,295.0,448.156
digital_2.SchDoc,4,C353,C353,,C353-2,2,VCC,false,1,297.0,443.282,302.001,447.03,299.5,445.156,1,294.0,441.283,296.001,445.03,295.0,443.156
digital_2.SchDoc,4,C354,C354,,C354-1,1,GND,false,1,110.0,480.521,114.0,483.02,112.0,481.77,1,107.0,482.283,108.001,486.03,107.501,484.156
digital_2.SchDoc,4,C354,C354,,C354-2,2,VCC,false,1,110.0,480.521,114.0,483.02,112.0,481.77,1,107.0,477.044,108.001,482.04,107.501,479.542
digital_2.SchDoc,4,C355,C355,,C355-1,1,GND,false,1,119.0,480.521,124.0,483.02,121.5,481.77,1,117.0,482.283,118.001,486.03,117.501,484.156
digital_2.SchDoc,4,C355,C355,,C355-2,2,VCC,false,1,119.0,480.521,124.0,483.02,121.5,481.77,1,117.0,477.044,118.001,482.04,117.501,479.542
digital_2.SchDoc,4,C356,C356,,C356-1,1,GND,false,1,129.0,480.521,134.0,483.02,131.5,481.77,1,126.0,482.283,128.001,486.03,127.001,484.156
digital_2.SchDoc,4,C356,C356,,C356-2,2,VCC,false,1,129.0,480.521,134.0,483.02,131.5,481.77,1,126.0,477.044,128.001,482.04,127.001,479.542
digital_2.SchDoc,4,C357,C357,,C357-1,1,GND,false,1,139.0,480.521,144.0,483.02,141.5,481.77,1,136.0,482.283,137.001,486.03,136.5,484.156
digital_2.SchDoc,4,C357,C357,,C357-2,2,VCC,false,1,139.0,480.521,144.0,483.02,141.5,481.77,1,136.0,477.044,137.001,482.04,136.5,479.542
digital_2.SchDoc,4,C358,C358,,C358-1,1,GND,false,1,149.0,480.521,153.0,483.02,151.0,481.77,1,146.0,482.283,147.001,486.03,146.5,484.156
digital_2.SchDoc,4,C358,C358,,C358-2,2,VCC,false,1,149.0,480.521,153.0,483.02,151.0,481.77,1,146.0,477.044,147.001,482.04,146.5,479.542
digital_2.SchDoc,4,C359,C359,,C359-1,1,GND,false,1,158.0,480.521,163.0,483.02,160.5,481.77,1,155.0,482.283,157.001,486.03,156.0,484.156
digital_2.SchDoc,4,C359,C359,,C359-2,2,VCC,false,1,158.0,480.521,163.0,483.02,160.5,481.77,1,155.0,477.044,157.001,482.04,156.0,479.542
digital_2.SchDoc,4,C360,C360,,C360-1,1,GND,false,1,168.0,480.521,173.0,483.02,170.5,481.77,1,165.0,482.283,167.001,486.03,166.0,484.156
digital_2.SchDoc,4,C360,C360,,C360-2,2,VCC,false,1,168.0,480.521,173.0,483.02,170.5,481.77,1,165.0,477.044,167.001,482.04,166.0,479.542
digital_2.SchDoc,4,C361,C361,,C361-1,1,GND,false,1,178.0,480.521,182.0,483.02,180.0,481.77,1,175.0,482.283,177.001,486.03,176.0,484.156
digital_2.SchDoc,4,C361,C361,,C361-2,2,VCC,false,1,178.0,480.521,182.0,483.02,180.0,481.77,1,175.0,477.044,177.001,482.04,176.0,479.542
digital_2.SchDoc,4,C362,C362,,C362-1,1,GND,false,1,188.0,480.521,192.0,483.02,190.0,481.77,1,185.0,482.283,186.001,486.03,185.5,484.156
digital_2.SchDoc,4,C362,C362,,C362-2,2,VCC,false,1,188.0,480.521,192.0,483.02,190.0,481.77,1,185.0,477.044,186.001,482.04,185.5,479.542
digital_2.SchDoc,4,C363,C363,,C363-1,1,GND,false,1,197.0,480.521,202.0,483.02,199.5,481.77,1,195.0,482.283,196.001,486.03,195.5,484.156
digital_2.SchDoc,4,C363,C363,,C363-2,2,VCC,false,1,197.0,480.521,202.0,483.02,199.5,481.77,1,195.0,477.044,196.001,482.04,195.5,479.542
digital_2.SchDoc,4,C364,C364,,C364-1,1,GND,false,1,210.0,480.521,214.0,483.02,212.0,481.77,1,207.0,482.283,208.001,486.03,207.5,484.156
digital_2.SchDoc,4,C364,C364,,C364-2,2,VCC,false,1,210.0,480.521,214.0,483.02,212.0,481.77,1,207.0,477.044,208.001,482.04,207.5,479.542
digital_2.SchDoc,4,C365,C365,,C365-1,1,GND,false,1,219.0,480.521,224.0,483.02,221.5,481.77,1,216.0,482.283,218.001,486.03,217.0,484.156
digital_2.SchDoc,4,C365,C365,,C365-2,2,VCC,false,1,219.0,480.521,224.0,483.02,221.5,481.77,1,216.0,477.044,218.001,482.04,217.0,479.542
digital_2.SchDoc,4,C366,C366,,C366-1,1,GND,false,1,229.0,480.521,234.0,483.02,231.5,481.77,1,226.0,482.283,228.001,486.03,227.0,484.156
digital_2.SchDoc,4,C366,C366,,C366-2,2,VCC,false,1,229.0,480.521,234.0,483.02,231.5,481.77,1,226.0,477.044,228.001,482.04,227.0,479.542
digital_2.SchDoc,4,C367,C367,,C367-1,1,GND,false,1,239.0,480.521,244.0,483.02,241.5,481.77,1,236.0,482.283,238.001,486.03,237.0,484.156
digital_2.SchDoc,4,C367,C367,,C367-2,2,VCC,false,1,239.0,480.521,244.0,483.02,241.5,481.77,1,236.0,477.044,238.001,482.04,237.0,479.542
digital_2.SchDoc,4,C368,C368,,C368-1,1,GND,false,1,249.0,480.521,253.0,483.02,251.0,481.77,1,246.0,482.283,247.001,486.03,246.5,484.156
digital_2.SchDoc,4,C368,C368,,C368-2,2,VCC,false,1,249.0,480.521,253.0,483.02,251.0,481.77,1,246.0,477.044,247.001,482.04,246.5,479.542
digital_2.SchDoc,4,C369,C369,,C369-1,1,GND,false,1,258.0,480.521,263.0,483.02,260.5,481.77,1,256.0,482.283,257.001,486.03,256.5,484.156
digital_2.SchDoc,4,C369,C369,,C369-2,2,VCC,false,1,258.0,480.521,263.0,483.02,260.5,481.77,1,256.0,477.044,257.001,482.04,256.5,479.542
digital_2.SchDoc,4,C370,C370,,C370-1,1,GND,false,1,268.0,480.521,273.0,483.02,270.5,481.77,1,265.0,482.283,267.001,486.03,266.0,484.156
digital_2.SchDoc,4,C370,C370,,C370-2,2,VCC,false,1,268.0,480.521,273.0,483.02,270.5,481.77,1,265.0,477.044,267.001,482.04,266.0,479.542
digital_2.SchDoc,4,C371,C371,,C371-1,1,GND,false,1,278.0,480.521,282.0,483.02,280.0,481.77,1,275.0,482.283,276.001,486.03,275.5,484.156
digital_2.SchDoc,4,C371,C371,,C371-2,2,VCC,false,1,278.0,480.521,282.0,483.02,280.0,481.77,1,275.0,477.044,276.001,482.04,275.5,479.542
digital_2.SchDoc,4,C372,C372,,C372-1,1,GND,false,1,288.0,480.521,292.0,483.02,290.0,481.77,1,285.0,482.283,286.001,486.03,285.5,484.156
digital_2.SchDoc,4,C372,C372,,C372-2,2,VCC,false,1,288.0,480.521,292.0,483.02,290.0,481.77,1,285.0,477.044,286.001,482.04,285.5,479.542
digital_2.SchDoc,4,C373,C373,,C373-1,1,GND,false,1,297.0,480.521,302.0,483.02,299.5,481.77,1,294.0,482.283,296.001,486.03,295.0,484.156
digital_2.SchDoc,4,C373,C373,,C373-2,2,VCC,false,1,297.0,480.521,302.0,483.02,299.5,481.77,1,294.0,477.044,296.001,482.04,295.0,479.542
digital_2.SchDoc,4,,U53,,U53-7,7,GND,true,0,,,,,,,1,575.0,445.521,581.0,448.02,578.0,446.77
digital_2.SchDoc,4,,U53,,U53-14,14,VDD,true,0,,,,,,,1,563.0,448.76,569.0,450.01,566.0,449.385
digital_2.SchDoc,4,U53E,U53,E,U53-10,10,STATE5&6,false,1,568.0,435.521,573.0,438.02,570.5,436.77,1,575.0,441.76,581.0,443.01,578.0,442.385
digital_2.SchDoc,4,U53E,U53,E,U53-11,11,/STATE5&6,false,1,568.0,435.521,573.0,438.02,570.5,436.77,1,563.0,441.76,569.0,443.01,566.0,442.385
digital_2.SchDoc,4,,U77,,U77-7,7,GND,true,0,,,,,,,1,248.0,187.76,254.0,189.01,251.0,188.385
digital_2.SchDoc,4,,U77,,U77-14,14,VDD,true,0,,,,,,,1,234.0,184.521,240.0,187.02,237.0,185.77
digital_2.SchDoc,4,U77B,U77,B,U77-4,4,NetU77_4,false,1,239.0,186.282,244.001,190.03,241.5,188.156,1,248.0,192.76,254.0,194.01,251.0,193.385
digital_2.SchDoc,4,U77B,U77,B,U77-5,5,/RES_CY,false,1,239.0,186.282,244.001,190.03,241.5,188.156,1,234.0,194.521,240.0,197.02,237.0,195.77
digital_2.SchDoc,4,U77B,U77,B,U77-6,6,NetU77_6,false,1,239.0,186.282,244.001,190.03,241.5,188.156,1,234.0,189.521,240.0,192.02,237.0,190.77
digital_2.SchDoc,4,,U78,,U78-7,7,GND,true,0,,,,,,,1,285.0,304.76,291.0,306.01,288.0,305.385
digital_2.SchDoc,4,,U78,,U78-14,14,VDD,true,0,,,,,,,1,270.0,306.521,276.0,309.02,273.0,307.77
digital_2.SchDoc,4,U78A,U78,A,U78-1,1,NetU78_1,false,1,275.0,293.282,281.001,297.03,278.0,295.156,1,270.0,297.76,276.0,299.01,273.0,298.385
digital_2.SchDoc,4,U78A,U78,A,U78-2,2,NetU78_2,false,1,275.0,293.282,281.001,297.03,278.0,295.156,1,270.0,302.76,276.0,304.01,273.0,303.385
digital_2.SchDoc,4,U78A,U78,A,U78-3,3,NetU78_3,false,1,275.0,293.282,281.001,297.03,278.0,295.156,1,285.0,299.76,291.0,301.01,288.0,300.385
digital_2.SchDoc,4,U78B,U78,B,U78-4,4,NetU78_4,false,1,275.0,293.282,281.001,297.03,278.0,295.156,1,285.0,284.521,291.0,287.02,288.0,285.77
digital_2.SchDoc,4,U78B,U78,B,U78-5,5,NetU78_5,false,1,275.0,293.282,281.001,297.03,278.0,295.156,1,270.0,282.76,276.0,284.01,273.0,283.385
digital_2.SchDoc,4,U78B,U78,B,U78-6,6,NetU78_2,false,1,275.0,293.282,281.001,297.03,278.0,295.156,1,270.0,287.76,276.0,289.01,273.0,288.385
digital_2.SchDoc,4,U78C,U78,C,U78-8,8,NetU78_2,false,1,275.0,293.282,281.001,297.03,278.0,295.156,1,270.0,272.521,276.0,275.02,273.0,273.77
digital_2.SchDoc,4,U78C,U78,C,U78-9,9,NetU78_9,false,1,275.0,293.282,281.001,297.03,278.0,295.156,1,270.0,267.521,276.0,270.02,273.0,268.77
digital_2.SchDoc,4,U78C,U78,C,U78-10,10,NetU78_10,false,1,275.0,293.282,281.001,297.03,278.0,295.156,1,285.0,270.76,291.0,272.01,288.0,271.385
digital_2.SchDoc,4,U78D,U78,D,U78-11,11,NetU78_11,false,1,275.0,293.282,281.001,297.03,278.0,295.156,1,285.0,255.521,291.0,258.02,288.0,256.77
digital_2.SchDoc,4,U78D,U78,D,U78-12,12,NetU78_2,false,1,275.0,293.282,281.001,297.03,278.0,295.156,1,270.0,258.76,276.0,260.01,273.0,259.385
digital_2.SchDoc,4,U78D,U78,D,U78-13,13,NetU78_13,false,1,275.0,293.282,281.001,297.03,278.0,295.156,1,270.0,253.76,276.0,255.01,273.0,254.385
digital_2.SchDoc,4,,U79,,U79-7,7,GND,true,0,,,,,,,1,556.0,445.521,562.0,448.02,559.0,446.77
digital_2.SchDoc,4,,U79,,U79-14,14,VDD,true,0,,,,,,,1,541.0,448.76,547.0,450.01,544.0,449.385
digital_2.SchDoc,4,U79A,U79,A,U79-1,1,STATE5,false,1,544.0,434.521,549.0,437.02,546.5,435.77,1,541.0,438.76,547.0,440.01,544.0,439.385
digital_2.SchDoc,4,U79A,U79,A,U79-2,2,STATE6,false,1,544.0,434.521,549.0,437.02,546.5,435.77,1,541.0,443.76,547.0,445.01,544.0,444.385
digital_2.SchDoc,4,U79A,U79,A,U79-3,3,/STATE5&6,false,1,544.0,434.521,549.0,437.02,546.5,435.77,1,556.0,441.76,562.0,443.01,559.0,442.385
digital_2.SchDoc,4,U79B,U79,B,U79-4,4,NetU79_4,false,1,544.0,434.521,549.0,437.02,546.5,435.77,1,222.0,206.521,227.0,209.02,224.5,207.77
digital_2.SchDoc,4,U79B,U79,B,U79-5,5,/STATE5&6,false,1,544.0,434.521,549.0,437.02,546.5,435.77,1,207.0,204.76,213.0,206.01,210.0,205.385
digital_2.SchDoc,4,U79B,U79,B,U79-6,6,/AMPZERO,false,1,544.0,434.521,549.0,437.02,546.5,435.77,1,207.0,209.76,213.0,211.01,210.0,210.385
digital_2.SchDoc,4,U79C,U79,C,U79-8,8,NetU79_4,false,1,544.0,434.521,549.0,437.02,546.5,435.77,1,234.0,204.76,240.0,206.01,237.0,205.385
digital_2.SchDoc,4,U79C,U79,C,U79-9,9,NetU79_4,false,1,544.0,434.521,549.0,437.02,546.5,435.77,1,234.0,209.76,240.0,211.01,237.0,210.385
digital_2.SchDoc,4,U79C,U79,C,U79-10,10,NetU78_2,false,1,544.0,434.521,549.0,437.02,546.5,435.77,1,248.0,206.521,254.0,209.02,251.0,207.77
digital_2.SchDoc,4,,U80,,U80-7,7,GND,true,0,,,,,,,1,319.0,297.76,325.0,299.01,322.0,298.385
digital_2.SchDoc,4,,U80,,U80-14,14,VDD,true,0,,,,,,,1,305.0,294.521,310.0,297.02,307.5,295.77
digital_2.SchDoc,4,U80A,U80,A,U80-1,1,A_CLR,false,1,310.0,296.521,315.0,299.02,312.5,297.77,1,305.0,304.76,310.0,306.01,307.5,305.385
digital_2.SchDoc,4,U80A,U80,A,U80-2,2,NetU78_3,false,1,310.0,296.521,315.0,299.02,312.5,297.77,1,305.0,299.76,310.0,301.01,307.5,300.385
digital_2.SchDoc,4,U80A,U80,A,U80-3,3,NetU80_3,false,1,310.0,296.521,315.0,299.02,312.5,297.77,1,319.0,302.76,325.0,304.01,322.0,303.385
digital_2.SchDoc,4,U80B,U80,B,U80-4,4,NetU80_4,false,1,310.0,296.521,315.0,299.02,312.5,297.77,1,319.0,287.76,325.0,289.01,322.0,288.385
digital_2.SchDoc,4,U80B,U80,B,U80-5,5,A_CLR,false,1,310.0,296.521,315.0,299.02,312.5,297.77,1,305.0,289.521,310.0,292.02,307.5,290.77
digital_2.SchDoc,4,U80B,U80,B,U80-6,6,NetU78_4,false,1,310.0,296.521,315.0,299.02,312.5,297.77,1,305.0,284.521,310.0,287.02,307.5,285.77
digital_2.SchDoc,4,U80C,U80,C,U80-8,8,NetU78_10,false,1,310.0,296.521,315.0,299.02,312.5,297.77,1,305.0,270.76,310.0,272.01,307.5,271.385
digital_2.SchDoc,4,U80C,U80,C,U80-9,9,A_CLR,false,1,310.0,296.521,315.0,299.02,312.5,297.77,1,305.0,275.76,310.0,277.01,307.5,276.385
digital_2.SchDoc,4,U80C,U80,C,U80-10,10,NetU80_10,false,1,310.0,296.521,315.0,299.02,312.5,297.77,1,319.0,272.521,325.0,275.02,322.0,273.77
digital_2.SchDoc,4,U80D,U80,D,U80-11,11,NetU80_11,false,1,310.0,296.521,315.0,299.02,312.5,297.77,1,319.0,258.76,325.0,260.01,322.0,259.385
digital_2.SchDoc,4,U80D,U80,D,U80-12,12,NetU78_11,false,1,310.0,296.521,315.0,299.02,312.5,297.77,1,305.0,255.521,310.0,258.02,307.5,256.77
digital_2.SchDoc,4,U80D,U80,D,U80-13,13,A_CLR,false,1,310.0,296.521,315.0,299.02,312.5,297.77,1,305.0,260.521,310.0,263.02,307.5,261.77
digital_2.SchDoc,4,,U81,,U81-7,7,GND,true,0,,,,,,,1,370.0,309.76,376.0,311.01,373.0,310.385
digital_2.SchDoc,4,,U81,,U81-14,14,VDD,true,0,,,,,,,1,356.0,311.521,362.0,314.02,359.0,312.77
digital_2.SchDoc,4,U81A,U81,A,U81-1,1,NetU77_4,false,1,359.0,298.521,364.0,301.02,361.5,299.77,1,356.0,306.521,362.0,309.02,359.0,307.77
digital_2.SchDoc,4,U81A,U81,A,U81-2,2,NetU80_3,false,1,359.0,298.521,364.0,301.02,361.5,299.77,1,356.0,302.76,362.0,304.01,359.0,303.385
digital_2.SchDoc,4,U81A,U81,A,U81-3,3,NetU81_3,false,1,359.0,298.521,364.0,301.02,361.5,299.77,1,370.0,304.76,376.0,306.01,373.0,305.385
digital_2.SchDoc,4,U81B,U81,B,U81-4,4,NetU81_4,false,1,359.0,298.521,364.0,301.02,361.5,299.77,1,370.0,289.521,376.0,292.02,373.0,290.77
digital_2.SchDoc,4,U81B,U81,B,U81-5,5,NetU77_4,false,1,359.0,298.521,364.0,301.02,361.5,299.77,1,356.0,292.76,362.0,294.01,359.0,293.385
digital_2.SchDoc,4,U81B,U81,B,U81-6,6,NetU80_4,false,1,359.0,298.521,364.0,301.02,361.5,299.77,1,356.0,287.76,362.0,289.01,359.0,288.385
digital_2.SchDoc,4,U81C,U81,C,U81-8,8,NetU80_10,false,1,359.0,298.521,364.0,301.02,361.5,299.77,1,356.0,272.521,362.0,275.02,359.0,273.77
digital_2.SchDoc,4,U81C,U81,C,U81-9,9,NetU77_4,false,1,359.0,298.521,364.0,301.02,361.5,299.77,1,356.0,277.521,362.0,280.02,359.0,278.77
digital_2.SchDoc,4,U81C,U81,C,U81-10,10,NetU81_10,false,1,359.0,298.521,364.0,301.02,361.5,299.77,1,370.0,275.76,376.0,277.01,373.0,276.385
digital_2.SchDoc,4,U81D,U81,D,U81-11,11,NetU81_11,false,1,359.0,298.521,364.0,301.02,361.5,299.77,1,370.0,260.521,376.0,263.02,373.0,261.77
digital_2.SchDoc,4,U81D,U81,D,U81-12,12,NetU80_11,false,1,359.0,298.521,364.0,301.02,361.5,299.77,1,356.0,258.76,362.0,260.01,359.0,259.385
digital_2.SchDoc,4,U81D,U81,D,U81-13,13,NetU77_4,false,1,359.0,298.521,364.0,301.02,361.5,299.77,1,356.0,262.521,362.0,265.02,359.0,263.77
digital_2.SchDoc,4,,U82,,U82-7,7,GND,true,0,,,,,,,1,370.0,367.521,376.0,370.02,373.0,368.77
digital_2.SchDoc,4,,U82,,U82-14,14,VDD,true,0,,,,,,,1,356.0,370.76,362.0,372.01,359.0,371.385
digital_2.SchDoc,4,U82A,U82,A,U82-1,1,A_CLR,false,1,359.0,356.521,364.0,359.02,361.5,357.77,1,356.0,365.76,362.0,367.01,359.0,366.385
digital_2.SchDoc,4,U82A,U82,A,U82-2,2,RESA3,false,1,359.0,356.521,364.0,359.02,361.5,357.77,1,356.0,360.76,362.0,362.01,359.0,361.385
digital_2.SchDoc,4,U82A,U82,A,U82-3,3,NetU82_3,false,1,359.0,356.521,364.0,359.02,361.5,357.77,1,370.0,362.521,376.0,365.02,373.0,363.77
digital_2.SchDoc,4,U82B,U82,B,U82-4,4,NetU82_4,false,1,359.0,356.521,364.0,359.02,361.5,357.77,1,370.0,348.76,376.0,350.01,373.0,349.385
digital_2.SchDoc,4,U82B,U82,B,U82-5,5,A_CLR,false,1,359.0,356.521,364.0,359.02,361.5,357.77,1,356.0,350.521,362.0,353.02,359.0,351.77
digital_2.SchDoc,4,U82B,U82,B,U82-6,6,RESA2,false,1,359.0,356.521,364.0,359.02,361.5,357.77,1,356.0,345.521,362.0,348.02,359.0,346.77
digital_2.SchDoc,4,U82C,U82,C,U82-8,8,RESA1,false,1,359.0,356.521,364.0,359.02,361.5,357.77,1,356.0,331.76,362.0,333.01,359.0,332.385
digital_2.SchDoc,4,U82C,U82,C,U82-9,9,A_CLR,false,1,359.0,356.521,364.0,359.02,361.5,357.77,1,356.0,336.76,362.0,338.01,359.0,337.385
digital_2.SchDoc,4,U82C,U82,C,U82-10,10,NetU82_10,false,1,359.0,356.521,364.0,359.02,361.5,357.77,1,370.0,333.521,376.0,336.02,373.0,334.77
digital_2.SchDoc,4,U82D,U82,D,U82-11,11,NetU82_11,false,1,359.0,356.521,364.0,359.02,361.5,357.77,1,370.0,319.76,376.0,321.01,373.0,320.385
digital_2.SchDoc,4,U82D,U82,D,U82-12,12,RESA0,false,1,359.0,356.521,364.0,359.02,361.5,357.77,1,356.0,316.521,362.0,319.02,359.0,317.77
digital_2.SchDoc,4,U82D,U82,D,U82-13,13,A_CLR,false,1,359.0,356.521,364.0,359.02,361.5,357.77,1,356.0,321.76,362.0,323.01,359.0,322.385
digital_2.SchDoc,4,U83,U83,,U83-1,1,NetU81_3,false,1,400.0,297.282,404.0,301.03,402.0,299.156,1,395.0,309.76,401.0,311.01,398.0,310.385
digital_2.SchDoc,4,U83,U83,,U83-2,2,NetU82_4,false,1,400.0,297.282,404.0,301.03,402.0,299.156,1,395.0,319.76,401.0,321.01,398.0,320.385
digital_2.SchDoc,4,U83,U83,,U83-3,3,NetU81_4,false,1,400.0,297.282,404.0,301.03,402.0,299.156,1,395.0,306.521,401.0,309.02,398.0,307.77
digital_2.SchDoc,4,U83,U83,,U83-4,4,NetU82_10,false,1,400.0,297.282,404.0,301.03,402.0,299.156,1,395.0,316.521,401.0,319.02,398.0,317.77
digital_2.SchDoc,4,U83,U83,,U83-5,5,NetU81_10,false,1,400.0,297.282,404.0,301.03,402.0,299.156,1,395.0,304.76,401.0,306.01,398.0,305.385
digital_2.SchDoc,4,U83,U83,,U83-6,6,NetU82_11,false,1,400.0,297.282,404.0,301.03,402.0,299.156,1,395.0,314.76,401.0,316.01,398.0,315.385
digital_2.SchDoc,4,U83,U83,,U83-7,7,NetU81_11,false,1,400.0,297.282,404.0,301.03,402.0,299.156,1,395.0,302.76,401.0,304.01,398.0,303.385
digital_2.SchDoc,4,U83,U83,,U83-8,8,GND,false,1,400.0,297.282,404.0,301.03,402.0,299.156,1,395.0,331.76,401.0,333.01,398.0,332.385
digital_2.SchDoc,4,U83,U83,,U83-9,9,NetU83_9,false,1,400.0,297.282,404.0,301.03,402.0,299.156,1,395.0,326.76,401.0,328.01,398.0,327.385
digital_2.SchDoc,4,U83,U83,,U83-10,10,NetU83_10,false,1,400.0,297.282,404.0,301.03,402.0,299.156,1,414.0,309.76,420.0,311.01,417.0,310.385
digital_2.SchDoc,4,U83,U83,,U83-11,11,NetU83_11,false,1,400.0,297.282,404.0,301.03,402.0,299.156,1,414.0,311.521,420.0,314.02,417.0,312.77
digital_2.SchDoc,4,U83,U83,,U83-12,12,NetU83_12,false,1,400.0,297.282,404.0,301.03,402.0,299.156,1,414.0,314.76,420.0,316.01,417.0,315.385
digital_2.SchDoc,4,U83,U83,,U83-13,13,NetU83_13,false,1,400.0,297.282,404.0,301.03,402.0,299.156,1,414.0,316.521,420.0,319.02,417.0,317.77
digital_2.SchDoc,4,U83,U83,,U83-14,14,NetU83_14,false,1,400.0,297.282,404.0,301.03,402.0,299.156,1,414.0,321.76,420.0,323.01,417.0,322.385
digital_2.SchDoc,4,U83,U83,,U83-15,15,NetU82_3,false,1,400.0,297.282,404.0,301.03,402.0,299.156,1,395.0,321.76,401.0,323.01,398.0,322.385
digital_2.SchDoc,4,U83,U83,,U83-16,16,VCC,false,1,400.0,297.282,404.0,301.03,402.0,299.156,1,414.0,302.76,420.0,304.01,417.0,303.385
digital_2.SchDoc,4,U84,U84,,U84-1,1,RESB3,false,1,359.0,188.522,362.0,191.02,360.5,189.771,1,353.0,199.521,359.0,202.02,356.0,200.77
digital_2.SchDoc,4,U84,U84,,U84-2,2,RESC2,false,1,359.0,188.522,362.0,191.02,360.5,189.771,1,353.0,209.76,359.0,211.01,356.0,210.385
digital_2.SchDoc,4,U84,U84,,U84-3,3,RESB2,false,1,359.0,188.522,362.0,191.02,360.5,189.771,1,353.0,197.76,359.0,199.01,356.0,198.385
digital_2.SchDoc,4,U84,U84,,U84-4,4,RESC1,false,1,359.0,188.522,362.0,191.02,360.5,189.771,1,353.0,206.521,359.0,209.02,356.0,207.77
digital_2.SchDoc,4,U84,U84,,U84-5,5,RESB1,false,1,359.0,188.522,362.0,191.02,360.5,189.771,1,353.0,194.521,359.0,197.02,356.0,195.77
digital_2.SchDoc,4,U84,U84,,U84-6,6,RESC0,false,1,359.0,188.522,362.0,191.02,360.5,189.771,1,353.0,204.76,359.0,206.01,356.0,205.385
digital_2.SchDoc,4,U84,U84,,U84-7,7,RESB0,false,1,359.0,188.522,362.0,191.02,360.5,189.771,1,353.0,192.76,359.0,194.01,356.0,193.385
digital_2.SchDoc,4,U84,U84,,U84-8,8,GND,false,1,359.0,188.522,362.0,191.02,360.5,189.771,1,353.0,221.76,359.0,223.01,356.0,222.385
digital_2.SchDoc,4,U84,U84,,U84-9,9,GND,false,1,359.0,188.522,362.0,191.02,360.5,189.771,1,353.0,216.521,359.0,219.02,356.0,217.77
digital_2.SchDoc,4,U84,U84,,U84-10,10,NetU84_10,false,1,359.0,188.522,362.0,191.02,360.5,189.771,1,373.0,199.521,379.0,202.02,376.0,200.77
digital_2.SchDoc,4,U84,U84,,U84-11,11,NetU84_11,false,1,359.0,188.522,362.0,191.02,360.5,189.771,1,373.0,202.76,379.0,204.01,376.0,203.385
digital_2.SchDoc,4,U84,U84,,U84-12,12,NetU84_12,false,1,359.0,188.522,362.0,191.02,360.5,189.771,1,373.0,204.76,379.0,206.01,376.0,205.385
digital_2.SchDoc,4,U84,U84,,U84-13,13,NetU84_13,false,1,359.0,188.522,362.0,191.02,360.5,189.771,1,373.0,206.521,379.0,209.02,376.0,207.77
digital_2.SchDoc,4,U84,U84,,U84-14,14,NetU84_14,false,1,359.0,188.522,362.0,191.02,360.5,189.771,1,373.0,211.521,379.0,214.02,376.0,212.77
digital_2.SchDoc,4,U84,U84,,U84-15,15,RESC3,false,1,359.0,188.522,362.0,191.02,360.5,189.771,1,353.0,211.521,359.0,214.02,356.0,212.77
digital_2.SchDoc,4,U84,U84,,U84-16,16,VCC,false,1,359.0,188.522,362.0,191.02,360.5,189.771,1,373.0,192.76,379.0,194.01,376.0,193.385
digital_2.SchDoc,4,,U85,,U85-7,7,GND,true,0,,,,,,,1,370.0,382.76,376.0,384.01,373.0,383.385
digital_2.SchDoc,4,,U85,,U85-14,14,VDD,true,0,,,,,,,1,356.0,384.521,362.0,387.02,359.0,385.77
digital_2.SchDoc,4,U85A,U85,A,U85-1,1,A_CLR,false,1,359.0,371.521,364.0,374.02,361.5,372.77,1,356.0,380.76,362.0,382.01,359.0,381.385
digital_2.SchDoc,4,U85A,U85,A,U85-2,2,NetU84_14,false,1,359.0,371.521,364.0,374.02,361.5,372.77,1,356.0,375.76,362.0,377.01,359.0,376.385
digital_2.SchDoc,4,U85A,U85,A,U85-3,3,NetU83_9,false,1,359.0,371.521,364.0,374.02,361.5,372.77,1,370.0,377.521,376.0,380.02,373.0,378.77
digital_2.SchDoc,4,U85B,U85,B,U85-4,4,NetU85_4,false,1,359.0,371.521,364.0,374.02,361.5,372.77,1,412.0,245.521,418.0,248.02,415.0,246.77
digital_2.SchDoc,4,U85B,U85,B,U85-5,5,A_CLR,false,1,359.0,371.521,364.0,374.02,361.5,372.77,1,397.0,248.76,403.0,250.01,400.0,249.385
digital_2.SchDoc,4,U85B,U85,B,U85-6,6,NetU84_13,false,1,359.0,371.521,364.0,374.02,361.5,372.77,1,397.0,243.76,403.0,245.01,400.0,244.385
digital_2.SchDoc,4,,U86,,U86-7,7,GND,true,0,,,,,,,1,412.0,226.76,418.0,228.01,415.0,227.385
digital_2.SchDoc,4,,U86,,U86-14,14,VDD,true,0,,,,,,,1,397.0,223.521,403.0,226.02,400.0,224.77
digital_2.SchDoc,4,U86A,U86,A,U86-1,1,NetU77_6,false,1,402.0,225.282,407.001,229.03,404.5,227.156,1,397.0,233.521,403.0,236.02,400.0,234.77
digital_2.SchDoc,4,U86A,U86,A,U86-2,2,NetU84_12,false,1,402.0,225.282,407.001,229.03,404.5,227.156,1,397.0,228.521,403.0,231.02,400.0,229.77
digital_2.SchDoc,4,U86A,U86,A,U86-3,3,NetU86_3,false,1,402.0,225.282,407.001,229.03,404.5,227.156,1,412.0,231.76,418.0,233.01,415.0,232.385
digital_2.SchDoc,4,U86B,U86,B,U86-4,4,NetU86_4,false,1,402.0,225.282,407.001,229.03,404.5,227.156,1,412.0,216.521,418.0,219.02,415.0,217.77
digital_2.SchDoc,4,U86B,U86,B,U86-5,5,NetU77_6,false,1,402.0,225.282,407.001,229.03,404.5,227.156,1,397.0,219.76,403.0,221.01,400.0,220.385
digital_2.SchDoc,4,U86B,U86,B,U86-6,6,NetU84_11,false,1,402.0,225.282,407.001,229.03,404.5,227.156,1,397.0,214.76,403.0,216.01,400.0,215.385
digital_2.SchDoc,4,U86C,U86,C,U86-8,8,NetU77_6,false,1,402.0,225.282,407.001,229.03,404.5,227.156,1,397.0,204.76,403.0,206.01,400.0,205.385
digital_2.SchDoc,4,U86C,U86,C,U86-9,9,NetU84_10,false,1,402.0,225.282,407.001,229.03,404.5,227.156,1,397.0,199.521,403.0,202.02,400.0,200.77
digital_2.SchDoc,4,U86C,U86,C,U86-10,10,NetU86_10,false,1,402.0,225.282,407.001,229.03,404.5,227.156,1,412.0,202.76,418.0,204.01,415.0,203.385
digital_2.SchDoc,4,U87,U87,,U87-1,1,SEL0,false,1,471.0,361.522,474.0,364.02,472.5,362.771,1,463.0,372.521,471.0,375.02,467.0,373.77
digital_2.SchDoc,4,U87,U87,,U87-2,2,RAM_CE,false,1,471.0,361.522,474.0,364.02,472.5,362.771,1,463.0,367.521,471.0,370.02,467.0,368.77
digital_2.SchDoc,4,U87,U87,,U87-3,3,WR_B,false,1,471.0,361.522,474.0,364.02,472.5,362.771,1,463.0,365.759,471.0,367.01,467.0,366.385
digital_2.SchDoc,4,U87,U87,,U87-4,4,GND,false,1,471.0,361.522,474.0,364.02,472.5,362.771,1,463.0,384.521,471.0,387.02,467.0,385.77
digital_2.SchDoc,4,U87,U87,,U87-5,5,NetU87_5,false,1,471.0,361.522,474.0,364.02,472.5,362.771,1,487.0,380.759,496.0,382.01,491.5,381.385
digital_2.SchDoc,4,U87,U87,,U87-6,6,GND,false,1,471.0,361.522,474.0,364.02,472.5,362.771,1,463.0,387.759,471.0,389.01,467.0,388.385
digital_2.SchDoc,4,U87,U87,,U87-7,7,NetU87_7,false,1,471.0,361.522,474.0,364.02,472.5,362.771,1,487.0,382.759,496.0,384.01,491.5,383.385
digital_2.SchDoc,4,U87,U87,,U87-8,8,GND,false,1,471.0,361.522,474.0,364.02,472.5,362.771,1,463.0,397.759,471.0,399.01,467.0,398.385
digital_2.SchDoc,4,U87,U87,,U87-9,9,NetU87_9,false,1,471.0,361.522,474.0,364.02,472.5,362.771,1,487.0,384.521,496.0,387.02,491.5,385.77
digital_2.SchDoc,4,U87,U87,,U87-10,10,GND,false,1,471.0,361.522,474.0,364.02,472.5,362.771,1,463.0,389.521,471.0,392.02,467.0,390.77
digital_2.SchDoc,4,U87,U87,,U87-11,11,/RES_CY,false,1,471.0,361.522,474.0,364.02,472.5,362.771,1,487.0,387.759,496.0,389.01,491.5,388.385
digital_2.SchDoc,4,U87,U87,,U87-12,12,NetU83_14,false,1,471.0,361.522,474.0,364.02,472.5,362.771,1,463.0,392.759,471.0,394.01,467.0,393.385
digital_2.SchDoc,4,U87,U87,,U87-13,13,GND,false,1,471.0,361.522,474.0,364.02,472.5,362.771,1,463.0,380.759,471.0,382.01,467.0,381.385
digital_2.SchDoc,4,U87,U87,,U87-14,14,SEL2,false,1,471.0,361.522,474.0,364.02,472.5,362.771,1,463.0,377.521,471.0,380.02,467.0,378.77
digital_2.SchDoc,4,U87,U87,,U87-15,15,SEL1,false,1,471.0,361.522,474.0,364.02,472.5,362.771,1,463.0,375.759,471.0,377.01,467.0,376.385
digital_2.SchDoc,4,U87,U87,,U87-16,16,VCC,false,1,471.0,361.522,474.0,364.02,472.5,362.771,1,487.0,365.759,496.0,367.01,491.5,366.385
digital_2.SchDoc,4,U88,U88,,U88-1,1,SEL0,false,1,471.0,314.283,474.001,318.03,472.5,316.156,1,463.0,326.759,471.0,328.01,467.0,327.385
digital_2.SchDoc,4,U88,U88,,U88-2,2,RAM_CE,false,1,471.0,314.283,474.001,318.03,472.5,316.156,1,463.0,321.759,471.0,323.01,467.0,322.385
digital_2.SchDoc,4,U88,U88,,U88-3,3,WR_B,false,1,471.0,314.283,474.001,318.03,472.5,316.156,1,463.0,319.759,471.0,321.01,467.0,320.385
digital_2.SchDoc,4,U88,U88,,U88-4,4,NetU83_10,false,1,471.0,314.283,474.001,318.03,472.5,316.156,1,463.0,338.521,471.0,341.02,467.0,339.77
digital_2.SchDoc,4,U88,U88,,U88-5,5,NetU88_5,false,1,471.0,314.283,474.001,318.03,472.5,316.156,1,487.0,333.521,496.0,336.02,491.5,334.77
digital_2.SchDoc,4,U88,U88,,U88-6,6,NetU83_11,false,1,471.0,314.283,474.001,318.03,472.5,316.156,1,463.0,340.521,471.0,343.02,467.0,341.77
digital_2.SchDoc,4,U88,U88,,U88-7,7,NetU88_7,false,1,471.0,314.283,474.001,318.03,472.5,316.156,1,487.0,336.759,496.0,338.01,491.5,337.385
digital_2.SchDoc,4,U88,U88,,U88-8,8,GND,false,1,471.0,314.283,474.001,318.03,472.5,316.156,1,463.0,350.521,471.0,353.02,467.0,351.77
digital_2.SchDoc,4,U88,U88,,U88-9,9,NetU88_9,false,1,471.0,314.283,474.001,318.03,472.5,316.156,1,487.0,338.521,496.0,341.02,491.5,339.77
digital_2.SchDoc,4,U88,U88,,U88-10,10,NetU83_12,false,1,471.0,314.283,474.001,318.03,472.5,316.156,1,463.0,343.759,471.0,345.01,467.0,344.385
digital_2.SchDoc,4,U88,U88,,U88-11,11,NetU88_11,false,1,471.0,314.283,474.001,318.03,472.5,316.156,1,487.0,340.521,496.0,343.02,491.5,341.77
digital_2.SchDoc,4,U88,U88,,U88-12,12,NetU83_13,false,1,471.0,314.283,474.001,318.03,472.5,316.156,1,463.0,345.521,471.0,348.02,467.0,346.77
digital_2.SchDoc,4,U88,U88,,U88-13,13,GND,false,1,471.0,314.283,474.001,318.03,472.5,316.156,1,463.0,333.521,471.0,336.02,467.0,334.77
digital_2.SchDoc,4,U88,U88,,U88-14,14,SEL2,false,1,471.0,314.283,474.001,318.03,472.5,316.156,1,463.0,331.759,471.0,333.01,467.0,332.385
digital_2.SchDoc,4,U88,U88,,U88-15,15,SEL1,false,1,471.0,314.283,474.001,318.03,472.5,316.156,1,463.0,328.521,471.0,331.02,467.0,329.77
digital_2.SchDoc,4,U88,U88,,U88-16,16,VCC,false,1,471.0,314.283,474.001,318.03,472.5,316.156,1,487.0,319.759,496.0,321.01,491.5,320.385
digital_2.SchDoc,4,U89,U89,,U89-1,1,SEL0,false,1,471.0,271.522,474.0,274.02,472.5,272.771,1,463.0,282.759,471.0,284.01,467.0,283.385
digital_2.SchDoc,4,U89,U89,,U89-2,2,RAM_CE,false,1,471.0,271.522,474.0,274.02,472.5,272.771,1,463.0,277.521,471.0,280.02,467.0,278.77
digital_2.SchDoc,4,U89,U89,,U89-3,3,WR_A,false,1,471.0,271.522,474.0,274.02,472.5,272.771,1,463.0,275.759,471.0,277.01,467.0,276.385
digital_2.SchDoc,4,U89,U89,,U89-4,4,NetU83_10,false,1,471.0,271.522,474.0,274.02,472.5,272.771,1,463.0,294.521,471.0,297.02,467.0,295.77
digital_2.SchDoc,4,U89,U89,,U89-5,5,NetU89_5,false,1,471.0,271.522,474.0,274.02,472.5,272.771,1,487.0,289.521,496.0,292.02,491.5,290.77
digital_2.SchDoc,4,U89,U89,,U89-6,6,NetU83_11,false,1,471.0,271.522,474.0,274.02,472.5,272.771,1,463.0,297.759,471.0,299.01,467.0,298.385
digital_2.SchDoc,4,U89,U89,,U89-7,7,NetU89_7,false,1,471.0,271.522,474.0,274.02,472.5,272.771,1,487.0,292.759,496.0,294.01,491.5,293.385
digital_2.SchDoc,4,U89,U89,,U89-8,8,GND,false,1,471.0,271.522,474.0,274.02,472.5,272.771,1,463.0,306.521,471.0,309.02,467.0,307.77
digital_2.SchDoc,4,U89,U89,,U89-9,9,NetU89_9,false,1,471.0,271.522,474.0,274.02,472.5,272.771,1,487.0,294.521,496.0,297.02,491.5,295.77
digital_2.SchDoc,4,U89,U89,,U89-10,10,NetU83_12,false,1,471.0,271.522,474.0,274.02,472.5,272.771,1,463.0,299.759,471.0,301.01,467.0,300.385
digital_2.SchDoc,4,U89,U89,,U89-11,11,NetU89_11,false,1,471.0,271.522,474.0,274.02,472.5,272.771,1,487.0,297.759,496.0,299.01,491.5,298.385
digital_2.SchDoc,4,U89,U89,,U89-12,12,NetU83_13,false,1,471.0,271.522,474.0,274.02,472.5,272.771,1,463.0,302.759,471.0,304.01,467.0,303.385
digital_2.SchDoc,4,U89,U89,,U89-13,13,GND,false,1,471.0,271.522,474.0,274.02,472.5,272.771,1,463.0,289.521,471.0,292.02,467.0,290.77
digital_2.SchDoc,4,U89,U89,,U89-14,14,SEL2,false,1,471.0,271.522,474.0,274.02,472.5,272.771,1,463.0,287.759,471.0,289.01,467.0,288.385
digital_2.SchDoc,4,U89,U89,,U89-15,15,SEL1,false,1,471.0,271.522,474.0,274.02,472.5,272.771,1,463.0,284.521,471.0,287.02,467.0,285.77
digital_2.SchDoc,4,U89,U89,,U89-16,16,VCC,false,1,471.0,271.522,474.0,274.02,472.5,272.771,1,487.0,275.759,496.0,277.01,491.5,276.385
digital_2.SchDoc,4,U90,U90,,U90-1,1,SEL0,false,1,471.0,210.522,474.0,213.02,472.5,211.771,1,463.0,221.759,471.0,223.01,467.0,222.385
digital_2.SchDoc,4,U90,U90,,U90-2,2,RAM_CE,false,1,471.0,210.522,474.0,213.02,472.5,211.771,1,463.0,216.521,471.0,219.02,467.0,217.77
digital_2.SchDoc,4,U90,U90,,U90-3,3,WR_C,false,1,471.0,210.522,474.0,213.02,472.5,211.771,1,463.0,214.759,471.0,216.01,467.0,215.385
digital_2.SchDoc,4,U90,U90,,U90-4,4,NetU86_10,false,1,471.0,210.522,474.0,213.02,472.5,211.771,1,463.0,233.521,471.0,236.02,467.0,234.77
digital_2.SchDoc,4,U90,U90,,U90-5,5,NetU90_5,false,1,471.0,210.522,474.0,213.02,472.5,211.771,1,487.0,228.521,496.0,231.02,491.5,229.77
digital_2.SchDoc,4,U90,U90,,U90-6,6,NetU86_4,false,1,471.0,210.522,474.0,213.02,472.5,211.771,1,463.0,236.759,471.0,238.01,467.0,237.385
digital_2.SchDoc,4,U90,U90,,U90-7,7,NetU90_7,false,1,471.0,210.522,474.0,213.02,472.5,211.771,1,487.0,231.759,496.0,233.01,491.5,232.385
digital_2.SchDoc,4,U90,U90,,U90-8,8,GND,false,1,471.0,210.522,474.0,213.02,472.5,211.771,1,463.0,245.521,471.0,248.02,467.0,246.77
digital_2.SchDoc,4,U90,U90,,U90-9,9,NetU90_9,false,1,471.0,210.522,474.0,213.02,472.5,211.771,1,487.0,233.521,496.0,236.02,491.5,234.77
digital_2.SchDoc,4,U90,U90,,U90-10,10,NetU86_3,false,1,471.0,210.522,474.0,213.02,472.5,211.771,1,463.0,238.521,471.0,241.02,467.0,239.77
digital_2.SchDoc,4,U90,U90,,U90-11,11,NetU90_11,false,1,471.0,210.522,474.0,213.02,472.5,211.771,1,487.0,236.759,496.0,238.01,491.5,237.385
digital_2.SchDoc,4,U90,U90,,U90-12,12,NetU85_4,false,1,471.0,210.522,474.0,213.02,472.5,211.771,1,463.0,241.759,471.0,243.01,467.0,242.385
digital_2.SchDoc,4,U90,U90,,U90-13,13,GND,false,1,471.0,210.522,474.0,213.02,472.5,211.771,1,463.0,228.521,471.0,231.02,467.0,229.77
digital_2.SchDoc,4,U90,U90,,U90-14,14,SEL2,false,1,471.0,210.522,474.0,213.02,472.5,211.771,1,463.0,226.759,471.0,228.01,467.0,227.385
digital_2.SchDoc,4,U90,U90,,U90-15,15,SEL1,false,1,471.0,210.522,474.0,213.02,472.5,211.771,1,463.0,223.521,471.0,226.02,467.0,224.77
digital_2.SchDoc,4,U90,U90,,U90-16,16,VCC,false,1,471.0,210.522,474.0,213.02,472.5,211.771,1,487.0,214.759,496.0,216.01,491.5,215.385
digital_2.SchDoc,4,,U91,,U91-7,7,GND,true,0,,,,,,,1,529.0,358.76,535.0,360.01,532.0,359.385
digital_2.SchDoc,4,,U91,,U91-14,14,VDD,true,0,,,,,,,1,517.0,360.76,522.0,362.01,519.5,361.385
digital_2.SchDoc,4,U91A,U91,A,U91-1,1,NetU88_11,false,1,522.0,347.282,527.0,351.03,524.5,349.156,1,517.0,353.76,522.0,355.01,519.5,354.385
digital_2.SchDoc,4,U91A,U91,A,U91-2,2,RESB3,false,1,522.0,347.282,527.0,351.03,524.5,349.156,1,529.0,353.76,535.0,355.01,532.0,354.385
digital_2.SchDoc,4,U91B,U91,B,U91-3,3,NetU88_9,false,1,522.0,347.282,527.0,351.03,524.5,349.156,1,517.0,340.521,522.0,343.02,519.5,341.77
digital_2.SchDoc,4,U91B,U91,B,U91-4,4,RESB2,false,1,522.0,347.282,527.0,351.03,524.5,349.156,1,529.0,340.521,535.0,343.02,532.0,341.77
digital_2.SchDoc,4,U91C,U91,C,U91-5,5,NetU88_7,false,1,522.0,347.282,527.0,351.03,524.5,349.156,1,517.0,328.521,522.0,331.02,519.5,329.77
digital_2.SchDoc,4,U91C,U91,C,U91-6,6,RESB1,false,1,522.0,347.282,527.0,351.03,524.5,349.156,1,529.0,328.521,535.0,331.02,532.0,329.77
digital_2.SchDoc,4,U91D,U91,D,U91-8,8,RESB0,false,1,522.0,347.282,527.0,351.03,524.5,349.156,1,529.0,316.521,535.0,319.02,532.0,317.77
digital_2.SchDoc,4,U91D,U91,D,U91-9,9,NetU88_5,false,1,522.0,347.282,527.0,351.03,524.5,349.156,1,517.0,316.521,522.0,319.02,519.5,317.77
digital_2.SchDoc,4,U91E,U91,E,U91-10,10,RESA3,false,1,522.0,347.282,527.0,351.03,524.5,349.156,1,529.0,304.76,535.0,306.01,532.0,305.385
digital_2.SchDoc,4,U91E,U91,E,U91-11,11,NetU89_11,false,1,522.0,347.282,527.0,351.03,524.5,349.156,1,517.0,304.76,522.0,306.01,519.5,305.385
digital_2.SchDoc,4,U91F,U91,F,U91-12,12,RESA2,false,1,522.0,347.282,527.0,351.03,524.5,349.156,1,529.0,292.76,535.0,294.01,532.0,293.385
digital_2.SchDoc,4,U91F,U91,F,U91-13,13,NetU89_9,false,1,522.0,347.282,527.0,351.03,524.5,349.156,1,517.0,292.76,522.0,294.01,519.5,293.385
digital_2.SchDoc,4,,U92,,U92-7,7,GND,true,0,,,,,,,1,529.0,284.521,535.0,287.02,532.0,285.77
digital_2.SchDoc,4,,U92,,U92-14,14,VDD,true,0,,,,,,,1,517.0,287.76,522.0,289.01,519.5,288.385
digital_2.SchDoc,4,U92A,U92,A,U92-1,1,NetU89_7,false,1,522.0,274.521,527.0,277.02,524.5,275.77,1,517.0,280.76,522.0,282.01,519.5,281.385
digital_2.SchDoc,4,U92A,U92,A,U92-2,2,RESA1,false,1,522.0,274.521,527.0,277.02,524.5,275.77,1,529.0,280.76,535.0,282.01,532.0,281.385
digital_2.SchDoc,4,U92B,U92,B,U92-3,3,NetU89_5,false,1,522.0,274.521,527.0,277.02,524.5,275.77,1,517.0,267.521,522.0,270.02,519.5,268.77
digital_2.SchDoc,4,U92B,U92,B,U92-4,4,RESA0,false,1,522.0,274.521,527.0,277.02,524.5,275.77,1,529.0,267.521,535.0,270.02,532.0,268.77
digital_2.SchDoc,4,U92C,U92,C,U92-5,5,NetU90_11,false,1,522.0,274.521,527.0,277.02,524.5,275.77,1,517.0,243.76,522.0,245.01,519.5,244.385
digital_2.SchDoc,4,U92C,U92,C,U92-6,6,RESC3,false,1,522.0,274.521,527.0,277.02,524.5,275.77,1,529.0,243.76,535.0,245.01,532.0,244.385
digital_2.SchDoc,4,U92D,U92,D,U92-8,8,RESC2,false,1,522.0,274.521,527.0,277.02,524.5,275.77,1,529.0,231.76,535.0,233.01,532.0,232.385
digital_2.SchDoc,4,U92D,U92,D,U92-9,9,NetU90_9,false,1,522.0,274.521,527.0,277.02,524.5,275.77,1,517.0,231.76,522.0,233.01,519.5,232.385
digital_2.SchDoc,4,U92E,U92,E,U92-10,10,RESC1,false,1,522.0,274.521,527.0,277.02,524.5,275.77,1,529.0,219.76,535.0,221.01,532.0,220.385
digital_2.SchDoc,4,U92E,U92,E,U92-11,11,NetU90_7,false,1,522.0,274.521,527.0,277.02,524.5,275.77,1,517.0,219.76,522.0,221.01,519.5,220.385
digital_2.SchDoc,4,U92F,U92,F,U92-12,12,RESC0,false,1,522.0,274.521,527.0,277.02,524.5,275.77,1,529.0,206.521,535.0,209.02,532.0,207.77
digital_2.SchDoc,4,U92F,U92,F,U92-13,13,NetU90_5,false,1,522.0,274.521,527.0,277.02,524.5,275.77,1,517.0,206.521,522.0,209.02,519.5,207.77
digital_2.SchDoc,4,,U98,,U98-7,7,GND,true,0,,,,,,,1,241.0,333.521,247.0,336.02,244.0,334.77
digital_2.SchDoc,4,,U98,,U98-14,14,VDD,true,0,,,,,,,1,256.0,331.76,262.0,333.01,259.0,332.385
digital_2.SchDoc,4,U98B,U98,B,U98-9,9,NetU98_9,false,1,246.0,332.521,251.0,335.02,248.5,333.77,1,256.0,345.521,262.0,348.02,259.0,346.77
digital_2.SchDoc,4,U98B,U98,B,U98-10,10,NetU98_10,false,1,246.0,332.521,251.0,335.02,248.5,333.77,1,256.0,343.76,262.0,345.01,259.0,344.385
digital_2.SchDoc,4,U98B,U98,B,U98-11,11,NetU98_11,false,1,246.0,332.521,251.0,335.02,248.5,333.77,1,256.0,338.521,262.0,341.02,259.0,339.77
digital_2.SchDoc,4,U98B,U98,B,U98-12,12,NetU98_12,false,1,246.0,332.521,251.0,335.02,248.5,333.77,1,256.0,336.76,262.0,338.01,259.0,337.385
digital_2.SchDoc,4,U98B,U98,B,U98-13,13,RESA_EQUALS,false,1,246.0,332.521,251.0,335.02,248.5,333.77,1,241.0,340.521,247.0,343.02,244.0,341.77
digital_2.SchDoc,4,,U99,,U99-7,7,GND,true,0,,,,,,,1,270.0,367.521,276.0,370.02,273.0,368.77
digital_2.SchDoc,4,,U99,,U99-14,14,VDD,true,0,,,,,,,1,285.0,370.76,291.0,372.01,288.0,371.385
digital_2.SchDoc,4,U99A,U99,A,U99-1,1,NetU78_3,false,1,275.0,356.521,280.0,359.02,277.5,357.77,1,285.0,365.76,291.0,367.01,288.0,366.385
digital_2.SchDoc,4,U99A,U99,A,U99-2,2,RESA3,false,1,275.0,356.521,280.0,359.02,277.5,357.77,1,285.0,360.76,291.0,362.01,288.0,361.385
digital_2.SchDoc,4,U99A,U99,A,U99-3,3,NetU98_9,false,1,275.0,356.521,280.0,359.02,277.5,357.77,1,270.0,362.521,276.0,365.02,273.0,363.77
digital_2.SchDoc,4,U99B,U99,B,U99-4,4,NetU98_10,false,1,275.0,356.521,280.0,359.02,277.5,357.77,1,270.0,348.76,276.0,350.01,273.0,349.385
digital_2.SchDoc,4,U99B,U99,B,U99-5,5,NetU78_4,false,1,275.0,356.521,280.0,359.02,277.5,357.77,1,285.0,350.521,291.0,353.02,288.0,351.77
digital_2.SchDoc,4,U99B,U99,B,U99-6,6,RESA2,false,1,275.0,356.521,280.0,359.02,277.5,357.77,1,285.0,345.521,291.0,348.02,288.0,346.77
digital_2.SchDoc,4,U99C,U99,C,U99-8,8,RESA1,false,1,275.0,356.521,280.0,359.02,277.5,357.77,1,285.0,331.76,291.0,333.01,288.0,332.385
digital_2.SchDoc,4,U99C,U99,C,U99-9,9,NetU78_10,false,1,275.0,356.521,280.0,359.02,277.5,357.77,1,285.0,336.76,291.0,338.01,288.0,337.385
digital_2.SchDoc,4,U99C,U99,C,U99-10,10,NetU98_11,false,1,275.0,356.521,280.0,359.02,277.5,357.77,1,270.0,333.521,276.0,336.02,273.0,334.77
digital_2.SchDoc,4,U99D,U99,D,U99-11,11,NetU98_12,false,1,275.0,356.521,280.0,359.02,277.5,357.77,1,270.0,319.76,276.0,321.01,273.0,320.385
digital_2.SchDoc,4,U99D,U99,D,U99-12,12,RESA0,false,1,275.0,356.521,280.0,359.02,277.5,357.77,1,285.0,316.521,291.0,319.02,288.0,317.77
digital_2.SchDoc,4,U99D,U99,D,U99-13,13,NetU78_11,false,1,275.0,356.521,280.0,359.02,277.5,357.77,1,285.0,321.76,291.0,323.01,288.0,322.385
digital_2.SchDoc,4,U101,U101,,U101-1,1,STATE4,false,1,471.0,412.521,475.0,415.02,473.0,413.77,1,482.0,431.76,488.0,433.01,485.0,432.385
digital_2.SchDoc,4,U101,U101,,U101-2,2,STATE2,false,1,471.0,412.521,475.0,415.02,473.0,413.77,1,482.0,426.76,488.0,428.01,485.0,427.385
digital_2.SchDoc,4,U101,U101,,U101-3,3,STATE0,false,1,471.0,412.521,475.0,415.02,473.0,413.77,1,482.0,421.76,488.0,423.01,485.0,422.385
digital_2.SchDoc,4,U101,U101,,U101-4,4,STATE7,false,1,471.0,412.521,475.0,415.02,473.0,413.77,1,482.0,438.76,488.0,440.01,485.0,439.385
digital_2.SchDoc,4,U101,U101,,U101-5,5,NetU101_5,false,1,471.0,412.521,475.0,415.02,473.0,413.77,1,482.0,443.76,488.0,445.01,485.0,444.385
digital_2.SchDoc,4,U101,U101,,U101-6,6,STATE5,false,1,471.0,412.521,475.0,415.02,473.0,413.77,1,482.0,433.521,488.0,436.02,485.0,434.77
digital_2.SchDoc,4,U101,U101,,U101-7,7,STATE6,false,1,471.0,412.521,475.0,415.02,473.0,413.77,1,482.0,436.76,488.0,438.01,485.0,437.385
digital_2.SchDoc,4,U101,U101,,U101-8,8,GND,false,1,471.0,412.521,475.0,415.02,473.0,413.77,1,465.0,443.76,471.0,445.01,468.0,444.385
digital_2.SchDoc,4,U101,U101,,U101-9,9,NetU101_9,false,1,471.0,412.521,475.0,415.02,473.0,413.77,1,482.0,441.76,488.0,443.01,485.0,442.385
digital_2.SchDoc,4,U101,U101,,U101-10,10,SEL0,false,1,471.0,412.521,475.0,415.02,473.0,413.77,1,465.0,421.76,471.0,423.01,468.0,422.385
digital_2.SchDoc,4,U101,U101,,U101-11,11,GND,false,1,471.0,412.521,475.0,415.02,473.0,413.77,1,465.0,436.76,471.0,438.01,468.0,437.385
digital_2.SchDoc,4,U101,U101,,U101-12,12,SEL2,false,1,471.0,412.521,475.0,415.02,473.0,413.77,1,465.0,431.76,471.0,433.01,468.0,432.385
digital_2.SchDoc,4,U101,U101,,U101-13,13,SEL1,false,1,471.0,412.521,475.0,415.02,473.0,413.77,1,465.0,426.76,471.0,428.01,468.0,427.385
digital_2.SchDoc,4,U101,U101,,U101-14,14,STATE1,false,1,471.0,412.521,475.0,415.02,473.0,413.77,1,482.0,423.521,488.0,426.02,485.0,424.77
digital_2.SchDoc,4,U101,U101,,U101-15,15,STATE3,false,1,471.0,412.521,475.0,415.02,473.0,413.77,1,482.0,428.521,488.0,431.02,485.0,429.77
digital_2.SchDoc,4,U101,U101,,U101-16,16,VCC,false,1,471.0,412.521,475.0,415.02,473.0,413.77,1,482.0,416.521,488.0,419.02,485.0,417.77
digital_2.SchDoc,4,,U105,,U105-7,7,GND,true,0,,,,,,,1,222.0,182.521,227.0,185.02,224.5,183.77
digital_2.SchDoc,4,,U105,,U105-14,14,VDD,true,0,,,,,,,1,209.0,184.521,215.0,187.02,212.0,185.77
digital_2.SchDoc,4,U105B,U105,B,U105-3,3,A_CLR,false,1,215.0,172.521,221.0,175.02,218.0,173.77,1,209.0,177.521,215.0,180.02,212.0,178.77
digital_2.SchDoc,4,U105B,U105,B,U105-4,4,NetU77_6,false,1,215.0,172.521,221.0,175.02,218.0,173.77,1,222.0,177.521,227.0,180.02,224.5,178.77
digital_2.SchDoc,4,U105F,U105,F,U105-12,12,/STATE4,false,1,215.0,172.521,221.0,175.02,218.0,173.77,1,563.0,421.76,569.0,423.01,566.0,422.385
digital_2.SchDoc,4,U105F,U105,F,U105-13,13,STATE4,false,1,215.0,172.521,221.0,175.02,218.0,173.77,1,551.0,421.76,557.0,423.01,554.0,422.385
digital_2.SchDoc,4,,U164,,U164-7,7,GND,true,0,,,,,,,1,236.0,319.76,242.0,321.01,239.0,320.385
digital_2.SchDoc,4,,U164,,U164-14,14,VDD,true,0,,,,,,,1,212.0,319.76,218.0,321.01,215.0,320.385
digital_2.SchDoc,4,U164A,U164,A,U164-1,1,TPARM_7,false,1,217.0,307.282,224.001,311.03,220.5,309.156,1,212.0,314.76,218.0,316.01,215.0,315.385
digital_2.SchDoc,4,U164A,U164,A,U164-2,2,NetU78_1,false,1,217.0,307.282,224.001,311.03,220.5,309.156,1,236.0,314.76,242.0,316.01,239.0,315.385
digital_2.SchDoc,4,U164A,U164,A,U164-13,13,/STATE4,false,1,217.0,307.282,224.001,311.03,220.5,309.156,1,212.0,311.521,218.0,314.02,215.0,312.77
digital_2.SchDoc,4,U164B,U164,B,U164-3,3,TPARM_6,false,1,217.0,307.282,224.001,311.03,220.5,309.156,1,212.0,289.521,218.0,292.02,215.0,290.77
digital_2.SchDoc,4,U164B,U164,B,U164-4,4,NetU78_5,false,1,217.0,307.282,224.001,311.03,220.5,309.156,1,236.0,289.521,242.0,292.02,239.0,290.77
digital_2.SchDoc,4,U164B,U164,B,U164-5,5,/STATE4,false,1,217.0,307.282,224.001,311.03,220.5,309.156,1,236.0,287.76,242.0,289.01,239.0,288.385
digital_2.SchDoc,4,U164C,U164,C,U164-6,6,/STATE4,false,1,217.0,307.282,224.001,311.03,220.5,309.156,1,212.0,262.521,218.0,265.02,215.0,263.77
digital_2.SchDoc,4,U164C,U164,C,U164-8,8,TPARM_5,false,1,217.0,307.282,224.001,311.03,220.5,309.156,1,212.0,265.76,218.0,267.01,215.0,266.385
digital_2.SchDoc,4,U164C,U164,C,U164-9,9,NetU78_9,false,1,217.0,307.282,224.001,311.03,220.5,309.156,1,236.0,265.76,242.0,267.01,239.0,266.385
digital_2.SchDoc,4,U164D,U164,D,U164-10,10,TPARM_4,false,1,217.0,307.282,224.001,311.03,220.5,309.156,1,212.0,241.76,218.0,243.01,215.0,242.385
digital_2.SchDoc,4,U164D,U164,D,U164-11,11,NetU78_13,false,1,217.0,307.282,224.001,311.03,220.5,309.156,1,236.0,241.76,242.0,243.01,239.0,242.385
digital_2.SchDoc,4,U164D,U164,D,U164-12,12,/STATE4,false,1,217.0,307.282,224.001,311.03,220.5,309.156,1,236.0,238.521,242.0,241.02,239.0,239.77
digital_2.SchDoc,4,,U165,,U165-7,7,GND,true,0,,,,,,,1,236.0,331.76,242.0,333.01,239.0,332.385
digital_2.SchDoc,4,,U165,,U165-14,14,VDD,true,0,,,,,,,1,212.0,331.76,218.0,333.01,215.0,332.385
digital_2.SchDoc,4,U165A,U165,A,U165-1,1,AMP3,false,1,217.0,319.282,224.001,323.03,220.5,321.156,1,212.0,326.76,218.0,328.01,215.0,327.385
digital_2.SchDoc,4,U165A,U165,A,U165-2,2,NetU78_1,false,1,217.0,319.282,224.001,323.03,220.5,321.156,1,236.0,326.76,242.0,328.01,239.0,327.385
digital_2.SchDoc,4,U165A,U165,A,U165-13,13,STATE4,false,1,217.0,319.282,224.001,323.03,220.5,321.156,1,212.0,323.521,218.0,326.02,215.0,324.77
digital_2.SchDoc,4,U165B,U165,B,U165-3,3,AMP2,false,1,217.0,319.282,224.001,323.03,220.5,321.156,1,212.0,302.76,218.0,304.01,215.0,303.385
digital_2.SchDoc,4,U165B,U165,B,U165-4,4,NetU78_5,false,1,217.0,319.282,224.001,323.03,220.5,321.156,1,236.0,302.76,242.0,304.01,239.0,303.385
digital_2.SchDoc,4,U165B,U165,B,U165-5,5,STATE4,false,1,217.0,319.282,224.001,323.03,220.5,321.156,1,236.0,299.76,242.0,301.01,239.0,300.385
digital_2.SchDoc,4,U165C,U165,C,U165-6,6,STATE4,false,1,217.0,319.282,224.001,323.03,220.5,321.156,1,212.0,275.76,218.0,277.01,215.0,276.385
digital_2.SchDoc,4,U165C,U165,C,U165-8,8,AMP1,false,1,217.0,319.282,224.001,323.03,220.5,321.156,1,212.0,277.521,218.0,280.02,215.0,278.77
digital_2.SchDoc,4,U165C,U165,C,U165-9,9,NetU78_9,false,1,217.0,319.282,224.001,323.03,220.5,321.156,1,236.0,277.521,242.0,280.02,239.0,278.77
digital_2.SchDoc,4,U165D,U165,D,U165-10,10,AMP0,false,1,217.0,319.282,224.001,323.03,220.5,321.156,1,212.0,253.76,218.0,255.01,215.0,254.385
digital_2.SchDoc,4,U165D,U165,D,U165-11,11,NetU78_13,false,1,217.0,319.282,224.001,323.03,220.5,321.156,1,236.0,253.76,242.0,255.01,239.0,254.385
digital_2.SchDoc,4,U165D,U165,D,U165-12,12,STATE4,false,1,217.0,319.282,224.001,323.03,220.5,321.156,1,236.0,250.521,242.0,253.02,239.0,251.77
digital_3.SchDoc,5,C2,C2,,C2-1,1,GND,false,1,254.0,241.283,256.001,245.03,255.0,243.156,1,251.0,243.044,252.001,248.04,251.5,245.542
digital_3.SchDoc,5,C2,C2,,C2-2,2,NetC2_2,false,1,254.0,241.283,256.001,245.03,255.0,243.156,1,251.0,238.044,252.001,243.04,251.5,240.542
digital_3.SchDoc,5,Q1,Q1,,Q1-1,1,A/R,false,1,608.0,339.521,611.0,342.02,609.5,340.77,1,606.0,333.805,608.001,340.05,607.0,336.928
digital_3.SchDoc,5,Q1,Q1,,Q1-2,2,NetQ1_2,false,1,608.0,339.521,611.0,342.02,609.5,340.77,1,599.0,340.521,605.0,343.02,602.0,341.77
digital_3.SchDoc,5,Q1,Q1,,Q1-3,3,GND,false,1,608.0,339.521,611.0,342.02,609.5,340.77,1,606.0,342.566,608.001,350.06,607.0,346.313
digital_3.SchDoc,5,R1,R1,,R1-1,1,GND,false,1,416.0,185.283,418.001,189.03,417.0,187.156,1,414.0,190.283,415.0,194.03,414.5,192.156
digital_3.SchDoc,5,R1,R1,,R1-2,2,WR_SEL_2,false,1,416.0,185.283,418.001,189.03,417.0,187.156,1,414.0,182.044,415.001,187.04,414.5,184.542
digital_3.SchDoc,5,R2,R2,,R2-1,1,GND,false,1,423.0,185.283,425.001,189.03,424.0,187.156,1,421.0,190.283,423.001,194.03,422.0,192.156
digital_3.SchDoc,5,R2,R2,,R2-2,2,NetR2_2,false,1,423.0,185.283,425.001,189.03,424.0,187.156,1,421.0,182.044,423.001,187.04,422.0,184.542
digital_3.SchDoc,5,R3,R3,,R3-1,1,GND,false,1,430.0,185.283,433.001,189.03,431.5,187.156,1,429.0,190.283,430.0,194.03,429.5,192.156
digital_3.SchDoc,5,R3,R3,,R3-2,2,NetR3_2,false,1,430.0,185.283,433.001,189.03,431.5,187.156,1,429.0,182.044,430.001,187.04,429.5,184.542
digital_3.SchDoc,5,R8,R8,,R8-1,1,NetR8_1,false,1,590.0,338.521,593.0,341.02,591.5,339.77,1,587.0,340.521,591.0,343.02,589.0,341.77
digital_3.SchDoc,5,R8,R8,,R8-2,2,NetQ1_2,false,1,590.0,338.521,593.0,341.02,591.5,339.77,1,595.0,340.522,598.0,343.02,596.5,341.771
digital_3.SchDoc,5,,U9,,U9-7,7,GND,true,0,,,,,,,1,421.0,331.76,427.0,333.01,424.0,332.385
digital_3.SchDoc,5,,U9,,U9-14,14,VDD,true,0,,,,,,,1,409.0,333.521,415.0,336.02,412.0,334.77
digital_3.SchDoc,5,U9D,U9,D,U9-8,8,NetU9_8,false,1,414.0,320.282,419.001,324.03,416.5,322.156,1,421.0,326.76,427.0,328.01,424.0,327.385
digital_3.SchDoc,5,U9D,U9,D,U9-9,9,T/PD_/RST,false,1,414.0,320.282,419.001,324.03,416.5,322.156,1,409.0,326.76,415.0,328.01,412.0,327.385
digital_3.SchDoc,5,U9E,U9,E,U9-10,10,NetU9_10,false,1,414.0,320.282,419.001,324.03,416.5,322.156,1,441.0,418.521,447.0,421.02,444.0,419.77
digital_3.SchDoc,5,U9E,U9,E,U9-11,11,NetU9_11,false,1,414.0,320.282,419.001,324.03,416.5,322.156,1,429.0,418.521,435.0,421.02,432.0,419.77
digital_3.SchDoc,5,U9F,U9,F,U9-12,12,NetU9_12,false,1,414.0,320.282,419.001,324.03,416.5,322.156,1,441.0,384.521,447.0,387.02,444.0,385.77
digital_3.SchDoc,5,U9F,U9,F,U9-13,13,DUR_1_LAT,false,1,414.0,320.282,419.001,324.03,416.5,322.156,1,429.0,384.521,435.0,387.02,432.0,385.77
digital_3.SchDoc,5,,U11,,U11-7,7,GND,true,0,,,,,,,1,517.0,277.521,522.0,280.02,519.5,278.77
digital_3.SchDoc,5,,U11,,U11-14,14,VDD,true,0,,,,,,,1,502.0,280.76,508.0,282.01,505.0,281.385
digital_3.SchDoc,5,U11A,U11,A,U11-1,1,NetU11_1,false,1,507.0,267.521,512.0,270.02,509.5,268.77,1,502.0,270.76,508.0,272.01,505.0,271.385
digital_3.SchDoc,5,U11A,U11,A,U11-2,2,WR_SEL_2,false,1,507.0,267.521,512.0,270.02,509.5,268.77,1,502.0,272.521,508.0,275.02,505.0,273.77
digital_3.SchDoc,5,U11A,U11,A,U11-8,8,PW_1,false,1,507.0,267.521,512.0,270.02,509.5,268.77,1,502.0,275.76,508.0,277.01,505.0,276.385
digital_3.SchDoc,5,U11A,U11,A,U11-9,9,NetU11_9,false,1,507.0,267.521,512.0,270.02,509.5,268.77,1,517.0,272.521,522.0,275.02,519.5,273.77
digital_3.SchDoc,5,U11C,U11,C,U11-10,10,NetU11_10,false,1,507.0,267.521,512.0,270.02,509.5,268.77,1,517.0,250.521,522.0,253.02,519.5,251.77
digital_3.SchDoc,5,U11C,U11,C,U11-11,11,PW_1,false,1,507.0,267.521,512.0,270.02,509.5,268.77,1,502.0,253.76,508.0,255.01,505.0,254.385
digital_3.SchDoc,5,U11C,U11,C,U11-12,12,WR_SEL_2,false,1,507.0,267.521,512.0,270.02,509.5,268.77,1,502.0,250.521,508.0,253.02,505.0,251.77
digital_3.SchDoc,5,U11C,U11,C,U11-13,13,NetU11_13,false,1,507.0,267.521,512.0,270.02,509.5,268.77,1,502.0,248.76,508.0,250.01,505.0,249.385
digital_3.SchDoc,5,,U21,,U21-7,7,GND,true,0,,,,,,,1,200.0,311.521,205.0,314.02,202.5,312.77
digital_3.SchDoc,5,,U21,,U21-14,14,VDD,true,0,,,,,,,1,180.0,311.521,186.0,314.02,183.0,312.77
digital_3.SchDoc,5,U21B,U21,B,U21-8,8,GND,false,1,205.0,292.282,211.001,296.03,208.0,294.156,1,192.0,289.805,194.001,296.05,193.0,292.928
digital_3.SchDoc,5,U21B,U21,B,U21-9,9,NetU21_9,false,1,205.0,292.282,211.001,296.03,208.0,294.156,1,180.0,297.76,186.0,299.01,183.0,298.385
digital_3.SchDoc,5,U21B,U21,B,U21-10,10,GND,false,1,205.0,292.282,211.001,296.03,208.0,294.156,1,192.0,308.566,194.001,316.06,193.0,312.313
digital_3.SchDoc,5,U21B,U21,B,U21-11,11,RATECLK,false,1,205.0,292.282,211.001,296.03,208.0,294.156,1,180.0,302.76,186.0,304.01,183.0,303.385
digital_3.SchDoc,5,U21B,U21,B,U21-12,12,NetU21_9,false,1,205.0,292.282,211.001,296.03,208.0,294.156,1,200.0,306.521,205.0,309.02,202.5,307.77
digital_3.SchDoc,5,U21B,U21,B,U21-13,13,RATECLK/2,false,1,205.0,292.282,211.001,296.03,208.0,294.156,1,200.0,297.76,205.0,299.01,202.5,298.385
digital_3.SchDoc,5,,U22,,U22-7,7,GND,true,0,,,,,,,1,363.0,462.521,369.0,465.02,366.0,463.77
digital_3.SchDoc,5,,U22,,U22-14,14,VDD,true,0,,,,,,,1,343.0,462.521,349.0,465.02,346.0,463.77
digital_3.SchDoc,5,U22A,U22,A,U22-1,1,DUR_0_LAT,false,1,369.0,444.521,374.0,447.02,371.5,445.77,1,363.0,448.76,369.0,450.01,366.0,449.385
digital_3.SchDoc,5,U22A,U22,A,U22-2,2,NetU22_2,false,1,369.0,444.521,374.0,447.02,371.5,445.77,1,363.0,458.76,369.0,460.01,366.0,459.385
digital_3.SchDoc,5,U22A,U22,A,U22-3,3,NetU22_3,false,1,369.0,444.521,374.0,447.02,371.5,445.77,1,343.0,453.76,349.0,455.01,346.0,454.385
digital_3.SchDoc,5,U22A,U22,A,U22-4,4,GND,false,1,369.0,444.521,374.0,447.02,371.5,445.77,1,355.0,459.566,357.001,467.06,356.0,463.313
digital_3.SchDoc,5,U22A,U22,A,U22-5,5,TDUR_0,false,1,369.0,444.521,374.0,447.02,371.5,445.77,1,343.0,448.76,349.0,450.01,346.0,449.385
digital_3.SchDoc,5,U22A,U22,A,U22-6,6,GND,false,1,369.0,444.521,374.0,447.02,371.5,445.77,1,355.0,440.566,357.001,448.06,356.0,444.313
digital_3.SchDoc,5,U22B,U22,B,U22-8,8,GND,false,1,369.0,444.521,374.0,447.02,371.5,445.77,1,355.0,396.566,357.001,404.06,356.0,400.313
digital_3.SchDoc,5,U22B,U22,B,U22-9,9,TDUR_1,false,1,369.0,444.521,374.0,447.02,371.5,445.77,1,343.0,404.76,349.0,406.01,346.0,405.385
digital_3.SchDoc,5,U22B,U22,B,U22-10,10,GND,false,1,369.0,444.521,374.0,447.02,371.5,445.77,1,355.0,415.566,357.001,423.06,356.0,419.313
digital_3.SchDoc,5,U22B,U22,B,U22-11,11,NetU22_3,false,1,369.0,444.521,374.0,447.02,371.5,445.77,1,343.0,409.76,349.0,411.01,346.0,410.385
digital_3.SchDoc,5,U22B,U22,B,U22-12,12,NetU22_12,false,1,369.0,444.521,374.0,447.02,371.5,445.77,1,363.0,414.76,369.0,416.01,366.0,415.385
digital_3.SchDoc,5,U22B,U22,B,U22-13,13,DUR_1_LAT,false,1,369.0,444.521,374.0,447.02,371.5,445.77,1,363.0,404.76,369.0,406.01,366.0,405.385
digital_3.SchDoc,5,,U23,,U23-7,7,GND,true,0,,,,,,,1,526.0,353.76,532.0,355.01,529.0,354.385
digital_3.SchDoc,5,,U23,,U23-14,14,VDD,true,0,,,,,,,1,507.0,353.76,513.0,355.01,510.0,354.385
digital_3.SchDoc,5,U23A,U23,A,U23-1,1,NetU23_1,false,1,532.0,334.521,538.0,337.02,535.0,335.77,1,526.0,338.521,532.0,341.02,529.0,339.77
digital_3.SchDoc,5,U23A,U23,A,U23-2,2,NetU23_2,false,1,532.0,334.521,538.0,337.02,535.0,335.77,1,526.0,348.76,532.0,350.01,529.0,349.385
digital_3.SchDoc,5,U23A,U23,A,U23-3,3,NetU23_3,false,1,532.0,334.521,538.0,337.02,535.0,335.77,1,507.0,343.76,513.0,345.01,510.0,344.385
digital_3.SchDoc,5,U23A,U23,A,U23-4,4,GND,false,1,532.0,334.521,538.0,337.02,535.0,335.77,1,519.0,350.805,520.001,357.05,519.5,353.928
digital_3.SchDoc,5,U23A,U23,A,U23-5,5,NetU23_5,false,1,532.0,334.521,538.0,337.02,535.0,335.77,1,507.0,338.521,513.0,341.02,510.0,339.77
digital_3.SchDoc,5,U23A,U23,A,U23-6,6,GND,false,1,532.0,334.521,538.0,337.02,535.0,335.77,1,519.0,330.566,520.001,338.06,519.5,334.313
digital_3.SchDoc,5,U23B,U23,B,U23-8,8,GND,false,1,532.0,334.521,538.0,337.02,535.0,335.77,1,519.0,376.566,520.001,384.06,519.5,380.313
digital_3.SchDoc,5,U23B,U23,B,U23-9,9,VCC,false,1,532.0,334.521,538.0,337.02,535.0,335.77,1,507.0,384.521,513.0,387.02,510.0,385.77
digital_3.SchDoc,5,U23B,U23,B,U23-10,10,NetU23_10,false,1,532.0,334.521,538.0,337.02,535.0,335.77,1,519.0,396.566,520.001,404.06,519.5,400.313
digital_3.SchDoc,5,U23B,U23,B,U23-11,11,NetU23_11,false,1,532.0,334.521,538.0,337.02,535.0,335.77,1,507.0,389.521,513.0,392.02,510.0,390.77
digital_3.SchDoc,5,U23B,U23,B,U23-12,12,NetU23_12,false,1,532.0,334.521,538.0,337.02,535.0,335.77,1,526.0,394.521,532.0,397.02,529.0,395.77
digital_3.SchDoc,5,U23B,U23,B,U23-13,13,DONE_RB,false,1,532.0,334.521,538.0,337.02,535.0,335.77,1,526.0,384.521,532.0,387.02,529.0,385.77
digital_3.SchDoc,5,,U24,,U24-7,7,GND,true,0,,,,,,,1,478.0,411.521,483.0,414.02,480.5,412.77
digital_3.SchDoc,5,,U24,,U24-14,14,VDD,true,0,,,,,,,1,463.0,409.76,469.0,411.01,466.0,410.385
digital_3.SchDoc,5,U24B,U24,B,U24-4,4,NetU24_4,false,1,468.0,411.521,473.0,414.02,470.5,412.77,1,478.0,416.521,483.0,419.02,480.5,417.77
digital_3.SchDoc,5,U24B,U24,B,U24-5,5,NetU9_10,false,1,468.0,411.521,473.0,414.02,470.5,412.77,1,463.0,418.521,469.0,421.02,466.0,419.77
digital_3.SchDoc,5,U24B,U24,B,U24-6,6,NetU9_12,false,1,468.0,411.521,473.0,414.02,470.5,412.77,1,463.0,414.76,469.0,416.01,466.0,415.385
digital_3.SchDoc,5,U24C,U24,C,U24-8,8,NetU23_1,false,1,468.0,411.521,473.0,414.02,470.5,412.77,1,548.0,338.521,554.0,341.02,551.0,339.77
digital_3.SchDoc,5,U24C,U24,C,U24-9,9,DONE_RB,false,1,468.0,411.521,473.0,414.02,470.5,412.77,1,548.0,343.76,554.0,345.01,551.0,344.385
digital_3.SchDoc,5,U24C,U24,C,U24-10,10,NetR8_1,false,1,468.0,411.521,473.0,414.02,470.5,412.77,1,563.0,340.521,569.0,343.02,566.0,341.77
digital_3.SchDoc,5,U24D,U24,D,U24-11,11,NetU23_3,false,1,468.0,411.521,473.0,414.02,470.5,412.77,1,490.0,348.76,496.0,350.01,493.0,349.385
digital_3.SchDoc,5,U24D,U24,D,U24-12,12,/FASTCLK,false,1,468.0,411.521,473.0,414.02,470.5,412.77,1,475.0,345.521,481.0,348.02,478.0,346.77
digital_3.SchDoc,5,U24D,U24,D,U24-13,13,NetU24_13,false,1,468.0,411.521,473.0,414.02,470.5,412.77,1,475.0,350.521,481.0,353.02,478.0,351.77
digital_3.SchDoc,5,,U25,,U25-7,7,GND,true,0,,,,,,,1,478.0,406.521,483.0,409.02,480.5,407.77
digital_3.SchDoc,5,,U25,,U25-14,14,VDD,true,0,,,,,,,1,463.0,409.76,469.0,411.01,466.0,410.385
digital_3.SchDoc,5,U25A,U25,A,U25-1,1,/PHO_WRITE,false,1,466.0,395.282,471.001,399.03,468.5,397.156,1,463.0,404.76,469.0,406.01,466.0,405.385
digital_3.SchDoc,5,U25A,U25,A,U25-2,2,NetU24_13,false,1,466.0,395.282,471.001,399.03,468.5,397.156,1,463.0,399.76,469.0,401.01,466.0,400.385
digital_3.SchDoc,5,U25A,U25,A,U25-3,3,NetU25_3,false,1,466.0,395.282,471.001,399.03,468.5,397.156,1,478.0,401.521,483.0,404.02,480.5,402.77
digital_3.SchDoc,5,U25B,U25,B,U25-4,4,NetU23_10,false,1,466.0,395.282,471.001,399.03,468.5,397.156,1,502.0,404.76,508.0,406.01,505.0,405.385
digital_3.SchDoc,5,U25B,U25,B,U25-5,5,NetU25_3,false,1,466.0,395.282,471.001,399.03,468.5,397.156,1,487.0,401.521,493.0,404.02,490.0,402.77
digital_3.SchDoc,5,U25B,U25,B,U25-6,6,NetU24_4,false,1,466.0,395.282,471.001,399.03,468.5,397.156,1,487.0,406.521,493.0,409.02,490.0,407.77
digital_3.SchDoc,5,U25C,U25,C,U25-8,8,NetU25_8,false,1,466.0,395.282,471.001,399.03,468.5,397.156,1,487.0,392.76,493.0,394.01,490.0,393.385
digital_3.SchDoc,5,U25C,U25,C,U25-9,9,NetU25_9,false,1,466.0,395.282,471.001,399.03,468.5,397.156,1,487.0,387.76,493.0,389.01,490.0,388.385
digital_3.SchDoc,5,U25C,U25,C,U25-10,10,NetU23_11,false,1,466.0,395.282,471.001,399.03,468.5,397.156,1,502.0,389.521,508.0,392.02,505.0,390.77
digital_3.SchDoc,5,U25D,U25,D,U25-11,11,NetU23_5,false,1,466.0,395.282,471.001,399.03,468.5,397.156,1,490.0,333.521,496.0,336.02,493.0,334.77
digital_3.SchDoc,5,U25D,U25,D,U25-12,12,TDUR_1,false,1,466.0,395.282,471.001,399.03,468.5,397.156,1,475.0,336.76,481.0,338.01,478.0,337.385
digital_3.SchDoc,5,U25D,U25,D,U25-13,13,TDUR_0,false,1,466.0,395.282,471.001,399.03,468.5,397.156,1,475.0,331.76,481.0,333.01,478.0,332.385
digital_3.SchDoc,5,,U26,,U26-7,7,GND,true,0,,,,,,,1,475.0,392.76,481.0,394.01,478.0,393.385
digital_3.SchDoc,5,,U26,,U26-14,14,VDD,true,0,,,,,,,1,461.0,394.521,466.0,397.02,463.5,395.77
digital_3.SchDoc,5,U26A,U26,A,U26-1,1,NetU9_12,false,1,466.0,381.282,471.001,385.03,468.5,383.156,1,461.0,384.521,466.0,387.02,463.5,385.77
digital_3.SchDoc,5,U26A,U26,A,U26-2,2,NetU26_2,false,1,466.0,381.282,471.001,385.03,468.5,383.156,1,461.0,389.521,466.0,392.02,463.5,390.77
digital_3.SchDoc,5,U26A,U26,A,U26-3,3,NetU25_8,false,1,466.0,381.282,471.001,385.03,468.5,383.156,1,475.0,387.76,481.0,389.01,478.0,388.385
digital_3.SchDoc,5,U26B,U26,B,U26-4,4,NetU25_9,false,1,466.0,381.282,471.001,385.03,468.5,383.156,1,475.0,372.521,481.0,375.02,478.0,373.77
digital_3.SchDoc,5,U26B,U26,B,U26-5,5,DUR_1_LAT,false,1,466.0,381.282,471.001,385.03,468.5,383.156,1,461.0,375.76,466.0,377.01,463.5,376.385
digital_3.SchDoc,5,U26B,U26,B,U26-6,6,NetU26_6,false,1,466.0,381.282,471.001,385.03,468.5,383.156,1,461.0,370.76,466.0,372.01,463.5,371.385
digital_3.SchDoc,5,U26C,U26,C,U26-8,8,NetU23_3,false,1,466.0,381.282,471.001,385.03,468.5,383.156,1,487.0,314.76,493.0,316.01,490.0,315.385
digital_3.SchDoc,5,U26C,U26,C,U26-9,9,NetU23_5,false,1,466.0,381.282,471.001,385.03,468.5,383.156,1,487.0,319.76,493.0,321.01,490.0,320.385
digital_3.SchDoc,5,U26C,U26,C,U26-10,10,NetU22_3,false,1,466.0,381.282,471.001,385.03,468.5,383.156,1,473.0,316.521,479.0,319.02,476.0,317.77
digital_3.SchDoc,5,U28,U28,,U28-1,1,VCC,false,1,256.0,288.521,260.0,291.02,258.0,289.77,1,251.0,292.76,257.0,294.01,254.0,293.385
digital_3.SchDoc,5,U28,U28,,U28-2,2,NetU21_9,false,1,256.0,288.521,260.0,291.02,258.0,289.77,1,251.0,302.76,257.0,304.01,254.0,303.385
digital_3.SchDoc,5,U28,U28,,U28-3,3,TDUR_0,false,1,256.0,288.521,260.0,291.02,258.0,289.77,1,251.0,306.521,257.0,309.02,254.0,307.77
digital_3.SchDoc,5,U28,U28,,U28-4,4,TDUR_1,false,1,256.0,288.521,260.0,291.02,258.0,289.77,1,251.0,309.76,257.0,311.01,254.0,310.385
digital_3.SchDoc,5,U28,U28,,U28-5,5,VCC,false,1,256.0,288.521,260.0,291.02,258.0,289.77,1,251.0,311.521,257.0,314.02,254.0,312.77
digital_3.SchDoc,5,U28,U28,,U28-6,6,VCC,false,1,256.0,288.521,260.0,291.02,258.0,289.77,1,251.0,314.76,257.0,316.01,254.0,315.385
digital_3.SchDoc,5,U28,U28,,U28-7,7,VCC,false,1,256.0,288.521,260.0,291.02,258.0,289.77,1,251.0,299.76,257.0,301.01,254.0,300.385
digital_3.SchDoc,5,U28,U28,,U28-8,8,GND,false,1,256.0,288.521,260.0,291.02,258.0,289.77,1,251.0,319.76,257.0,321.01,254.0,320.385
digital_3.SchDoc,5,U28,U28,,U28-9,9,NetU28_9,false,1,256.0,288.521,260.0,291.02,258.0,289.77,1,251.0,294.521,257.0,297.02,254.0,295.77
digital_3.SchDoc,5,U28,U28,,U28-10,10,RATECLK/2,false,1,256.0,288.521,260.0,291.02,258.0,289.77,1,251.0,297.76,257.0,299.01,254.0,298.385
digital_3.SchDoc,5,U28,U28,,U28-11,11,NetU28_11,false,1,256.0,288.521,260.0,291.02,258.0,289.77,1,273.0,314.76,279.0,316.01,276.0,315.385
digital_3.SchDoc,5,U28,U28,,U28-12,12,NetU28_12,false,1,256.0,288.521,260.0,291.02,258.0,289.77,1,273.0,311.521,279.0,314.02,276.0,312.77
digital_3.SchDoc,5,U28,U28,,U28-13,13,NetU28_13,false,1,256.0,288.521,260.0,291.02,258.0,289.77,1,273.0,309.76,279.0,311.01,276.0,310.385
digital_3.SchDoc,5,U28,U28,,U28-14,14,NetU28_14,false,1,256.0,288.521,260.0,291.02,258.0,289.77,1,273.0,306.521,279.0,309.02,276.0,307.77
digital_3.SchDoc,5,U28,U28,,U28-15,15,DURCLK,false,1,256.0,288.521,260.0,291.02,258.0,289.77,1,273.0,297.76,279.0,299.01,276.0,298.385
digital_3.SchDoc,5,U28,U28,,U28-16,16,VCC,false,1,256.0,288.521,260.0,291.02,258.0,289.77,1,273.0,292.76,279.0,294.01,276.0,293.385
digital_3.SchDoc,5,,U29,,U29-7,7,GND,true,0,,,,,,,1,307.0,294.521,313.0,297.02,310.0,295.77
digital_3.SchDoc,5,,U29,,U29-14,14,VDD,true,0,,,,,,,1,292.0,292.76,298.0,294.01,295.0,293.385
digital_3.SchDoc,5,U29A,U29,A,U29-1,1,/PHO_WRITE,false,1,295.0,293.521,301.0,296.02,298.0,294.77,1,292.0,302.76,298.0,304.01,295.0,303.385
digital_3.SchDoc,5,U29A,U29,A,U29-2,2,DURCLK,false,1,295.0,293.521,301.0,296.02,298.0,294.77,1,292.0,297.76,298.0,299.01,295.0,298.385
digital_3.SchDoc,5,U29A,U29,A,U29-3,3,NetU28_9,false,1,295.0,293.521,301.0,296.02,298.0,294.77,1,307.0,299.76,313.0,301.01,310.0,300.385
digital_3.SchDoc,5,U29B,U29,B,U29-4,4,NetU26_2,false,1,295.0,293.521,301.0,296.02,298.0,294.77,1,414.0,389.521,420.0,392.02,417.0,390.77
digital_3.SchDoc,5,U29B,U29,B,U29-5,5,NetU29_5,false,1,295.0,293.521,301.0,296.02,298.0,294.77,1,400.0,387.76,405.0,389.01,402.5,388.385
digital_3.SchDoc,5,U29B,U29,B,U29-6,6,NetU29_5,false,1,295.0,293.521,301.0,296.02,298.0,294.77,1,400.0,392.76,405.0,394.01,402.5,393.385
digital_3.SchDoc,5,,U30,,U30-7,7,GND,true,0,,,,,,,1,314.0,238.521,320.0,241.02,317.0,239.77
digital_3.SchDoc,5,,U30,,U30-14,14,VDD,true,0,,,,,,,1,302.0,241.76,308.0,243.01,305.0,242.385
digital_3.SchDoc,5,U30C,U30,C,U30-5,5,NetU30_5,false,1,307.0,228.521,312.0,231.02,309.5,229.77,1,302.0,233.521,308.0,236.02,305.0,234.77
digital_3.SchDoc,5,U30C,U30,C,U30-6,6,NetU30_6,false,1,307.0,228.521,312.0,231.02,309.5,229.77,1,314.0,233.521,320.0,236.02,317.0,234.77
digital_3.SchDoc,5,U30D,U30,D,U30-8,8,NetU26_6,false,1,307.0,228.521,312.0,231.02,309.5,229.77,1,268.0,236.76,274.0,238.01,271.0,237.385
digital_3.SchDoc,5,U30D,U30,D,U30-9,9,NetC2_2,false,1,307.0,228.521,312.0,231.02,309.5,229.77,1,256.0,236.76,262.0,238.01,259.0,237.385
digital_3.SchDoc,5,U30E,U30,E,U30-10,10,NetU11_1,false,1,307.0,228.521,312.0,231.02,309.5,229.77,1,487.0,270.76,493.0,272.01,490.0,271.385
digital_3.SchDoc,5,U30E,U30,E,U30-11,11,NetU11_13,false,1,307.0,228.521,312.0,231.02,309.5,229.77,1,475.0,270.76,481.0,272.01,478.0,271.385
digital_3.SchDoc,5,U30F,U30,F,U30-12,12,NetU30_12,false,1,307.0,228.521,312.0,231.02,309.5,229.77,1,487.0,153.76,493.0,155.01,490.0,154.385
digital_3.SchDoc,5,U30F,U30,F,U30-13,13,TPARM_2,false,1,307.0,228.521,312.0,231.02,309.5,229.77,1,475.0,153.76,481.0,155.01,478.0,154.385
digital_3.SchDoc,5,,U31,,U31-7,7,GND,true,0,,,,,,,1,517.0,172.521,522.0,175.02,519.5,173.77
digital_3.SchDoc,5,,U31,,U31-14,14,VDD,true,0,,,,,,,1,502.0,175.76,508.0,177.01,505.0,176.385
digital_3.SchDoc,5,U31A,U31,A,U31-1,1,NetU30_12,false,1,507.0,162.521,512.0,165.02,509.5,163.77,1,502.0,165.76,508.0,167.01,505.0,166.385
digital_3.SchDoc,5,U31A,U31,A,U31-2,2,WR_SEL_2,false,1,507.0,162.521,512.0,165.02,509.5,163.77,1,502.0,170.76,508.0,172.01,505.0,171.385
digital_3.SchDoc,5,U31A,U31,A,U31-3,3,NetU31_3,false,1,507.0,162.521,512.0,165.02,509.5,163.77,1,517.0,167.521,522.0,170.02,519.5,168.77
digital_3.SchDoc,5,U31B,U31,B,U31-4,4,NetU31_4,false,1,507.0,162.521,512.0,165.02,509.5,163.77,1,517.0,145.521,522.0,148.02,519.5,146.77
digital_3.SchDoc,5,U31B,U31,B,U31-5,5,WR_SEL_2,false,1,507.0,162.521,512.0,165.02,509.5,163.77,1,502.0,148.76,508.0,150.01,505.0,149.385
digital_3.SchDoc,5,U31B,U31,B,U31-6,6,TPARM_2,false,1,507.0,162.521,512.0,165.02,509.5,163.77,1,502.0,143.76,508.0,145.01,505.0,144.385
digital_3.SchDoc,5,U31C,U31,C,U31-8,8,PW_5,false,1,507.0,162.521,512.0,165.02,509.5,163.77,1,531.0,150.521,537.0,153.02,534.0,151.77
digital_3.SchDoc,5,U31C,U31,C,U31-9,9,NetU31_4,false,1,507.0,162.521,512.0,165.02,509.5,163.77,1,531.0,145.521,537.0,148.02,534.0,146.77
digital_3.SchDoc,5,U31C,U31,C,U31-10,10,PW_2,false,1,507.0,162.521,512.0,165.02,509.5,163.77,1,546.0,148.76,552.0,150.01,549.0,149.385
digital_3.SchDoc,5,U31D,U31,D,U31-11,11,PW_5,false,1,507.0,162.521,512.0,165.02,509.5,163.77,1,546.0,165.76,552.0,167.01,549.0,166.385
digital_3.SchDoc,5,U31D,U31,D,U31-12,12,PW_2,false,1,507.0,162.521,512.0,165.02,509.5,163.77,1,531.0,163.76,537.0,165.01,534.0,164.385
digital_3.SchDoc,5,U31D,U31,D,U31-13,13,NetU31_3,false,1,507.0,162.521,512.0,165.02,509.5,163.77,1,531.0,167.521,537.0,170.02,534.0,168.77
digital_3.SchDoc,5,,U32,,U32-7,7,GND,true,0,,,,,,,1,517.0,206.521,522.0,209.02,519.5,207.77
digital_3.SchDoc,5,,U32,,U32-14,14,VDD,true,0,,,,,,,1,502.0,209.76,508.0,211.01,505.0,210.385
digital_3.SchDoc,5,U32A,U32,A,U32-1,1,NetR3_2,false,1,507.0,196.521,512.0,199.02,509.5,197.77,1,502.0,199.521,508.0,202.02,505.0,200.77
digital_3.SchDoc,5,U32A,U32,A,U32-2,2,NetU32_2,false,1,507.0,196.521,512.0,199.02,509.5,197.77,1,502.0,204.76,508.0,206.01,505.0,205.385
digital_3.SchDoc,5,U32A,U32,A,U32-3,3,NetU32_3,false,1,507.0,196.521,512.0,199.02,509.5,197.77,1,517.0,202.76,522.0,204.01,519.5,203.385
digital_3.SchDoc,5,U32C,U32,C,U32-8,8,PW_0,false,1,507.0,196.521,512.0,199.02,509.5,197.77,1,531.0,184.521,537.0,187.02,534.0,185.77
digital_3.SchDoc,5,U32C,U32,C,U32-9,9,PHO_WRITE,false,1,507.0,196.521,512.0,199.02,509.5,197.77,1,531.0,180.76,537.0,182.01,534.0,181.385
digital_3.SchDoc,5,U32C,U32,C,U32-10,10,NetU32_10,false,1,507.0,196.521,512.0,199.02,509.5,197.77,1,546.0,182.521,552.0,185.02,549.0,183.77
digital_3.SchDoc,5,U32D,U32,D,U32-11,11,PW_0,false,1,507.0,196.521,512.0,199.02,509.5,197.77,1,546.0,199.521,552.0,202.02,549.0,200.77
digital_3.SchDoc,5,U32D,U32,D,U32-12,12,NetU32_10,false,1,507.0,196.521,512.0,199.02,509.5,197.77,1,531.0,197.76,537.0,199.01,534.0,198.385
digital_3.SchDoc,5,U32D,U32,D,U32-13,13,NetU32_3,false,1,507.0,196.521,512.0,199.02,509.5,197.77,1,531.0,202.76,537.0,204.01,534.0,203.385
digital_3.SchDoc,5,,U33,,U33-7,7,GND,true,0,,,,,,,1,517.0,233.521,522.0,236.02,519.5,234.77
digital_3.SchDoc,5,,U33,,U33-14,14,VDD,true,0,,,,,,,1,502.0,231.76,508.0,233.01,505.0,232.385
digital_3.SchDoc,5,U33A,U33,A,U33-1,1,NetU32_2,false,1,507.0,232.282,512.001,236.03,509.5,234.156,1,502.0,241.76,508.0,243.01,505.0,242.385
digital_3.SchDoc,5,U33A,U33,A,U33-2,2,NetR2_2,false,1,507.0,232.282,512.001,236.03,509.5,234.156,1,502.0,236.76,508.0,238.01,505.0,237.385
digital_3.SchDoc,5,U33A,U33,A,U33-3,3,NetU33_3,false,1,507.0,232.282,512.001,236.03,509.5,234.156,1,517.0,238.521,522.0,241.02,519.5,239.77
digital_3.SchDoc,5,U33B,U33,B,U33-4,4,NetU30_5,false,1,507.0,232.282,512.001,236.03,509.5,234.156,1,292.0,233.521,298.0,236.02,295.0,234.77
digital_3.SchDoc,5,U33B,U33,B,U33-5,5,NetU26_6,false,1,507.0,232.282,512.001,236.03,509.5,234.156,1,278.0,236.76,284.0,238.01,281.0,237.385
digital_3.SchDoc,5,U33B,U33,B,U33-6,6,DONE_RB,false,1,507.0,232.282,512.001,236.03,509.5,234.156,1,278.0,231.76,284.0,233.01,281.0,232.385
digital_3.SchDoc,5,U33C,U33,C,U33-8,8,PW_1,false,1,507.0,232.282,512.001,236.03,509.5,234.156,1,531.0,221.76,537.0,223.01,534.0,222.385
digital_3.SchDoc,5,U33C,U33,C,U33-9,9,PHO_WRITE,false,1,507.0,232.282,512.001,236.03,509.5,234.156,1,531.0,216.521,537.0,219.02,534.0,217.77
digital_3.SchDoc,5,U33C,U33,C,U33-10,10,NetU33_10,false,1,507.0,232.282,512.001,236.03,509.5,234.156,1,546.0,219.76,552.0,221.01,549.0,220.385
digital_3.SchDoc,5,U33D,U33,D,U33-11,11,PW_1,false,1,507.0,232.282,512.001,236.03,509.5,234.156,1,546.0,236.76,552.0,238.01,549.0,237.385
digital_3.SchDoc,5,U33D,U33,D,U33-12,12,NetU33_10,false,1,507.0,232.282,512.001,236.03,509.5,234.156,1,531.0,233.521,537.0,236.02,534.0,234.77
digital_3.SchDoc,5,U33D,U33,D,U33-13,13,NetU33_3,false,1,507.0,232.282,512.001,236.03,509.5,234.156,1,531.0,238.521,537.0,241.02,534.0,239.77
digital_3.SchDoc,5,,U34,,U34-7,7,GND,true,0,,,,,,,1,546.0,248.76,552.0,250.01,549.0,249.385
digital_3.SchDoc,5,,U34,,U34-14,14,VDD,true,0,,,,,,,1,531.0,245.521,537.0,248.02,534.0,246.77
digital_3.SchDoc,5,U34C,U34,C,U34-8,8,PW_3,false,1,536.0,247.282,541.0,251.03,538.5,249.156,1,531.0,255.521,537.0,258.02,534.0,256.77
digital_3.SchDoc,5,U34C,U34,C,U34-9,9,NetU11_10,false,1,536.0,247.282,541.0,251.03,538.5,249.156,1,531.0,250.521,537.0,253.02,534.0,251.77
digital_3.SchDoc,5,U34C,U34,C,U34-10,10,NetU34_10,false,1,536.0,247.282,541.0,251.03,538.5,249.156,1,546.0,253.76,552.0,255.01,549.0,254.385
digital_3.SchDoc,5,U34D,U34,D,U34-11,11,PW_3,false,1,536.0,247.282,541.0,251.03,538.5,249.156,1,546.0,270.76,552.0,272.01,549.0,271.385
digital_3.SchDoc,5,U34D,U34,D,U34-12,12,NetU34_10,false,1,536.0,247.282,541.0,251.03,538.5,249.156,1,531.0,267.521,537.0,270.02,534.0,268.77
digital_3.SchDoc,5,U34D,U34,D,U34-13,13,NetU11_9,false,1,536.0,247.282,541.0,251.03,538.5,249.156,1,531.0,272.521,537.0,275.02,534.0,273.77
digital_3.SchDoc,5,,U35,,U35-7,7,GND,true,0,,,,,,,1,365.0,199.521,371.0,202.02,368.0,200.77
digital_3.SchDoc,5,,U35,,U35-14,14,VDD,true,0,,,,,,,1,380.0,197.76,386.0,199.01,383.0,198.385
digital_3.SchDoc,5,U35A,U35,A,U35-1,1,NetC2_2,false,1,371.0,198.282,376.001,202.03,373.5,200.156,1,365.0,206.521,371.0,209.02,368.0,207.77
digital_3.SchDoc,5,U35A,U35,A,U35-2,2,NetU35_2,false,1,371.0,198.282,376.001,202.03,373.5,200.156,1,380.0,211.521,386.0,214.02,383.0,212.77
digital_3.SchDoc,5,U35A,U35,A,U35-3,3,NetU35_3,false,1,371.0,198.282,376.001,202.03,373.5,200.156,1,380.0,209.76,386.0,211.01,383.0,210.385
digital_3.SchDoc,5,U35A,U35,A,U35-4,4,NetU35_4,false,1,371.0,198.282,376.001,202.03,373.5,200.156,1,380.0,204.76,386.0,206.01,383.0,205.385
digital_3.SchDoc,5,U35A,U35,A,U35-5,5,NetU35_5,false,1,371.0,198.282,376.001,202.03,373.5,200.156,1,380.0,202.76,386.0,204.01,383.0,203.385
digital_3.SchDoc,5,U35B,U35,B,U35-9,9,NetU35_9,false,1,371.0,198.282,376.001,202.03,373.5,200.156,1,287.0,345.521,293.0,348.02,290.0,346.77
digital_3.SchDoc,5,U35B,U35,B,U35-10,10,NetU35_10,false,1,371.0,198.282,376.001,202.03,373.5,200.156,1,287.0,348.76,293.0,350.01,290.0,349.385
digital_3.SchDoc,5,U35B,U35,B,U35-11,11,NetU35_11,false,1,371.0,198.282,376.001,202.03,373.5,200.156,1,287.0,353.76,293.0,355.01,290.0,354.385
digital_3.SchDoc,5,U35B,U35,B,U35-12,12,NetU35_12,false,1,371.0,198.282,376.001,202.03,373.5,200.156,1,287.0,355.521,293.0,358.02,290.0,356.77
digital_3.SchDoc,5,U35B,U35,B,U35-13,13,NetU29_5,false,1,371.0,198.282,376.001,202.03,373.5,200.156,1,302.0,350.521,308.0,353.02,305.0,351.77
digital_3.SchDoc,5,U36,U36,,U36-1,1,NetU36_1,false,1,256.0,336.282,260.0,340.03,258.0,338.156,1,270.0,372.521,276.0,375.02,273.0,373.77
digital_3.SchDoc,5,U36,U36,,U36-2,2,NetU36_2,false,1,256.0,336.282,260.0,340.03,258.0,338.156,1,270.0,358.76,276.0,360.01,273.0,359.385
digital_3.SchDoc,5,U36,U36,,U36-3,3,NetU36_3,false,1,256.0,336.282,260.0,340.03,258.0,338.156,1,270.0,355.521,276.0,358.02,273.0,356.77
digital_3.SchDoc,5,U36,U36,,U36-4,4,NetU36_4,false,1,256.0,336.282,260.0,340.03,258.0,338.156,1,270.0,360.76,276.0,362.01,273.0,361.385
digital_3.SchDoc,5,U36,U36,,U36-5,5,NetU35_12,false,1,256.0,336.282,260.0,340.03,258.0,338.156,1,270.0,353.76,276.0,355.01,273.0,354.385
digital_3.SchDoc,5,U36,U36,,U36-6,6,NetU35_11,false,1,256.0,336.282,260.0,340.03,258.0,338.156,1,270.0,350.521,276.0,353.02,273.0,351.77
digital_3.SchDoc,5,U36,U36,,U36-7,7,NetU35_10,false,1,256.0,336.282,260.0,340.03,258.0,338.156,1,270.0,348.76,276.0,350.01,273.0,349.385
digital_3.SchDoc,5,U36,U36,,U36-8,8,GND,false,1,256.0,336.282,260.0,340.03,258.0,338.156,1,251.0,372.521,257.0,375.02,254.0,373.77
digital_3.SchDoc,5,U36,U36,,U36-9,9,NetU35_9,false,1,256.0,336.282,260.0,340.03,258.0,338.156,1,270.0,345.521,276.0,348.02,273.0,346.77
digital_3.SchDoc,5,U36,U36,,U36-10,10,NetU21_9,false,1,256.0,336.282,260.0,340.03,258.0,338.156,1,251.0,348.76,257.0,350.01,254.0,349.385
digital_3.SchDoc,5,U36,U36,,U36-11,11,/PHO_WRITE,false,1,256.0,336.282,260.0,340.03,258.0,338.156,1,251.0,340.521,257.0,343.02,254.0,341.77
digital_3.SchDoc,5,U36,U36,,U36-12,12,NetU36_12,false,1,256.0,336.282,260.0,340.03,258.0,338.156,1,270.0,365.76,276.0,367.01,273.0,366.385
digital_3.SchDoc,5,U36,U36,,U36-13,13,NetU36_13,false,1,256.0,336.282,260.0,340.03,258.0,338.156,1,270.0,362.521,276.0,365.02,273.0,363.77
digital_3.SchDoc,5,U36,U36,,U36-14,14,NetU36_14,false,1,256.0,336.282,260.0,340.03,258.0,338.156,1,270.0,367.521,276.0,370.02,273.0,368.77
digital_3.SchDoc,5,U36,U36,,U36-15,15,NetU36_15,false,1,256.0,336.282,260.0,340.03,258.0,338.156,1,270.0,370.76,276.0,372.01,273.0,371.385
digital_3.SchDoc,5,U36,U36,,U36-16,16,VCC,false,1,256.0,336.282,260.0,340.03,258.0,338.156,1,270.0,340.521,276.0,343.02,273.0,341.77
digital_3.SchDoc,5,U37,U37,,U37-1,1,NetU37_1,false,1,337.0,229.283,340.001,233.03,338.5,231.156,1,351.0,265.76,357.0,267.01,354.0,266.385
digital_3.SchDoc,5,U37,U37,,U37-2,2,NetU37_2,false,1,337.0,229.283,340.001,233.03,338.5,231.156,1,351.0,250.521,357.0,253.02,354.0,251.77
digital_3.SchDoc,5,U37,U37,,U37-3,3,NetU37_3,false,1,337.0,229.283,340.001,233.03,338.5,231.156,1,351.0,248.76,357.0,250.01,354.0,249.385
digital_3.SchDoc,5,U37,U37,,U37-4,4,NetU37_4,false,1,337.0,229.283,340.001,233.03,338.5,231.156,1,351.0,253.76,357.0,255.01,354.0,254.385
digital_3.SchDoc,5,U37,U37,,U37-5,5,NetU37_5,false,1,337.0,229.283,340.001,233.03,338.5,231.156,1,351.0,245.521,357.0,248.02,354.0,246.77
digital_3.SchDoc,5,U37,U37,,U37-6,6,NetU37_6,false,1,337.0,229.283,340.001,233.03,338.5,231.156,1,351.0,243.76,357.0,245.01,354.0,244.385
digital_3.SchDoc,5,U37,U37,,U37-7,7,NetU37_7,false,1,337.0,229.283,340.001,233.03,338.5,231.156,1,351.0,241.76,357.0,243.01,354.0,242.385
digital_3.SchDoc,5,U37,U37,,U37-8,8,GND,false,1,337.0,229.283,340.001,233.03,338.5,231.156,1,331.0,265.76,337.0,267.01,334.0,266.385
digital_3.SchDoc,5,U37,U37,,U37-9,9,NetU37_9,false,1,337.0,229.283,340.001,233.03,338.5,231.156,1,351.0,238.521,357.0,241.02,354.0,239.77
digital_3.SchDoc,5,U37,U37,,U37-10,10,NetU28_9,false,1,337.0,229.283,340.001,233.03,338.5,231.156,1,331.0,241.76,337.0,243.01,334.0,242.385
digital_3.SchDoc,5,U37,U37,,U37-11,11,NetU30_6,false,1,337.0,229.283,340.001,233.03,338.5,231.156,1,331.0,233.521,337.0,236.02,334.0,234.77
digital_3.SchDoc,5,U37,U37,,U37-12,12,NetU37_12,false,1,337.0,229.283,340.001,233.03,338.5,231.156,1,351.0,258.76,357.0,260.01,354.0,259.385
digital_3.SchDoc,5,U37,U37,,U37-13,13,NetU37_13,false,1,337.0,229.283,340.001,233.03,338.5,231.156,1,351.0,255.521,357.0,258.02,354.0,256.77
digital_3.SchDoc,5,U37,U37,,U37-14,14,NetU37_14,false,1,337.0,229.283,340.001,233.03,338.5,231.156,1,351.0,260.521,357.0,263.02,354.0,261.77
digital_3.SchDoc,5,U37,U37,,U37-15,15,NetU37_15,false,1,337.0,229.283,340.001,233.03,338.5,231.156,1,351.0,262.521,357.0,265.02,354.0,263.77
digital_3.SchDoc,5,U37,U37,,U37-16,16,VCC,false,1,337.0,229.283,340.001,233.03,338.5,231.156,1,351.0,233.521,357.0,236.02,354.0,234.77
digital_3.SchDoc,5,U38,U38,,U38-1,1,NetU35_5,false,1,427.0,222.521,431.0,225.02,429.0,223.77,1,421.0,255.521,427.0,258.02,424.0,256.77
digital_3.SchDoc,5,U38,U38,,U38-2,2,GND,false,1,427.0,222.521,431.0,225.02,429.0,223.77,1,421.0,243.76,427.0,245.01,424.0,244.385
digital_3.SchDoc,5,U38,U38,,U38-3,3,NetC2_2,false,1,427.0,222.521,431.0,225.02,429.0,223.77,1,421.0,241.76,427.0,243.01,424.0,242.385
digital_3.SchDoc,5,U38,U38,,U38-4,4,GND,false,1,427.0,222.521,431.0,225.02,429.0,223.77,1,421.0,238.521,427.0,241.02,424.0,239.77
digital_3.SchDoc,5,U38,U38,,U38-5,5,NetU38_5,false,1,427.0,222.521,431.0,225.02,429.0,223.77,1,446.0,238.521,452.0,241.02,449.0,239.77
digital_3.SchDoc,5,U38,U38,,U38-6,6,NetU32_2,false,1,427.0,222.521,431.0,225.02,429.0,223.77,1,446.0,241.76,452.0,243.01,449.0,242.385
digital_3.SchDoc,5,U38,U38,,U38-7,7,NetU38_7,false,1,427.0,222.521,431.0,225.02,429.0,223.77,1,446.0,243.76,452.0,245.01,449.0,244.385
digital_3.SchDoc,5,U38,U38,,U38-8,8,GND,false,1,427.0,222.521,431.0,225.02,429.0,223.77,1,421.0,260.521,427.0,263.02,424.0,261.77
digital_3.SchDoc,5,U38,U38,,U38-9,9,NetU35_2,false,1,427.0,222.521,431.0,225.02,429.0,223.77,1,421.0,248.76,427.0,250.01,424.0,249.385
digital_3.SchDoc,5,U38,U38,,U38-10,10,VCC,false,1,427.0,222.521,431.0,225.02,429.0,223.77,1,421.0,226.76,427.0,228.01,424.0,227.385
digital_3.SchDoc,5,U38,U38,,U38-11,11,NetU35_3,false,1,427.0,222.521,431.0,225.02,429.0,223.77,1,421.0,250.521,427.0,253.02,424.0,251.77
digital_3.SchDoc,5,U38,U38,,U38-12,12,GND,false,1,427.0,222.521,431.0,225.02,429.0,223.77,1,421.0,228.521,427.0,231.02,424.0,229.77
digital_3.SchDoc,5,U38,U38,,U38-13,13,TPARM_0,false,1,427.0,222.521,431.0,225.02,429.0,223.77,1,421.0,231.76,427.0,233.01,424.0,232.385
digital_3.SchDoc,5,U38,U38,,U38-14,14,NetU35_4,false,1,427.0,222.521,431.0,225.02,429.0,223.77,1,421.0,253.76,427.0,255.01,424.0,254.385
digital_3.SchDoc,5,U38,U38,,U38-15,15,VCC,false,1,427.0,222.521,431.0,225.02,429.0,223.77,1,421.0,233.521,427.0,236.02,424.0,234.77
digital_3.SchDoc,5,U38,U38,,U38-16,16,VCC,false,1,427.0,222.521,431.0,225.02,429.0,223.77,1,446.0,226.76,452.0,228.01,449.0,227.385
digital_3.SchDoc,5,U39,U39,,U39-1,1,NetU39_1,false,1,385.0,156.521,389.0,159.02,387.0,157.77,1,404.0,175.76,410.0,177.01,407.0,176.385
digital_3.SchDoc,5,U39,U39,,U39-2,2,NetU39_2,false,1,385.0,156.521,389.0,159.02,387.0,157.77,1,404.0,180.76,410.0,182.01,407.0,181.385
digital_3.SchDoc,5,U39,U39,,U39-3,3,LATCH,false,1,385.0,156.521,389.0,159.02,387.0,157.77,1,380.0,170.76,386.0,172.01,383.0,171.385
digital_3.SchDoc,5,U39,U39,,U39-4,4,NetU39_4,false,1,385.0,156.521,389.0,159.02,387.0,157.77,1,404.0,182.521,410.0,185.02,407.0,183.77
digital_3.SchDoc,5,U39,U39,,U39-5,5,NetU39_5,false,1,385.0,156.521,389.0,159.02,387.0,157.77,1,404.0,177.521,410.0,180.02,407.0,178.77
digital_3.SchDoc,5,U39,U39,,U39-6,6,GND,false,1,385.0,156.521,389.0,159.02,387.0,157.77,1,380.0,167.521,386.0,170.02,383.0,168.77
digital_3.SchDoc,5,U39,U39,,U39-7,7,GND,false,1,385.0,156.521,389.0,159.02,387.0,157.77,1,380.0,180.76,386.0,182.01,383.0,181.385
digital_3.SchDoc,5,U39,U39,,U39-8,8,GND,false,1,385.0,156.521,389.0,159.02,387.0,157.77,1,380.0,182.521,386.0,185.02,383.0,183.77
digital_3.SchDoc,5,U39,U39,,U39-9,9,SEL2,false,1,385.0,156.521,389.0,159.02,387.0,157.77,1,380.0,165.76,386.0,167.01,383.0,166.385
digital_3.SchDoc,5,U39,U39,,U39-10,10,SEL1,false,1,385.0,156.521,389.0,159.02,387.0,157.77,1,380.0,163.76,386.0,165.01,383.0,164.385
digital_3.SchDoc,5,U39,U39,,U39-11,11,SEL0,false,1,385.0,156.521,389.0,159.02,387.0,157.77,1,380.0,160.76,386.0,162.01,383.0,161.385
digital_3.SchDoc,5,U39,U39,,U39-12,12,NetU39_12,false,1,385.0,156.521,389.0,159.02,387.0,157.77,1,404.0,172.521,410.0,175.02,407.0,173.77
digital_3.SchDoc,5,U39,U39,,U39-13,13,NetR3_2,false,1,385.0,156.521,389.0,159.02,387.0,157.77,1,404.0,165.76,410.0,167.01,407.0,166.385
digital_3.SchDoc,5,U39,U39,,U39-14,14,NetR2_2,false,1,385.0,156.521,389.0,159.02,387.0,157.77,1,404.0,167.521,410.0,170.02,407.0,168.77
digital_3.SchDoc,5,U39,U39,,U39-15,15,WR_SEL_2,false,1,385.0,156.521,389.0,159.02,387.0,157.77,1,404.0,170.76,410.0,172.01,407.0,171.385
digital_3.SchDoc,5,U39,U39,,U39-16,16,VCC,false,1,385.0,156.521,389.0,159.02,387.0,157.77,1,404.0,160.76,410.0,162.01,407.0,161.385
digital_3.SchDoc,5,,U163,,U163-7,7,GND,true,0,,,,,,,1,380.0,275.76,386.0,277.01,383.0,276.385
digital_3.SchDoc,5,,U163,,U163-14,14,VDD,true,0,,,,,,,1,368.0,277.521,374.0,280.02,371.0,278.77
digital_3.SchDoc,5,U163A,U163,A,U163-1,1,NetU37_5,false,1,373.0,264.282,379.001,268.03,376.0,266.156,1,368.0,270.76,374.0,272.01,371.0,271.385
digital_3.SchDoc,5,U163A,U163,A,U163-2,2,NetU35_5,false,1,373.0,264.282,379.001,268.03,376.0,266.156,1,380.0,270.76,386.0,272.01,383.0,271.385
digital_3.SchDoc,5,U163B,U163,B,U163-3,3,NetU37_6,false,1,373.0,264.282,379.001,268.03,376.0,266.156,1,368.0,258.76,374.0,260.01,371.0,259.385
digital_3.SchDoc,5,U163B,U163,B,U163-4,4,NetU35_4,false,1,373.0,264.282,379.001,268.03,376.0,266.156,1,380.0,258.76,386.0,260.01,383.0,259.385
digital_3.SchDoc,5,U163C,U163,C,U163-5,5,NetU37_7,false,1,373.0,264.282,379.001,268.03,376.0,266.156,1,368.0,245.521,374.0,248.02,371.0,246.77
digital_3.SchDoc,5,U163C,U163,C,U163-6,6,NetU35_3,false,1,373.0,264.282,379.001,268.03,376.0,266.156,1,380.0,245.521,386.0,248.02,383.0,246.77
digital_3.SchDoc,5,U163D,U163,D,U163-8,8,NetU35_2,false,1,373.0,264.282,379.001,268.03,376.0,266.156,1,380.0,233.521,386.0,236.02,383.0,234.77
digital_3.SchDoc,5,U163D,U163,D,U163-9,9,NetU37_9,false,1,373.0,264.282,379.001,268.03,376.0,266.156,1,368.0,233.521,374.0,236.02,371.0,234.77
digital_3.SchDoc,5,,U180,,U180-7,7,GND,true,0,,,,,,,1,465.0,280.76,471.0,282.01,468.0,281.385
digital_3.SchDoc,5,,U180,,U180-14,14,VDD,true,0,,,,,,,1,451.0,277.521,457.0,280.02,454.0,278.77
digital_3.SchDoc,5,U180C,U180,C,U180-8,8,NetU180_8,false,1,456.0,279.521,462.0,282.02,459.0,280.77,1,451.0,287.76,457.0,289.01,454.0,288.385
digital_3.SchDoc,5,U180C,U180,C,U180-9,9,TPARM_1,false,1,456.0,279.521,462.0,282.02,459.0,280.77,1,451.0,282.76,457.0,284.01,454.0,283.385
digital_3.SchDoc,5,U180C,U180,C,U180-10,10,NetU11_13,false,1,456.0,279.521,462.0,282.02,459.0,280.77,1,465.0,284.521,471.0,287.02,468.0,285.77
digital_3.SchDoc,5,U180D,U180,D,U180-11,11,NetU9_11,false,1,456.0,279.521,462.0,282.02,459.0,280.77,1,417.0,418.521,423.0,421.02,420.0,419.77
digital_3.SchDoc,5,U180D,U180,D,U180-12,12,/WR_1,false,1,456.0,279.521,462.0,282.02,459.0,280.77,1,402.0,416.521,408.0,419.02,405.0,417.77
digital_3.SchDoc,5,U180D,U180,D,U180-13,13,/WR_2,false,1,456.0,279.521,462.0,282.02,459.0,280.77,1,402.0,421.76,408.0,423.01,405.0,422.385
digital_3.SchDoc,5,,U183,,U183-7,7,GND,true,0,,,,,,,1,436.0,353.76,442.0,355.01,439.0,354.385
digital_3.SchDoc,5,,U183,,U183-14,14,VDD,true,0,,,,,,,1,417.0,353.76,423.0,355.01,420.0,354.385
digital_3.SchDoc,5,U183A,U183,A,U183-1,1,NetU24_13,false,1,413.0,346.282,419.001,350.03,416.0,348.156,1,436.0,338.521,442.0,341.02,439.0,339.77
digital_3.SchDoc,5,U183A,U183,A,U183-2,2,NetU180_8,false,1,413.0,346.282,419.001,350.03,416.0,348.156,1,436.0,348.76,442.0,350.01,439.0,349.385
digital_3.SchDoc,5,U183A,U183,A,U183-3,3,/FASTCLK,false,1,413.0,346.282,419.001,350.03,416.0,348.156,1,417.0,343.76,423.0,345.01,420.0,344.385
digital_3.SchDoc,5,U183A,U183,A,U183-4,4,GND,false,1,413.0,346.282,419.001,350.03,416.0,348.156,1,429.0,350.805,430.001,357.05,429.5,353.928
digital_3.SchDoc,5,U183A,U183,A,U183-5,5,CTRL,false,1,413.0,346.282,419.001,350.03,416.0,348.156,1,417.0,338.521,423.0,341.02,420.0,339.77
digital_3.SchDoc,5,U183A,U183,A,U183-6,6,NetU9_8,false,1,413.0,346.282,419.001,350.03,416.0,348.156,1,429.0,330.566,430.001,338.06,429.5,334.313
digital_4.SchDoc,6,C6,C6,,C6-1,1,GND,false,1,361.0,131.283,363.001,135.03,362.0,133.156,1,358.0,134.283,359.0,138.03,358.5,136.156
digital_4.SchDoc,6,C6,C6,,C6-2,2,NetC6_2,false,1,361.0,131.283,363.001,135.03,362.0,133.156,1,358.0,129.283,359.0,133.03,358.5,131.156
digital_4.SchDoc,6,P2,P2,,P2-1,1,VCC,false,1,281.0,300.522,283.0,303.02,282.0,301.771,1,275.0,304.76,281.0,306.01,278.0,305.385
digital_4.SchDoc,6,P2,P2,,P2-2,2,NetP2_2,false,1,281.0,300.522,283.0,303.02,282.0,301.771,1,275.0,306.521,281.0,309.02,278.0,307.77
digital_4.SchDoc,6,R301,R301,,R301-1,1,GND,false,1,269.0,314.282,274.001,318.03,271.5,316.156,1,268.0,319.283,269.001,323.03,268.5,321.156
digital_4.SchDoc,6,R301,R301,,R301-2,2,NetP2_2,false,1,269.0,314.282,274.001,318.03,271.5,316.156,1,268.0,311.044,269.001,316.04,268.5,313.542
digital_4.SchDoc,6,,U32,,U32-7,7,GND,true,0,,,,,,,1,326.0,333.521,332.0,336.02,329.0,334.77
digital_4.SchDoc,6,,U32,,U32-14,14,VDD,true,0,,,,,,,1,312.0,336.76,318.0,338.01,315.0,337.385
digital_4.SchDoc,6,U32B,U32,B,U32-4,4,NetU32_4,false,1,317.0,323.521,322.0,326.02,319.5,324.77,1,326.0,328.521,332.0,331.02,329.0,329.77
digital_4.SchDoc,6,U32B,U32,B,U32-5,5,PW_5,false,1,317.0,323.521,322.0,326.02,319.5,324.77,1,312.0,326.76,318.0,328.01,315.0,327.385
digital_4.SchDoc,6,U32B,U32,B,U32-6,6,NetU32_6,false,1,317.0,323.521,322.0,326.02,319.5,324.77,1,312.0,331.76,318.0,333.01,315.0,332.385
digital_4.SchDoc,6,,U34,,U34-7,7,GND,true,0,,,,,,,1,512.0,475.76,518.0,477.01,515.0,476.385
digital_4.SchDoc,6,,U34,,U34-14,14,VDD,true,0,,,,,,,1,497.0,477.76,503.0,479.01,500.0,478.385
digital_4.SchDoc,6,U34A,U34,A,U34-1,1,NetU34_1,false,1,502.0,464.521,508.0,467.02,505.0,465.77,1,497.0,467.521,503.0,470.02,500.0,468.77
digital_4.SchDoc,6,U34A,U34,A,U34-2,2,NetU34_2,false,1,502.0,464.521,508.0,467.02,505.0,465.77,1,497.0,472.521,503.0,475.02,500.0,473.77
digital_4.SchDoc,6,U34A,U34,A,U34-3,3,NetU34_3,false,1,502.0,464.521,508.0,467.02,505.0,465.77,1,512.0,470.76,518.0,472.01,515.0,471.385
digital_4.SchDoc,6,,U41,,U41-7,7,GND,true,0,,,,,,,1,195.0,382.76,201.0,384.01,198.0,383.385
digital_4.SchDoc,6,,U41,,U41-14,14,VDD,true,0,,,,,,,1,180.0,380.76,186.0,382.01,183.0,381.385
digital_4.SchDoc,6,U41C,U41,C,U41-8,8,NetU41_8,false,1,185.0,381.282,191.001,385.03,188.0,383.156,1,180.0,389.521,186.0,392.02,183.0,390.77
digital_4.SchDoc,6,U41C,U41,C,U41-9,9,AMPCT0,false,1,185.0,381.282,191.001,385.03,188.0,383.156,1,180.0,384.521,186.0,387.02,183.0,385.77
digital_4.SchDoc,6,U41C,U41,C,U41-10,10,NetU41_10,false,1,185.0,381.282,191.001,385.03,188.0,383.156,1,195.0,387.76,201.0,389.01,198.0,388.385
digital_4.SchDoc,6,U41D,U41,D,U41-11,11,NetU41_11,false,1,185.0,381.282,191.001,385.03,188.0,383.156,1,453.0,431.76,459.0,433.01,456.0,432.385
digital_4.SchDoc,6,U41D,U41,D,U41-12,12,NetU41_12,false,1,185.0,381.282,191.001,385.03,188.0,383.156,1,439.0,433.521,444.0,436.02,441.5,434.77
digital_4.SchDoc,6,U41D,U41,D,U41-13,13,NetU41_13,false,1,185.0,381.282,191.001,385.03,188.0,383.156,1,439.0,428.521,444.0,431.02,441.5,429.77
digital_4.SchDoc,6,,U42,,U42-7,7,GND,true,0,,,,,,,1,275.0,392.76,281.0,394.01,278.0,393.385
digital_4.SchDoc,6,,U42,,U42-14,14,VDD,true,0,,,,,,,1,261.0,389.521,266.0,392.02,263.5,390.77
digital_4.SchDoc,6,U42C,U42,C,U42-8,8,NetU42_8,false,1,263.0,390.282,269.001,394.03,266.0,392.156,1,261.0,399.76,266.0,401.01,263.5,400.385
digital_4.SchDoc,6,U42C,U42,C,U42-9,9,NetU42_9,false,1,263.0,390.282,269.001,394.03,266.0,392.156,1,261.0,394.521,266.0,397.02,263.5,395.77
digital_4.SchDoc,6,U42C,U42,C,U42-10,10,NetU42_10,false,1,263.0,390.282,269.001,394.03,266.0,392.156,1,275.0,397.76,281.0,399.01,278.0,398.385
digital_4.SchDoc,6,U42D,U42,D,U42-11,11,NetU41_8,false,1,263.0,390.282,269.001,394.03,266.0,392.156,1,166.0,394.521,171.0,397.02,168.5,395.77
digital_4.SchDoc,6,U42D,U42,D,U42-12,12,FRIC_AMP_ZERO,false,1,263.0,390.282,269.001,394.03,266.0,392.156,1,151.0,397.76,157.0,399.01,154.0,398.385
digital_4.SchDoc,6,U42D,U42,D,U42-13,13,SEL1,false,1,263.0,390.282,269.001,394.03,266.0,392.156,1,151.0,392.76,157.0,394.01,154.0,393.385
digital_4.SchDoc,6,,U51,,U51-7,7,GND,true,0,,,,,,,1,292.0,338.521,298.0,341.02,295.0,339.77
digital_4.SchDoc,6,,U51,,U51-14,14,VDD,true,0,,,,,,,1,278.0,336.76,284.0,338.01,281.0,337.385
digital_4.SchDoc,6,U51B,U51,B,U51-4,4,NetU32_6,false,1,281.0,337.521,286.0,340.02,283.5,338.77,1,292.0,343.76,298.0,345.01,295.0,344.385
digital_4.SchDoc,6,U51B,U51,B,U51-5,5,TPHO_5,false,1,281.0,337.521,286.0,340.02,283.5,338.77,1,278.0,340.521,284.0,343.02,281.0,341.77
digital_4.SchDoc,6,U51B,U51,B,U51-6,6,NetU51_6,false,1,281.0,337.521,286.0,340.02,283.5,338.77,1,278.0,345.521,284.0,348.02,281.0,346.77
digital_4.SchDoc,6,U51C,U51,C,U51-8,8,NetU51_8,false,1,281.0,337.521,286.0,340.02,283.5,338.77,1,404.0,443.76,410.0,445.01,407.0,444.385
digital_4.SchDoc,6,U51C,U51,C,U51-9,9,VOICE_AMP_ZERO,false,1,281.0,337.521,286.0,340.02,283.5,338.77,1,404.0,448.76,410.0,450.01,407.0,449.385
digital_4.SchDoc,6,U51C,U51,C,U51-10,10,NetU41_12,false,1,281.0,337.521,286.0,340.02,283.5,338.77,1,419.0,445.521,425.0,448.02,422.0,446.77
digital_4.SchDoc,6,U51D,U51,D,U51-11,11,NetU51_11,false,1,281.0,337.521,286.0,340.02,283.5,338.77,1,383.0,428.521,388.0,431.02,385.5,429.77
digital_4.SchDoc,6,U51D,U51,D,U51-12,12,FRIC_AMP_ZERO,false,1,281.0,337.521,286.0,340.02,283.5,338.77,1,368.0,431.76,374.0,433.01,371.0,432.385
digital_4.SchDoc,6,U51D,U51,D,U51-13,13,NetU51_13,false,1,281.0,337.521,286.0,340.02,283.5,338.77,1,368.0,426.76,374.0,428.01,371.0,427.385
digital_4.SchDoc,6,,U53,,U53-7,7,GND,true,0,,,,,,,1,580.0,482.76,586.0,484.01,583.0,483.385
digital_4.SchDoc,6,,U53,,U53-14,14,VDD,true,0,,,,,,,1,568.0,484.521,574.0,487.02,571.0,485.77
digital_4.SchDoc,6,U53C,U53,C,U53-5,5,VOICED,false,1,573.0,472.521,578.0,475.02,575.5,473.77,1,568.0,477.76,574.0,479.01,571.0,478.385
digital_4.SchDoc,6,U53C,U53,C,U53-6,6,/VOICED,false,1,573.0,472.521,578.0,475.02,575.5,473.77,1,580.0,477.76,586.0,479.01,583.0,478.385
digital_4.SchDoc,6,U53D,U53,D,U53-8,8,NetU53_8,false,1,573.0,472.521,578.0,475.02,575.5,473.77,1,509.0,482.76,515.0,484.01,512.0,483.385
digital_4.SchDoc,6,U53D,U53,D,U53-9,9,Phi0_X,false,1,573.0,472.521,578.0,475.02,575.5,473.77,1,497.0,482.76,503.0,484.01,500.0,483.385
digital_4.SchDoc,6,U53F,U53,F,U53-12,12,NetU53_12,false,1,573.0,472.521,578.0,475.02,575.5,473.77,1,117.0,233.521,123.0,236.02,120.0,234.77
digital_4.SchDoc,6,U53F,U53,F,U53-13,13,RATECLK/2,false,1,573.0,472.521,578.0,475.02,575.5,473.77,1,105.0,233.521,110.0,236.02,107.5,234.77
digital_4.SchDoc,6,U60,U60,,U60-1,1,VCC,false,1,534.0,468.521,538.0,471.02,536.0,469.77,1,529.0,472.521,535.0,475.02,532.0,473.77
digital_4.SchDoc,6,U60,U60,,U60-2,2,NetU53_8,false,1,534.0,468.521,538.0,471.02,536.0,469.77,1,529.0,482.76,535.0,484.01,532.0,483.385
digital_4.SchDoc,6,U60,U60,,U60-3,3,VCC,false,1,534.0,468.521,538.0,471.02,536.0,469.77,1,529.0,487.76,535.0,489.01,532.0,488.385
digital_4.SchDoc,6,U60,U60,,U60-4,4,VCC,false,1,534.0,468.521,538.0,471.02,536.0,469.77,1,529.0,489.521,535.0,492.02,532.0,490.77
digital_4.SchDoc,6,U60,U60,,U60-5,5,GND,false,1,534.0,468.521,538.0,471.02,536.0,469.77,1,529.0,492.76,535.0,494.01,532.0,493.385
digital_4.SchDoc,6,U60,U60,,U60-6,6,VCC,false,1,534.0,468.521,538.0,471.02,536.0,469.77,1,529.0,494.521,535.0,497.02,532.0,495.77
digital_4.SchDoc,6,U60,U60,,U60-7,7,/VOICED,false,1,534.0,468.521,538.0,471.02,536.0,469.77,1,529.0,479.521,535.0,482.02,532.0,480.77
digital_4.SchDoc,6,U60,U60,,U60-8,8,GND,false,1,534.0,468.521,538.0,471.02,536.0,469.77,1,529.0,499.76,535.0,501.01,532.0,500.385
digital_4.SchDoc,6,U60,U60,,U60-9,9,NetU34_3,false,1,534.0,468.521,538.0,471.02,536.0,469.77,1,529.0,475.76,535.0,477.01,532.0,476.385
digital_4.SchDoc,6,U60,U60,,U60-10,10,VCC,false,1,534.0,468.521,538.0,471.02,536.0,469.77,1,529.0,477.76,535.0,479.01,532.0,478.385
digital_4.SchDoc,6,U60,U60,,U60-11,11,NetU60_11,false,1,534.0,468.521,538.0,471.02,536.0,469.77,1,551.0,494.521,557.0,497.02,554.0,495.77
digital_4.SchDoc,6,U60,U60,,U60-12,12,NetU60_12,false,1,534.0,468.521,538.0,471.02,536.0,469.77,1,551.0,492.76,557.0,494.01,554.0,493.385
digital_4.SchDoc,6,U60,U60,,U60-13,13,NetU60_13,false,1,534.0,468.521,538.0,471.02,536.0,469.77,1,551.0,489.521,557.0,492.02,554.0,490.77
digital_4.SchDoc,6,U60,U60,,U60-14,14,NetU60_14,false,1,534.0,468.521,538.0,471.02,536.0,469.77,1,551.0,487.76,557.0,489.01,554.0,488.385
digital_4.SchDoc,6,U60,U60,,U60-15,15,VOICED,false,1,534.0,468.521,538.0,471.02,536.0,469.77,1,551.0,477.76,557.0,479.01,554.0,478.385
digital_4.SchDoc,6,U60,U60,,U60-16,16,VCC,false,1,534.0,468.521,538.0,471.02,536.0,469.77,1,551.0,472.521,557.0,475.02,554.0,473.77
digital_4.SchDoc,6,U61,U61,,U61-1,1,T/PD_/RST,false,1,456.0,461.521,460.0,464.02,458.0,462.77,1,451.0,465.76,457.0,467.01,454.0,466.385
digital_4.SchDoc,6,U61,U61,,U61-2,2,NetU34_1,false,1,456.0,461.521,460.0,464.02,458.0,462.77,1,470.0,472.521,476.0,475.02,473.0,473.77
digital_4.SchDoc,6,U61,U61,,U61-3,3,NetU61_3,false,1,456.0,461.521,460.0,464.02,458.0,462.77,1,470.0,475.76,476.0,477.01,473.0,476.385
digital_4.SchDoc,6,U61,U61,,U61-4,4,NetU61_4,false,1,456.0,461.521,460.0,464.02,458.0,462.77,1,451.0,472.521,457.0,475.02,454.0,473.77
digital_4.SchDoc,6,U61,U61,,U61-5,5,NetU34_1,false,1,456.0,461.521,460.0,464.02,458.0,462.77,1,451.0,477.76,457.0,479.01,454.0,478.385
digital_4.SchDoc,6,U61,U61,,U61-6,6,NetU34_2,false,1,456.0,461.521,460.0,464.02,458.0,462.77,1,470.0,479.521,476.0,482.02,473.0,480.77
digital_4.SchDoc,6,U61,U61,,U61-7,7,NetU61_7,false,1,456.0,461.521,460.0,464.02,458.0,462.77,1,470.0,477.76,476.0,479.01,473.0,478.385
digital_4.SchDoc,6,U61,U61,,U61-8,8,GND,false,1,456.0,461.521,460.0,464.02,458.0,462.77,1,451.0,492.76,457.0,494.01,454.0,493.385
digital_4.SchDoc,6,U61,U61,,U61-9,9,Phi0_X,false,1,456.0,461.521,460.0,464.02,458.0,462.77,1,451.0,467.521,457.0,470.02,454.0,468.77
digital_4.SchDoc,6,U61,U61,,U61-10,10,NetU61_10,false,1,456.0,461.521,460.0,464.02,458.0,462.77,1,470.0,482.76,476.0,484.01,473.0,483.385
digital_4.SchDoc,6,U61,U61,,U61-11,11,NetU61_11,false,1,456.0,461.521,460.0,464.02,458.0,462.77,1,470.0,484.521,476.0,487.02,473.0,485.77
digital_4.SchDoc,6,U61,U61,,U61-12,12,NetU61_12,false,1,456.0,461.521,460.0,464.02,458.0,462.77,1,451.0,482.76,457.0,484.01,454.0,483.385
digital_4.SchDoc,6,U61,U61,,U61-13,13,NetU61_13,false,1,456.0,461.521,460.0,464.02,458.0,462.77,1,451.0,487.76,457.0,489.01,454.0,488.385
digital_4.SchDoc,6,U61,U61,,U61-14,14,NetU61_14,false,1,456.0,461.521,460.0,464.02,458.0,462.77,1,470.0,489.521,476.0,492.02,473.0,490.77
digital_4.SchDoc,6,U61,U61,,U61-15,15,NetU61_15,false,1,456.0,461.521,460.0,464.02,458.0,462.77,1,470.0,487.76,476.0,489.01,473.0,488.385
digital_4.SchDoc,6,U61,U61,,U61-16,16,VCC,false,1,456.0,461.521,460.0,464.02,458.0,462.77,1,470.0,465.76,476.0,467.01,473.0,466.385
digital_4.SchDoc,6,,U62,,U62-7,7,GND,true,0,,,,,,,1,363.0,470.76,369.0,472.01,366.0,471.385
digital_4.SchDoc,6,,U62,,U62-14,14,VDD,true,0,,,,,,,1,343.0,470.76,349.0,472.01,346.0,471.385
digital_4.SchDoc,6,U62A,U62,A,U62-1,1,NetU61_4,false,1,369.0,451.521,374.0,454.02,371.5,452.77,1,363.0,455.521,369.0,458.02,366.0,456.77
digital_4.SchDoc,6,U62A,U62,A,U62-2,2,NetU51_8,false,1,369.0,451.521,374.0,454.02,371.5,452.77,1,363.0,465.76,369.0,467.01,366.0,466.385
digital_4.SchDoc,6,U62A,U62,A,U62-3,3,VOICECLK,false,1,369.0,451.521,374.0,454.02,371.5,452.77,1,343.0,460.76,349.0,462.01,346.0,461.385
digital_4.SchDoc,6,U62A,U62,A,U62-4,4,NetU62_4,false,1,369.0,451.521,374.0,454.02,371.5,452.77,1,355.0,466.566,357.001,474.06,356.0,470.313
digital_4.SchDoc,6,U62A,U62,A,U62-5,5,NetU51_8,false,1,369.0,451.521,374.0,454.02,371.5,452.77,1,343.0,455.521,349.0,458.02,346.0,456.77
digital_4.SchDoc,6,U62A,U62,A,U62-6,6,GND,false,1,369.0,451.521,374.0,454.02,371.5,452.77,1,355.0,447.566,357.001,455.06,356.0,451.313
digital_4.SchDoc,6,U68,U68,,U68-1,1,GND,false,1,208.0,463.282,211.001,467.03,209.5,465.156,1,202.0,470.76,208.0,472.01,205.0,471.385
digital_4.SchDoc,6,U68,U68,,U68-2,2,AMPCT3,false,1,208.0,463.282,211.001,467.03,209.5,465.156,1,224.0,489.521,230.0,492.02,227.0,490.77
digital_4.SchDoc,6,U68,U68,,U68-3,3,GND,false,1,208.0,463.282,211.001,467.03,209.5,465.156,1,202.0,489.521,208.0,492.02,205.0,490.77
digital_4.SchDoc,6,U68,U68,,U68-4,4,GND,false,1,208.0,463.282,211.001,467.03,209.5,465.156,1,202.0,482.76,208.0,484.01,205.0,483.385
digital_4.SchDoc,6,U68,U68,,U68-5,5,GND,false,1,208.0,463.282,211.001,467.03,209.5,465.156,1,202.0,472.521,208.0,475.02,205.0,473.77
digital_4.SchDoc,6,U68,U68,,U68-6,6,NetU68_6,false,1,208.0,463.282,211.001,467.03,209.5,465.156,1,224.0,482.76,230.0,484.01,227.0,483.385
digital_4.SchDoc,6,U68,U68,,U68-7,7,NetU68_7,false,1,208.0,463.282,211.001,467.03,209.5,465.156,1,224.0,472.521,230.0,475.02,227.0,473.77
digital_4.SchDoc,6,U68,U68,,U68-8,8,GND,false,1,208.0,463.282,211.001,467.03,209.5,465.156,1,202.0,494.521,208.0,497.02,205.0,495.77
digital_4.SchDoc,6,U68,U68,,U68-9,9,VCC,false,1,208.0,463.282,211.001,467.03,209.5,465.156,1,202.0,475.76,208.0,477.01,205.0,476.385
digital_4.SchDoc,6,U68,U68,,U68-10,10,NetU68_10,false,1,208.0,463.282,211.001,467.03,209.5,465.156,1,202.0,477.76,208.0,479.01,205.0,478.385
digital_4.SchDoc,6,U68,U68,,U68-11,11,AMPCT1,false,1,208.0,463.282,211.001,467.03,209.5,465.156,1,224.0,484.521,230.0,487.02,227.0,485.77
digital_4.SchDoc,6,U68,U68,,U68-12,12,GND,false,1,208.0,463.282,211.001,467.03,209.5,465.156,1,202.0,484.521,208.0,487.02,205.0,485.77
digital_4.SchDoc,6,U68,U68,,U68-13,13,GND,false,1,208.0,463.282,211.001,467.03,209.5,465.156,1,202.0,487.76,208.0,489.01,205.0,488.385
digital_4.SchDoc,6,U68,U68,,U68-14,14,AMPCT2,false,1,208.0,463.282,211.001,467.03,209.5,465.156,1,224.0,487.76,230.0,489.01,227.0,488.385
digital_4.SchDoc,6,U68,U68,,U68-15,15,NetU68_15,false,1,208.0,463.282,211.001,467.03,209.5,465.156,1,202.0,467.521,208.0,470.02,205.0,468.77
digital_4.SchDoc,6,U68,U68,,U68-16,16,VCC,false,1,208.0,463.282,211.001,467.03,209.5,465.156,1,224.0,467.521,230.0,470.02,227.0,468.77
digital_4.SchDoc,6,,U69,,U69-7,7,GND,true,0,,,,,,,1,365.0,523.521,371.0,526.02,368.0,524.77
digital_4.SchDoc,6,,U69,,U69-14,14,VDD,true,0,,,,,,,1,351.0,526.76,357.0,528.01,354.0,527.385
digital_4.SchDoc,6,U69A,U69,A,U69-1,1,NetU69_1,false,1,354.0,512.521,359.0,515.02,356.5,513.77,1,351.0,516.76,357.0,518.01,354.0,517.385
digital_4.SchDoc,6,U69A,U69,A,U69-2,2,NetU69_2,false,1,354.0,512.521,359.0,515.02,356.5,513.77,1,351.0,519.76,357.0,521.01,354.0,520.385
digital_4.SchDoc,6,U69A,U69,A,U69-8,8,GND,false,1,354.0,512.521,359.0,515.02,356.5,513.77,1,351.0,521.76,357.0,523.01,354.0,522.385
digital_4.SchDoc,6,U69A,U69,A,U69-9,9,NetU69_9,false,1,354.0,512.521,359.0,515.02,356.5,513.77,1,365.0,519.76,371.0,521.01,368.0,520.385
digital_4.SchDoc,6,U69B,U69,B,U69-3,3,AMPCT1,false,1,354.0,512.521,359.0,515.02,356.5,513.77,1,251.0,519.76,257.0,521.01,254.0,520.385
digital_4.SchDoc,6,U69B,U69,B,U69-4,4,AMPCT2,false,1,354.0,512.521,359.0,515.02,356.5,513.77,1,251.0,521.76,257.0,523.01,254.0,522.385
digital_4.SchDoc,6,U69B,U69,B,U69-5,5,AMPCT3,false,1,354.0,512.521,359.0,515.02,356.5,513.77,1,251.0,523.521,257.0,526.02,254.0,524.77
digital_4.SchDoc,6,U69B,U69,B,U69-6,6,AMPCT_ZERO,false,1,354.0,512.521,359.0,515.02,356.5,513.77,1,265.0,521.76,271.0,523.01,268.0,522.385
digital_4.SchDoc,6,,U71,,U71-7,7,GND,true,0,,,,,,,1,180.0,448.76,186.0,450.01,183.0,449.385
digital_4.SchDoc,6,,U71,,U71-14,14,VDD,true,0,,,,,,,1,166.0,445.521,171.0,448.02,168.5,446.77
digital_4.SchDoc,6,U71A,U71,A,U71-1,1,NetU51_6,false,1,171.0,447.521,176.0,450.02,173.5,448.77,1,166.0,455.521,171.0,458.02,168.5,456.77
digital_4.SchDoc,6,U71A,U71,A,U71-2,2,AMPCT0,false,1,171.0,447.521,176.0,450.02,173.5,448.77,1,166.0,450.521,171.0,453.02,168.5,451.77
digital_4.SchDoc,6,U71A,U71,A,U71-3,3,NetU68_10,false,1,171.0,447.521,176.0,450.02,173.5,448.77,1,180.0,453.76,186.0,455.01,183.0,454.385
digital_4.SchDoc,6,U71B,U71,B,U71-4,4,NetU68_15,false,1,171.0,447.521,176.0,450.02,173.5,448.77,1,180.0,467.521,186.0,470.02,183.0,468.77
digital_4.SchDoc,6,U71B,U71,B,U71-5,5,SEL2,false,1,171.0,447.521,176.0,450.02,173.5,448.77,1,166.0,465.76,171.0,467.01,168.5,466.385
digital_4.SchDoc,6,U71B,U71,B,U71-6,6,NetU69_9,false,1,171.0,447.521,176.0,450.02,173.5,448.77,1,166.0,470.76,171.0,472.01,168.5,471.385
digital_4.SchDoc,6,U71C,U71,C,U71-8,8,NetU68_10,false,1,171.0,447.521,176.0,450.02,173.5,448.77,1,324.0,509.76,330.0,511.01,327.0,510.385
digital_4.SchDoc,6,U71C,U71,C,U71-9,9,NetU71_9,false,1,171.0,447.521,176.0,450.02,173.5,448.77,1,324.0,504.76,330.0,506.01,327.0,505.385
digital_4.SchDoc,6,U71C,U71,C,U71-10,10,NetU69_1,false,1,171.0,447.521,176.0,450.02,173.5,448.77,1,339.0,506.521,344.0,509.02,341.5,507.77
digital_4.SchDoc,6,U71D,U71,D,U71-11,11,NetU69_2,false,1,171.0,447.521,176.0,450.02,173.5,448.77,1,317.0,519.76,323.0,521.01,320.0,520.385
digital_4.SchDoc,6,U71D,U71,D,U71-12,12,AMPCT_ZERO,false,1,171.0,447.521,176.0,450.02,173.5,448.77,1,302.0,521.76,308.0,523.01,305.0,522.385
digital_4.SchDoc,6,U71D,U71,D,U71-13,13,NetU71_13,false,1,171.0,447.521,176.0,450.02,173.5,448.77,1,302.0,516.76,308.0,518.01,305.0,517.385
digital_4.SchDoc,6,,U72,,U72-7,7,GND,true,0,,,,,,,1,134.0,384.521,140.0,387.02,137.0,385.77
digital_4.SchDoc,6,,U72,,U72-14,14,VDD,true,0,,,,,,,1,122.0,387.76,127.0,389.01,124.5,388.385
digital_4.SchDoc,6,U72A,U72,A,U72-1,1,NetU72_1,false,1,127.0,374.521,132.0,377.02,129.5,375.77,1,122.0,380.76,127.0,382.01,124.5,381.385
digital_4.SchDoc,6,U72A,U72,A,U72-2,2,AMPCT0,false,1,127.0,374.521,132.0,377.02,129.5,375.77,1,134.0,380.76,140.0,382.01,137.0,381.385
digital_4.SchDoc,6,U72B,U72,B,U72-3,3,NetU68_10,false,1,127.0,374.521,132.0,377.02,129.5,375.77,1,280.0,516.76,286.0,518.01,283.0,517.385
digital_4.SchDoc,6,U72B,U72,B,U72-4,4,NetU71_13,false,1,127.0,374.521,132.0,377.02,129.5,375.77,1,292.0,516.76,298.0,518.01,295.0,517.385
digital_4.SchDoc,6,U72C,U72,C,U72-5,5,NetU68_7,false,1,127.0,374.521,132.0,377.02,129.5,375.77,1,302.0,504.76,308.0,506.01,305.0,505.385
digital_4.SchDoc,6,U72C,U72,C,U72-6,6,NetU71_9,false,1,127.0,374.521,132.0,377.02,129.5,375.77,1,314.0,504.76,320.0,506.01,317.0,505.385
digital_4.SchDoc,6,U72D,U72,D,U72-8,8,NetU72_8,false,1,127.0,374.521,132.0,377.02,129.5,375.77,1,263.0,382.76,269.0,384.01,266.0,383.385
digital_4.SchDoc,6,U72D,U72,D,U72-9,9,NetU72_9,false,1,127.0,374.521,132.0,377.02,129.5,375.77,1,251.0,382.76,257.0,384.01,254.0,383.385
digital_4.SchDoc,6,U73,U73,,U73-1,1,NetU51_13,false,1,324.0,383.521,328.0,386.02,326.0,384.77,1,319.0,392.76,325.0,394.01,322.0,393.385
digital_4.SchDoc,6,U73,U73,,U73-2,2,NetU73_2,false,1,324.0,383.521,328.0,386.02,326.0,384.77,1,339.0,394.521,344.0,397.02,341.5,395.77
digital_4.SchDoc,6,U73,U73,,U73-3,3,NetU41_10,false,1,324.0,383.521,328.0,386.02,326.0,384.77,1,319.0,387.76,325.0,389.01,322.0,388.385
digital_4.SchDoc,6,U73,U73,,U73-4,4,NetU73_4,false,1,324.0,383.521,328.0,386.02,326.0,384.77,1,319.0,394.521,325.0,397.02,322.0,395.77
digital_4.SchDoc,6,U73,U73,,U73-5,5,NetU73_5,false,1,324.0,383.521,328.0,386.02,326.0,384.77,1,319.0,397.76,325.0,399.01,322.0,398.385
digital_4.SchDoc,6,U73,U73,,U73-6,6,NetU73_6,false,1,324.0,383.521,328.0,386.02,326.0,384.77,1,319.0,399.76,325.0,401.01,322.0,400.385
digital_4.SchDoc,6,U73,U73,,U73-7,7,GND,false,1,324.0,383.521,328.0,386.02,326.0,384.77,1,319.0,406.521,325.0,409.02,322.0,407.77
digital_4.SchDoc,6,U73,U73,,U73-8,8,NetU73_8,false,1,324.0,383.521,328.0,386.02,326.0,384.77,1,339.0,401.521,344.0,404.02,341.5,402.77
digital_4.SchDoc,6,U73,U73,,U73-9,9,NetU73_4,false,1,324.0,383.521,328.0,386.02,326.0,384.77,1,339.0,404.76,344.0,406.01,341.5,405.385
digital_4.SchDoc,6,U73,U73,,U73-10,10,NetU51_13,false,1,324.0,383.521,328.0,386.02,326.0,384.77,1,339.0,399.76,344.0,401.01,341.5,400.385
digital_4.SchDoc,6,U73,U73,,U73-11,11,NetU73_11,false,1,324.0,383.521,328.0,386.02,326.0,384.77,1,339.0,397.76,344.0,399.01,341.5,398.385
digital_4.SchDoc,6,U73,U73,,U73-12,12,NetU73_5,false,1,324.0,383.521,328.0,386.02,326.0,384.77,1,339.0,406.521,344.0,409.02,341.5,407.77
digital_4.SchDoc,6,U73,U73,,U73-13,13,NetU73_13,false,1,324.0,383.521,328.0,386.02,326.0,384.77,1,339.0,392.76,344.0,394.01,341.5,393.385
digital_4.SchDoc,6,U73,U73,,U73-14,14,VCC,false,1,324.0,383.521,328.0,386.02,326.0,384.77,1,339.0,387.76,344.0,389.01,341.5,388.385
digital_4.SchDoc,6,,U74,,U74-7,7,GND,true,0,,,,,,,1,380.0,392.76,386.0,394.01,383.0,393.385
digital_4.SchDoc,6,,U74,,U74-14,14,VDD,true,0,,,,,,,1,365.0,394.521,371.0,397.02,368.0,395.77
digital_4.SchDoc,6,U74A,U74,A,U74-1,1,NetU73_13,false,1,368.0,381.521,374.0,384.02,371.0,382.77,1,365.0,389.521,371.0,392.02,368.0,390.77
digital_4.SchDoc,6,U74A,U74,A,U74-2,2,NetU73_5,false,1,368.0,381.521,374.0,384.02,371.0,382.77,1,365.0,384.521,371.0,387.02,368.0,385.77
digital_4.SchDoc,6,U74A,U74,A,U74-3,3,NetU74_3,false,1,368.0,381.521,374.0,384.02,371.0,382.77,1,380.0,387.76,386.0,389.01,383.0,388.385
digital_4.SchDoc,6,U74B,U74,B,U74-4,4,NetU74_4,false,1,368.0,381.521,374.0,384.02,371.0,382.77,1,380.0,401.521,386.0,404.02,383.0,402.77
digital_4.SchDoc,6,U74B,U74,B,U74-5,5,NetU73_4,false,1,368.0,381.521,374.0,384.02,371.0,382.77,1,365.0,404.76,371.0,406.01,368.0,405.385
digital_4.SchDoc,6,U74B,U74,B,U74-6,6,NetU73_8,false,1,368.0,381.521,374.0,384.02,371.0,382.77,1,365.0,399.76,371.0,401.01,368.0,400.385
digital_4.SchDoc,6,U74C,U74,C,U74-8,8,NetU74_3,false,1,368.0,381.521,374.0,384.02,371.0,382.77,1,387.0,392.76,393.0,394.01,390.0,393.385
digital_4.SchDoc,6,U74C,U74,C,U74-9,9,NetU74_4,false,1,368.0,381.521,374.0,384.02,371.0,382.77,1,387.0,397.76,393.0,399.01,390.0,398.385
digital_4.SchDoc,6,U74C,U74,C,U74-10,10,NetU74_10,false,1,368.0,381.521,374.0,384.02,371.0,382.77,1,402.0,394.521,408.0,397.02,405.0,395.77
digital_4.SchDoc,6,U74D,U74,D,U74-11,11,NetU73_6,false,1,368.0,381.521,374.0,384.02,371.0,382.77,1,302.0,399.76,308.0,401.01,305.0,400.385
digital_4.SchDoc,6,U74D,U74,D,U74-12,12,NetU74_10,false,1,368.0,381.521,374.0,384.02,371.0,382.77,1,287.0,401.521,293.0,404.02,290.0,402.77
digital_4.SchDoc,6,U74D,U74,D,U74-13,13,NetU42_10,false,1,368.0,381.521,374.0,384.02,371.0,382.77,1,287.0,397.76,293.0,399.01,290.0,398.385
digital_4.SchDoc,6,U75,U75,,U75-1,1,VCC,false,1,227.0,373.521,231.0,376.02,229.0,374.77,1,222.0,377.521,227.0,380.02,224.5,378.77
digital_4.SchDoc,6,U75,U75,,U75-2,2,NetU41_10,false,1,227.0,373.521,231.0,376.02,229.0,374.77,1,222.0,387.76,227.0,389.01,224.5,388.385
digital_4.SchDoc,6,U75,U75,,U75-3,3,VCC,false,1,227.0,373.521,231.0,376.02,229.0,374.77,1,222.0,392.76,227.0,394.01,224.5,393.385
digital_4.SchDoc,6,U75,U75,,U75-4,4,GND,false,1,227.0,373.521,231.0,376.02,229.0,374.77,1,222.0,394.521,227.0,397.02,224.5,395.77
digital_4.SchDoc,6,U75,U75,,U75-5,5,GND,false,1,227.0,373.521,231.0,376.02,229.0,374.77,1,222.0,397.76,227.0,399.01,224.5,398.385
digital_4.SchDoc,6,U75,U75,,U75-6,6,GND,false,1,227.0,373.521,231.0,376.02,229.0,374.77,1,222.0,399.76,227.0,401.01,224.5,400.385
digital_4.SchDoc,6,U75,U75,,U75-7,7,VCC,false,1,227.0,373.521,231.0,376.02,229.0,374.77,1,222.0,384.521,227.0,387.02,224.5,385.77
digital_4.SchDoc,6,U75,U75,,U75-8,8,GND,false,1,227.0,373.521,231.0,376.02,229.0,374.77,1,222.0,404.76,227.0,406.01,224.5,405.385
digital_4.SchDoc,6,U75,U75,,U75-9,9,NetU72_8,false,1,227.0,373.521,231.0,376.02,229.0,374.77,1,222.0,380.76,227.0,382.01,224.5,381.385
digital_4.SchDoc,6,U75,U75,,U75-10,10,VCC,false,1,227.0,373.521,231.0,376.02,229.0,374.77,1,222.0,382.76,227.0,384.01,224.5,383.385
digital_4.SchDoc,6,U75,U75,,U75-11,11,NetU42_8,false,1,227.0,373.521,231.0,376.02,229.0,374.77,1,244.0,399.76,249.0,401.01,246.5,400.385
digital_4.SchDoc,6,U75,U75,,U75-12,12,NetU42_9,false,1,227.0,373.521,231.0,376.02,229.0,374.77,1,244.0,397.76,249.0,399.01,246.5,398.385
digital_4.SchDoc,6,U75,U75,,U75-13,13,NetU75_13,false,1,227.0,373.521,231.0,376.02,229.0,374.77,1,244.0,394.521,249.0,397.02,246.5,395.77
digital_4.SchDoc,6,U75,U75,,U75-14,14,NetU75_14,false,1,227.0,373.521,231.0,376.02,229.0,374.77,1,244.0,392.76,249.0,394.01,246.5,393.385
digital_4.SchDoc,6,U75,U75,,U75-15,15,NetU72_9,false,1,227.0,373.521,231.0,376.02,229.0,374.77,1,244.0,382.76,249.0,384.01,246.5,383.385
digital_4.SchDoc,6,U75,U75,,U75-16,16,VCC,false,1,227.0,373.521,231.0,376.02,229.0,374.77,1,244.0,377.521,249.0,380.02,246.5,378.77
digital_4.SchDoc,6,U76,U76,,U76-1,1,PHO_WRITE,false,1,410.0,83.522,413.0,86.02,411.5,84.771,1,404.0,87.76,410.0,89.01,407.0,88.385
digital_4.SchDoc,6,U76,U76,,U76-2,2,NetU76_2,false,1,410.0,83.522,413.0,86.02,411.5,84.771,1,424.0,94.521,430.0,97.02,427.0,95.77
digital_4.SchDoc,6,U76,U76,,U76-3,3,NetU76_3,false,1,410.0,83.522,413.0,86.02,411.5,84.771,1,424.0,97.76,430.0,99.01,427.0,98.385
digital_4.SchDoc,6,U76,U76,,U76-4,4,NetU76_4,false,1,410.0,83.522,413.0,86.02,411.5,84.771,1,404.0,94.521,410.0,97.02,407.0,95.77
digital_4.SchDoc,6,U76,U76,,U76-5,5,NetU76_2,false,1,410.0,83.522,413.0,86.02,411.5,84.771,1,404.0,99.521,410.0,102.02,407.0,100.77
digital_4.SchDoc,6,U76,U76,,U76-6,6,NetU76_6,false,1,410.0,83.522,413.0,86.02,411.5,84.771,1,424.0,102.76,430.0,104.01,427.0,103.385
digital_4.SchDoc,6,U76,U76,,U76-7,7,NetU76_7,false,1,410.0,83.522,413.0,86.02,411.5,84.771,1,424.0,99.521,430.0,102.02,427.0,100.77
digital_4.SchDoc,6,U76,U76,,U76-8,8,GND,false,1,410.0,83.522,413.0,86.02,411.5,84.771,1,404.0,114.76,410.0,116.01,407.0,115.385
digital_4.SchDoc,6,U76,U76,,U76-9,9,SEL2,false,1,410.0,83.522,413.0,86.02,411.5,84.771,1,404.0,89.521,410.0,92.02,407.0,90.77
digital_4.SchDoc,6,U76,U76,,U76-10,10,NetU76_10,false,1,410.0,83.522,413.0,86.02,411.5,84.771,1,424.0,104.521,430.0,107.02,427.0,105.77
digital_4.SchDoc,6,U76,U76,,U76-11,11,NetU76_11,false,1,410.0,83.522,413.0,86.02,411.5,84.771,1,424.0,106.521,430.0,109.02,427.0,107.77
digital_4.SchDoc,6,U76,U76,,U76-12,12,NetU76_12,false,1,410.0,83.522,413.0,86.02,411.5,84.771,1,404.0,104.521,410.0,107.02,407.0,105.77
digital_4.SchDoc,6,U76,U76,,U76-13,13,NetU76_13,false,1,410.0,83.522,413.0,86.02,411.5,84.771,1,404.0,109.76,410.0,111.01,407.0,110.385
digital_4.SchDoc,6,U76,U76,,U76-14,14,NetU76_14,false,1,410.0,83.522,413.0,86.02,411.5,84.771,1,424.0,111.521,430.0,114.02,427.0,112.77
digital_4.SchDoc,6,U76,U76,,U76-15,15,NetU76_15,false,1,410.0,83.522,413.0,86.02,411.5,84.771,1,424.0,109.76,430.0,111.01,427.0,110.385
digital_4.SchDoc,6,U76,U76,,U76-16,16,VCC,false,1,410.0,83.522,413.0,86.02,411.5,84.771,1,424.0,87.76,430.0,89.01,427.0,88.385
digital_4.SchDoc,6,,U77,,U77-7,7,GND,true,0,,,,,,,1,456.0,102.76,461.0,104.01,458.5,103.385
digital_4.SchDoc,6,,U77,,U77-14,14,VDD,true,0,,,,,,,1,441.0,104.521,447.0,107.02,444.0,105.77
digital_4.SchDoc,6,U77A,U77,A,U77-1,1,NetU76_2,false,1,446.0,91.282,451.001,95.03,448.5,93.156,1,441.0,94.521,447.0,97.02,444.0,95.77
digital_4.SchDoc,6,U77A,U77,A,U77-2,2,NetU76_6,false,1,446.0,91.282,451.001,95.03,448.5,93.156,1,441.0,99.521,447.0,102.02,444.0,100.77
digital_4.SchDoc,6,U77A,U77,A,U77-3,3,NetC6_2,false,1,446.0,91.282,451.001,95.03,448.5,93.156,1,456.0,97.76,461.0,99.01,458.5,98.385
digital_4.SchDoc,6,U77C,U77,C,U77-8,8,WR_A,false,1,446.0,91.282,451.001,95.03,448.5,93.156,1,551.0,145.521,557.0,148.02,554.0,146.77
digital_4.SchDoc,6,U77C,U77,C,U77-9,9,WR_B,false,1,446.0,91.282,451.001,95.03,448.5,93.156,1,551.0,141.76,557.0,143.01,554.0,142.385
digital_4.SchDoc,6,U77C,U77,C,U77-10,10,WR_C,false,1,446.0,91.282,451.001,95.03,448.5,93.156,1,565.0,143.76,571.0,145.01,568.0,144.385
digital_4.SchDoc,6,U77D,U77,D,U77-11,11,NetU77_11,false,1,446.0,91.282,451.001,95.03,448.5,93.156,1,292.0,245.521,298.0,248.02,295.0,246.77
digital_4.SchDoc,6,U77D,U77,D,U77-12,12,NetU77_12,false,1,446.0,91.282,451.001,95.03,448.5,93.156,1,278.0,243.76,284.0,245.01,281.0,244.385
digital_4.SchDoc,6,U77D,U77,D,U77-13,13,NetU77_13,false,1,446.0,91.282,451.001,95.03,448.5,93.156,1,278.0,248.76,284.0,250.01,281.0,249.385
digital_4.SchDoc,6,,U85,,U85-7,7,GND,true,0,,,,,,,1,346.0,479.521,352.0,482.02,349.0,480.77
digital_4.SchDoc,6,,U85,,U85-14,14,VDD,true,0,,,,,,,1,331.0,482.76,337.0,484.01,334.0,483.385
digital_4.SchDoc,6,U85C,U85,C,U85-8,8,NetU68_7,false,1,334.0,468.282,339.001,472.03,336.5,470.156,1,331.0,477.76,337.0,479.01,334.0,478.385
digital_4.SchDoc,6,U85C,U85,C,U85-9,9,NetU72_1,false,1,334.0,468.282,339.001,472.03,336.5,470.156,1,331.0,472.521,337.0,475.02,334.0,473.77
digital_4.SchDoc,6,U85C,U85,C,U85-10,10,NetU62_4,false,1,334.0,468.282,339.001,472.03,336.5,470.156,1,346.0,475.76,352.0,477.01,349.0,476.385
digital_4.SchDoc,6,U93,U93,,U93-1,1,VCC,false,1,217.0,261.521,221.0,264.02,219.0,262.77,1,212.0,265.76,218.0,267.01,215.0,266.385
digital_4.SchDoc,6,U93,U93,,U93-2,2,NetU77_13,false,1,217.0,261.521,221.0,264.02,219.0,262.77,1,231.0,272.521,237.0,275.02,234.0,273.77
digital_4.SchDoc,6,U93,U93,,U93-3,3,NetU93_3,false,1,217.0,261.521,221.0,264.02,219.0,262.77,1,231.0,275.76,237.0,277.01,234.0,276.385
digital_4.SchDoc,6,U93,U93,,U93-4,4,NetU93_4,false,1,217.0,261.521,221.0,264.02,219.0,262.77,1,212.0,272.521,218.0,275.02,215.0,273.77
digital_4.SchDoc,6,U93,U93,,U93-5,5,NetU77_13,false,1,217.0,261.521,221.0,264.02,219.0,262.77,1,212.0,277.521,218.0,280.02,215.0,278.77
digital_4.SchDoc,6,U93,U93,,U93-6,6,NetU77_12,false,1,217.0,261.521,221.0,264.02,219.0,262.77,1,231.0,280.76,237.0,282.01,234.0,281.385
digital_4.SchDoc,6,U93,U93,,U93-7,7,NetU93_7,false,1,217.0,261.521,221.0,264.02,219.0,262.77,1,231.0,277.521,237.0,280.02,234.0,278.77
digital_4.SchDoc,6,U93,U93,,U93-8,8,GND,false,1,217.0,261.521,221.0,264.02,219.0,262.77,1,212.0,292.76,218.0,294.01,215.0,293.385
digital_4.SchDoc,6,U93,U93,,U93-9,9,SEL2,false,1,217.0,261.521,221.0,264.02,219.0,262.77,1,212.0,267.521,218.0,270.02,215.0,268.77
digital_4.SchDoc,6,U93,U93,,U93-10,10,NetU93_10,false,1,217.0,261.521,221.0,264.02,219.0,262.77,1,231.0,282.76,237.0,284.01,234.0,283.385
digital_4.SchDoc,6,U93,U93,,U93-11,11,NetU93_11,false,1,217.0,261.521,221.0,264.02,219.0,262.77,1,231.0,284.521,237.0,287.02,234.0,285.77
digital_4.SchDoc,6,U93,U93,,U93-12,12,NetU93_12,false,1,217.0,261.521,221.0,264.02,219.0,262.77,1,212.0,282.76,218.0,284.01,215.0,283.385
digital_4.SchDoc,6,U93,U93,,U93-13,13,NetU93_10,false,1,217.0,261.521,221.0,264.02,219.0,262.77,1,212.0,287.76,218.0,289.01,215.0,288.385
digital_4.SchDoc,6,U93,U93,,U93-14,14,NetU93_14,false,1,217.0,261.521,221.0,264.02,219.0,262.77,1,231.0,289.521,237.0,292.02,234.0,290.77
digital_4.SchDoc,6,U93,U93,,U93-15,15,NetU93_15,false,1,217.0,261.521,221.0,264.02,219.0,262.77,1,231.0,287.76,237.0,289.01,234.0,288.385
digital_4.SchDoc,6,U93,U93,,U93-16,16,VCC,false,1,217.0,261.521,221.0,264.02,219.0,262.77,1,231.0,265.76,237.0,267.01,234.0,266.385
digital_4.SchDoc,6,U94,U94,,U94-1,1,VCC,false,1,139.0,224.282,143.001,228.03,141.0,226.156,1,134.0,228.521,140.0,231.02,137.0,229.77
digital_4.SchDoc,6,U94,U94,,U94-2,2,RATECLK/2,false,1,139.0,224.282,143.001,228.03,141.0,226.156,1,134.0,238.521,140.0,241.02,137.0,239.77
digital_4.SchDoc,6,U94,U94,,U94-3,3,TRANS0,false,1,139.0,224.282,143.001,228.03,141.0,226.156,1,134.0,243.76,140.0,245.01,137.0,244.385
digital_4.SchDoc,6,U94,U94,,U94-4,4,TRANS1,false,1,139.0,224.282,143.001,228.03,141.0,226.156,1,134.0,245.521,140.0,248.02,137.0,246.77
digital_4.SchDoc,6,U94,U94,,U94-5,5,TRANS2,false,1,139.0,224.282,143.001,228.03,141.0,226.156,1,134.0,248.76,140.0,250.01,137.0,249.385
digital_4.SchDoc,6,U94,U94,,U94-6,6,VCC,false,1,139.0,224.282,143.001,228.03,141.0,226.156,1,134.0,250.521,140.0,253.02,137.0,251.77
digital_4.SchDoc,6,U94,U94,,U94-7,7,VCC,false,1,139.0,224.282,143.001,228.03,141.0,226.156,1,134.0,236.76,140.0,238.01,137.0,237.385
digital_4.SchDoc,6,U94,U94,,U94-8,8,GND,false,1,139.0,224.282,143.001,228.03,141.0,226.156,1,134.0,255.521,140.0,258.02,137.0,256.77
digital_4.SchDoc,6,U94,U94,,U94-9,9,NetU94_9,false,1,139.0,224.282,143.001,228.03,141.0,226.156,1,134.0,231.76,140.0,233.01,137.0,232.385
digital_4.SchDoc,6,U94,U94,,U94-10,10,NetU53_12,false,1,139.0,224.282,143.001,228.03,141.0,226.156,1,134.0,233.521,140.0,236.02,137.0,234.77
digital_4.SchDoc,6,U94,U94,,U94-11,11,NetU94_11,false,1,139.0,224.282,143.001,228.03,141.0,226.156,1,156.0,250.521,162.0,253.02,159.0,251.77
digital_4.SchDoc,6,U94,U94,,U94-12,12,NetU94_12,false,1,139.0,224.282,143.001,228.03,141.0,226.156,1,156.0,248.76,162.0,250.01,159.0,249.385
digital_4.SchDoc,6,U94,U94,,U94-13,13,NetU94_13,false,1,139.0,224.282,143.001,228.03,141.0,226.156,1,156.0,245.521,162.0,248.02,159.0,246.77
digital_4.SchDoc,6,U94,U94,,U94-14,14,NetU94_14,false,1,139.0,224.282,143.001,228.03,141.0,226.156,1,156.0,243.76,162.0,245.01,159.0,244.385
digital_4.SchDoc,6,U94,U94,,U94-15,15,NetU93_4,false,1,139.0,224.282,143.001,228.03,141.0,226.156,1,156.0,233.521,162.0,236.02,159.0,234.77
digital_4.SchDoc,6,U94,U94,,U94-16,16,VCC,false,1,139.0,224.282,143.001,228.03,141.0,226.156,1,156.0,228.521,162.0,231.02,159.0,229.77
digital_4.SchDoc,6,,U95,,U95-7,7,GND,true,0,,,,,,,1,292.0,292.76,298.0,294.01,295.0,293.385
digital_4.SchDoc,6,,U95,,U95-14,14,VDD,true,0,,,,,,,1,278.0,294.521,284.0,297.02,281.0,295.77
digital_4.SchDoc,6,U95A,U95,A,U95-1,1,NetU93_10,false,1,283.0,281.282,288.001,285.03,285.5,283.156,1,278.0,284.521,284.0,287.02,281.0,285.77
digital_4.SchDoc,6,U95A,U95,A,U95-2,2,NetU93_14,false,1,283.0,281.282,288.001,285.03,285.5,283.156,1,278.0,289.521,284.0,292.02,281.0,290.77
digital_4.SchDoc,6,U95A,U95,A,U95-3,3,NetU95_3,false,1,283.0,281.282,288.001,285.03,285.5,283.156,1,292.0,287.76,298.0,289.01,295.0,288.385
digital_4.SchDoc,6,U95B,U95,B,U95-4,4,NetU95_4,false,1,283.0,281.282,288.001,285.03,285.5,283.156,1,380.0,250.521,386.0,253.02,383.0,251.77
digital_4.SchDoc,6,U95B,U95,B,U95-5,5,NetU32_4,false,1,283.0,281.282,288.001,285.03,285.5,283.156,1,365.0,248.76,371.0,250.01,368.0,249.385
digital_4.SchDoc,6,U95B,U95,B,U95-6,6,NetU95_6,false,1,283.0,281.282,288.001,285.03,285.5,283.156,1,365.0,253.76,371.0,255.01,368.0,254.385
digital_4.SchDoc,6,U95C,U95,C,U95-8,8,PW_0,false,1,283.0,281.282,288.001,285.03,285.5,283.156,1,365.0,275.76,371.0,277.01,368.0,276.385
digital_4.SchDoc,6,U95C,U95,C,U95-9,9,NetU95_9,false,1,283.0,281.282,288.001,285.03,285.5,283.156,1,365.0,280.76,371.0,282.01,368.0,281.385
digital_4.SchDoc,6,U95C,U95,C,U95-10,10,NetU95_10,false,1,283.0,281.282,288.001,285.03,285.5,283.156,1,380.0,277.521,386.0,280.02,383.0,278.77
digital_4.SchDoc,6,U95D,U95,D,U95-11,11,NetU95_11,false,1,283.0,281.282,288.001,285.03,285.5,283.156,1,380.0,289.521,386.0,292.02,383.0,290.77
digital_4.SchDoc,6,U95D,U95,D,U95-12,12,NetU95_9,false,1,283.0,281.282,288.001,285.03,285.5,283.156,1,365.0,287.76,371.0,289.01,368.0,288.385
digital_4.SchDoc,6,U95D,U95,D,U95-13,13,PW_1,false,1,283.0,281.282,288.001,285.03,285.5,283.156,1,365.0,292.76,371.0,294.01,368.0,293.385
digital_4.SchDoc,6,U96,U96,,U96-1,1,NetU96_1,false,1,407.0,244.521,411.0,247.02,409.0,245.77,1,402.0,262.521,408.0,265.02,405.0,263.77
digital_4.SchDoc,6,U96,U96,,U96-2,2,NetU95_11,false,1,407.0,244.521,411.0,247.02,409.0,245.77,1,402.0,267.521,408.0,270.02,405.0,268.77
digital_4.SchDoc,6,U96,U96,,U96-3,3,NetU96_3,false,1,407.0,244.521,411.0,247.02,409.0,245.77,1,426.0,258.76,432.0,260.01,429.0,259.385
digital_4.SchDoc,6,U96,U96,,U96-4,4,GND,false,1,407.0,244.521,411.0,247.02,409.0,245.77,1,402.0,270.76,408.0,272.01,405.0,271.385
digital_4.SchDoc,6,U96,U96,,U96-5,5,NetU95_10,false,1,407.0,244.521,411.0,247.02,409.0,245.77,1,402.0,265.76,408.0,267.01,405.0,266.385
digital_4.SchDoc,6,U96,U96,,U96-6,6,GND,false,1,407.0,244.521,411.0,247.02,409.0,245.77,1,426.0,255.521,432.0,258.02,429.0,256.77
digital_4.SchDoc,6,U96,U96,,U96-7,7,GND,false,1,407.0,244.521,411.0,247.02,409.0,245.77,1,426.0,267.521,432.0,270.02,429.0,268.77
digital_4.SchDoc,6,U96,U96,,U96-8,8,GND,false,1,407.0,244.521,411.0,247.02,409.0,245.77,1,426.0,270.76,432.0,272.01,429.0,271.385
digital_4.SchDoc,6,U96,U96,,U96-9,9,SEL2,false,1,407.0,244.521,411.0,247.02,409.0,245.77,1,426.0,253.76,432.0,255.01,429.0,254.385
digital_4.SchDoc,6,U96,U96,,U96-10,10,SEL1,false,1,407.0,244.521,411.0,247.02,409.0,245.77,1,426.0,250.521,432.0,253.02,429.0,251.77
digital_4.SchDoc,6,U96,U96,,U96-11,11,SEL0,false,1,407.0,244.521,411.0,247.02,409.0,245.77,1,426.0,248.76,432.0,250.01,429.0,249.385
digital_4.SchDoc,6,U96,U96,,U96-12,12,NetU95_4,false,1,407.0,244.521,411.0,247.02,409.0,245.77,1,402.0,260.521,408.0,263.02,405.0,261.77
digital_4.SchDoc,6,U96,U96,,U96-13,13,NetU95_4,false,1,407.0,244.521,411.0,247.02,409.0,245.77,1,402.0,253.76,408.0,255.01,405.0,254.385
digital_4.SchDoc,6,U96,U96,,U96-14,14,NetU95_4,false,1,407.0,244.521,411.0,247.02,409.0,245.77,1,402.0,255.521,408.0,258.02,405.0,256.77
digital_4.SchDoc,6,U96,U96,,U96-15,15,NetU95_6,false,1,407.0,244.521,411.0,247.02,409.0,245.77,1,402.0,258.76,408.0,260.01,405.0,259.385
digital_4.SchDoc,6,U96,U96,,U96-16,16,VCC,false,1,407.0,244.521,411.0,247.02,409.0,245.77,1,402.0,248.76,408.0,250.01,405.0,249.385
digital_4.SchDoc,6,,U97,,U97-7,7,GND,true,0,,,,,,,1,565.0,189.521,571.0,192.02,568.0,190.77
digital_4.SchDoc,6,,U97,,U97-14,14,VDD,true,0,,,,,,,1,551.0,192.76,557.0,194.01,554.0,193.385
digital_4.SchDoc,6,U97A,U97,A,U97-1,1,WRITE,false,1,556.0,179.521,561.0,182.02,558.5,180.77,1,551.0,182.521,557.0,185.02,554.0,183.77
digital_4.SchDoc,6,U97A,U97,A,U97-2,2,NetU96_3,false,1,556.0,179.521,561.0,182.02,558.5,180.77,1,551.0,187.76,557.0,189.01,554.0,188.385
digital_4.SchDoc,6,U97A,U97,A,U97-3,3,NetU97_3,false,1,556.0,179.521,561.0,182.02,558.5,180.77,1,565.0,184.521,571.0,187.02,568.0,185.77
digital_4.SchDoc,6,U97B,U97,B,U97-4,4,WR_B,false,1,556.0,179.521,561.0,182.02,558.5,180.77,1,565.0,126.76,571.0,128.01,568.0,127.385
digital_4.SchDoc,6,U97B,U97,B,U97-5,5,A_CLR,false,1,556.0,179.521,561.0,182.02,558.5,180.77,1,551.0,124.76,557.0,126.01,554.0,125.385
digital_4.SchDoc,6,U97B,U97,B,U97-6,6,WRITE,false,1,556.0,179.521,561.0,182.02,558.5,180.77,1,551.0,128.521,557.0,131.02,554.0,129.77
digital_4.SchDoc,6,U97C,U97,C,U97-8,8,VOICE_AMP_ZERO,false,1,556.0,179.521,561.0,182.02,558.5,180.77,1,117.0,453.76,123.0,455.01,120.0,454.385
digital_4.SchDoc,6,U97C,U97,C,U97-9,9,FRIC_AMP_ZERO,false,1,556.0,179.521,561.0,182.02,558.5,180.77,1,117.0,458.76,123.0,460.01,120.0,459.385
digital_4.SchDoc,6,U97C,U97,C,U97-10,10,NetU51_6,false,1,556.0,179.521,561.0,182.02,558.5,180.77,1,131.0,455.521,137.0,458.02,134.0,456.77
digital_4.SchDoc,6,,U98,,U98-7,7,GND,true,0,,,,,,,1,539.0,170.76,544.0,172.01,541.5,171.385
digital_4.SchDoc,6,,U98,,U98-14,14,VDD,true,0,,,,,,,1,524.0,172.521,530.0,175.02,527.0,173.77
digital_4.SchDoc,6,U98A,U98,A,U98-1,1,NetU98_1,false,1,527.0,154.521,532.0,157.02,529.5,155.77,1,539.0,163.76,544.0,165.01,541.5,164.385
digital_4.SchDoc,6,U98A,U98,A,U98-2,2,NetU76_4,false,1,527.0,154.521,532.0,157.02,529.5,155.77,1,524.0,158.76,530.0,160.01,527.0,159.385
digital_4.SchDoc,6,U98A,U98,A,U98-3,3,NetU97_3,false,1,527.0,154.521,532.0,157.02,529.5,155.77,1,524.0,160.76,530.0,162.01,527.0,161.385
digital_4.SchDoc,6,U98A,U98,A,U98-4,4,RESA_EQUALS,false,1,527.0,154.521,532.0,157.02,529.5,155.77,1,524.0,165.76,530.0,167.01,527.0,166.385
digital_4.SchDoc,6,U98A,U98,A,U98-5,5,A_CLR,false,1,527.0,154.521,532.0,157.02,529.5,155.77,1,524.0,167.521,530.0,170.02,527.0,168.77
digital_4.SchDoc,6,,U102,,U102-7,7,GND,true,0,,,,,,,1,453.0,199.521,459.0,202.02,456.0,200.77
digital_4.SchDoc,6,,U102,,U102-14,14,VDD,true,0,,,,,,,1,439.0,202.76,444.0,204.01,441.5,203.385
digital_4.SchDoc,6,U102A,U102,A,U102-1,1,NetU102_1,false,1,444.0,189.521,450.0,192.02,447.0,190.77,1,439.0,192.76,444.0,194.01,441.5,193.385
digital_4.SchDoc,6,U102A,U102,A,U102-2,2,NetU102_2,false,1,444.0,189.521,450.0,192.02,447.0,190.77,1,439.0,197.76,444.0,199.01,441.5,198.385
digital_4.SchDoc,6,U102A,U102,A,U102-3,3,NetU102_3,false,1,444.0,189.521,450.0,192.02,447.0,190.77,1,453.0,194.521,459.0,197.02,456.0,195.77
digital_4.SchDoc,6,U102B,U102,B,U102-4,4,NetU102_4,false,1,444.0,189.521,450.0,192.02,447.0,190.77,1,480.0,150.521,486.0,153.02,483.0,151.77
digital_4.SchDoc,6,U102B,U102,B,U102-5,5,NetU102_5,false,1,444.0,189.521,450.0,192.02,447.0,190.77,1,465.0,148.76,471.0,150.01,468.0,149.385
digital_4.SchDoc,6,U102B,U102,B,U102-6,6,STATE5&6,false,1,444.0,189.521,450.0,192.02,447.0,190.77,1,465.0,153.76,471.0,155.01,468.0,154.385
digital_4.SchDoc,6,,U104,,U104-7,7,GND,true,0,,,,,,,1,109.0,375.76,115.0,377.01,112.0,376.385
digital_4.SchDoc,6,,U104,,U104-14,14,VDD,true,0,,,,,,,1,95.0,372.521,101.0,375.02,98.0,373.77
digital_4.SchDoc,6,U104C,U104,C,U104-8,8,NetU51_8,false,1,100.0,374.521,106.0,377.02,103.0,375.77,1,95.0,382.76,101.0,384.01,98.0,383.385
digital_4.SchDoc,6,U104C,U104,C,U104-9,9,PW_3,false,1,100.0,374.521,106.0,377.02,103.0,375.77,1,95.0,377.521,101.0,380.02,98.0,378.77
digital_4.SchDoc,6,U104C,U104,C,U104-10,10,NetU72_1,false,1,100.0,374.521,106.0,377.02,103.0,375.77,1,109.0,380.76,115.0,382.01,112.0,381.385
digital_4.SchDoc,6,,U105,,U105-7,7,GND,true,0,,,,,,,1,195.0,238.521,201.0,241.02,198.0,239.77
digital_4.SchDoc,6,,U105,,U105-14,14,VDD,true,0,,,,,,,1,183.0,241.76,188.0,243.01,185.5,242.385
digital_4.SchDoc,6,U105C,U105,C,U105-5,5,NetU93_4,false,1,188.0,228.521,194.0,231.02,191.0,229.77,1,183.0,233.521,188.0,236.02,185.5,234.77
digital_4.SchDoc,6,U105C,U105,C,U105-6,6,NetU94_9,false,1,188.0,228.521,194.0,231.02,191.0,229.77,1,195.0,233.521,201.0,236.02,198.0,234.77
digital_4.SchDoc,6,U105D,U105,D,U105-8,8,NetU105_8,false,1,188.0,228.521,194.0,231.02,191.0,229.77,1,124.0,277.521,130.0,280.02,127.0,278.77
digital_4.SchDoc,6,U105D,U105,D,U105-9,9,TDUR_1,false,1,188.0,228.521,194.0,231.02,191.0,229.77,1,112.0,277.521,118.0,280.02,115.0,278.77
digital_4.SchDoc,6,U105E,U105,E,U105-10,10,WR_A,false,1,188.0,228.521,194.0,231.02,191.0,229.77,1,563.0,163.76,569.0,165.01,566.0,164.385
digital_4.SchDoc,6,U105E,U105,E,U105-11,11,NetU98_1,false,1,188.0,228.521,194.0,231.02,191.0,229.77,1,551.0,163.76,557.0,165.01,554.0,164.385
digital_4.SchDoc,6,,U149,,U149-7,7,GND,true,0,,,,,,,1,485.0,436.76,491.0,438.01,488.0,437.385
digital_4.SchDoc,6,,U149,,U149-14,14,VDD,true,0,,,,,,,1,470.0,438.76,476.0,440.01,473.0,439.385
digital_4.SchDoc,6,U149C,U149,C,U149-8,8,NetU41_11,false,1,475.0,425.282,482.001,429.03,478.5,427.156,1,470.0,428.521,476.0,431.02,473.0,429.77
digital_4.SchDoc,6,U149C,U149,C,U149-9,9,NetU41_11,false,1,475.0,425.282,482.001,429.03,478.5,427.156,1,470.0,433.521,476.0,436.02,473.0,434.77
digital_4.SchDoc,6,U149C,U149,C,U149-10,10,FRICATIVE,false,1,475.0,425.282,482.001,429.03,478.5,427.156,1,485.0,431.76,491.0,433.01,488.0,432.385
digital_4.SchDoc,6,,U161,,U161-7,7,GND,true,0,,,,,,,1,256.0,206.521,262.0,209.02,259.0,207.77
digital_4.SchDoc,6,,U161,,U161-14,14,VDD,true,0,,,,,,,1,241.0,209.76,247.0,211.01,244.0,210.385
digital_4.SchDoc,6,U161A,U161,A,U161-1,1,NetU161_1,false,1,244.0,190.282,251.001,194.03,247.5,192.156,1,256.0,199.521,262.0,202.02,259.0,200.77
digital_4.SchDoc,6,U161A,U161,A,U161-2,2,AMP0,false,1,244.0,190.282,251.001,194.03,247.5,192.156,1,241.0,194.521,247.0,197.02,244.0,195.77
digital_4.SchDoc,6,U161A,U161,A,U161-3,3,AMP1,false,1,244.0,190.282,251.001,194.03,247.5,192.156,1,241.0,197.76,247.0,199.01,244.0,198.385
digital_4.SchDoc,6,U161A,U161,A,U161-4,4,AMP2,false,1,244.0,190.282,251.001,194.03,247.5,192.156,1,241.0,202.76,247.0,204.01,244.0,203.385
digital_4.SchDoc,6,U161A,U161,A,U161-5,5,AMP3,false,1,244.0,190.282,251.001,194.03,247.5,192.156,1,241.0,204.76,247.0,206.01,244.0,205.385
digital_4.SchDoc,6,U161B,U161,B,U161-9,9,NetU161_1,false,1,244.0,190.282,251.001,194.03,247.5,192.156,1,265.0,199.521,271.0,202.02,268.0,200.77
digital_4.SchDoc,6,U161B,U161,B,U161-10,10,GND,false,1,244.0,190.282,251.001,194.03,247.5,192.156,1,265.0,202.76,271.0,204.01,268.0,203.385
digital_4.SchDoc,6,U161B,U161,B,U161-11,11,GND,false,1,244.0,190.282,251.001,194.03,247.5,192.156,1,265.0,206.521,271.0,209.02,268.0,207.77
digital_4.SchDoc,6,U161B,U161,B,U161-12,12,GND,false,1,244.0,190.282,251.001,194.03,247.5,192.156,1,265.0,209.76,271.0,211.01,268.0,210.385
digital_4.SchDoc,6,U161B,U161,B,U161-13,13,/AMPZERO,false,1,244.0,190.282,251.001,194.03,247.5,192.156,1,280.0,204.76,286.0,206.01,283.0,205.385
digital_4.SchDoc,6,,U162,,U162-7,7,GND,true,0,,,,,,,1,480.0,131.76,486.0,133.01,483.0,132.385
digital_4.SchDoc,6,,U162,,U162-14,14,VDD,true,0,,,,,,,1,465.0,128.521,471.0,131.02,468.0,129.77
digital_4.SchDoc,6,U162B,U162,B,U162-3,3,NetU102_5,false,1,471.0,130.282,477.001,134.03,474.0,132.156,1,465.0,138.521,471.0,141.02,468.0,139.77
digital_4.SchDoc,6,U162B,U162,B,U162-4,4,STATE4,false,1,471.0,130.282,477.001,134.03,474.0,132.156,1,465.0,136.76,471.0,138.01,468.0,137.385
digital_4.SchDoc,6,U162B,U162,B,U162-5,5,/AMPZERO,false,1,471.0,130.282,477.001,134.03,474.0,132.156,1,465.0,133.521,471.0,136.02,468.0,134.77
digital_4.SchDoc,6,U162B,U162,B,U162-6,6,NetU162_6,false,1,471.0,130.282,477.001,134.03,474.0,132.156,1,480.0,136.76,486.0,138.01,483.0,137.385
digital_4.SchDoc,6,,U163,,U163-7,7,GND,true,0,,,,,,,1,409.0,433.521,415.0,436.02,412.0,434.77
digital_4.SchDoc,6,,U163,,U163-14,14,VDD,true,0,,,,,,,1,397.0,436.76,403.0,438.01,400.0,437.385
digital_4.SchDoc,6,U163F,U163,F,U163-12,12,NetU41_13,false,1,402.0,423.521,408.0,426.02,405.0,424.77,1,409.0,428.521,415.0,431.02,412.0,429.77
digital_4.SchDoc,6,U163F,U163,F,U163-13,13,NetU51_11,false,1,402.0,423.521,408.0,426.02,405.0,424.77,1,397.0,428.521,403.0,431.02,400.0,429.77
digital_4.SchDoc,6,,U166,,U166-7,7,GND,true,0,,,,,,,1,356.0,194.521,362.0,197.02,359.0,195.77
digital_4.SchDoc,6,,U166,,U166-14,14,VDD,true,0,,,,,,,1,336.0,194.521,342.0,197.02,339.0,195.77
digital_4.SchDoc,6,U166B,U166,B,U166-8,8,GND,false,1,362.0,175.282,368.001,179.03,365.0,177.156,1,348.0,171.566,350.001,179.06,349.0,175.313
digital_4.SchDoc,6,U166B,U166,B,U166-9,9,VCC,false,1,362.0,175.282,368.001,179.03,365.0,177.156,1,336.0,180.76,342.0,182.01,339.0,181.385
digital_4.SchDoc,6,U166B,U166,B,U166-10,10,NetU102_5,false,1,362.0,175.282,368.001,179.03,365.0,177.156,1,348.0,191.566,350.001,199.06,349.0,195.313
digital_4.SchDoc,6,U166B,U166,B,U166-11,11,/WR_3,false,1,362.0,175.282,368.001,179.03,365.0,177.156,1,336.0,184.521,342.0,187.02,339.0,185.77
digital_4.SchDoc,6,U166B,U166,B,U166-12,12,NetU166_12,false,1,362.0,175.282,368.001,179.03,365.0,177.156,1,356.0,189.521,362.0,192.02,359.0,190.77
digital_4.SchDoc,6,U166B,U166,B,U166-13,13,NetU166_13,false,1,362.0,175.282,368.001,179.03,365.0,177.156,1,356.0,180.76,362.0,182.01,359.0,181.385
digital_4.SchDoc,6,,U167,,U167-7,7,GND,true,0,,,,,,,1,453.0,187.76,459.0,189.01,456.0,188.385
digital_4.SchDoc,6,,U167,,U167-14,14,VDD,true,0,,,,,,,1,439.0,189.521,444.0,192.02,441.5,190.77
digital_4.SchDoc,6,U167A,U167,A,U167-1,1,NetU167_1,false,1,444.0,176.282,450.001,180.03,447.0,178.156,1,439.0,180.76,444.0,182.01,441.5,181.385
digital_4.SchDoc,6,U167A,U167,A,U167-2,2,NetU167_2,false,1,444.0,176.282,450.001,180.03,447.0,178.156,1,439.0,184.521,444.0,187.02,441.5,185.77
digital_4.SchDoc,6,U167A,U167,A,U167-3,3,NetU102_5,false,1,444.0,176.282,450.001,180.03,447.0,178.156,1,453.0,182.521,459.0,185.02,456.0,183.77
digital_4.SchDoc,6,U167B,U167,B,U167-4,4,NetU167_4,false,1,444.0,176.282,450.001,180.03,447.0,178.156,1,507.0,104.521,513.0,107.02,510.0,105.77
digital_4.SchDoc,6,U167B,U167,B,U167-5,5,NetC6_2,false,1,444.0,176.282,450.001,180.03,447.0,178.156,1,492.0,106.521,498.0,109.02,495.0,107.77
digital_4.SchDoc,6,U167B,U167,B,U167-6,6,/STATE4,false,1,444.0,176.282,450.001,180.03,447.0,178.156,1,492.0,102.76,498.0,104.01,495.0,103.385
digital_4.SchDoc,6,U167C,U167,C,U167-8,8,NetU167_8,false,1,444.0,176.282,450.001,180.03,447.0,178.156,1,365.0,262.521,371.0,265.02,368.0,263.77
digital_4.SchDoc,6,U167C,U167,C,U167-9,9,NetU167_9,false,1,444.0,176.282,450.001,180.03,447.0,178.156,1,365.0,267.521,371.0,270.02,368.0,268.77
digital_4.SchDoc,6,U167C,U167,C,U167-10,10,NetU96_1,false,1,444.0,176.282,450.001,180.03,447.0,178.156,1,380.0,265.76,386.0,267.01,383.0,266.385
digital_4.SchDoc,6,,U168,,U168-7,7,GND,true,0,,,,,,,1,539.0,121.521,544.0,124.02,541.5,122.77
digital_4.SchDoc,6,,U168,,U168-14,14,VDD,true,0,,,,,,,1,524.0,124.76,530.0,126.01,527.0,125.385
digital_4.SchDoc,6,U168A,U168,A,U168-1,1,NetU168_1,false,1,527.0,110.521,533.0,113.02,530.0,111.77,1,524.0,119.76,530.0,121.01,527.0,120.385
digital_4.SchDoc,6,U168A,U168,A,U168-2,2,NetU167_4,false,1,527.0,110.521,533.0,113.02,530.0,111.77,1,524.0,114.76,530.0,116.01,527.0,115.385
digital_4.SchDoc,6,U168A,U168,A,U168-3,3,A_CLR,false,1,527.0,110.521,533.0,113.02,530.0,111.77,1,539.0,116.521,544.0,119.02,541.5,117.77
digital_4.SchDoc,6,U168C,U168,C,U168-8,8,NetU162_6,false,1,527.0,110.521,533.0,113.02,530.0,111.77,1,492.0,136.76,498.0,138.01,495.0,137.385
digital_4.SchDoc,6,U168C,U168,C,U168-9,9,NetU102_4,false,1,527.0,110.521,533.0,113.02,530.0,111.77,1,492.0,141.76,498.0,143.01,495.0,142.385
digital_4.SchDoc,6,U168C,U168,C,U168-10,10,NetU168_1,false,1,527.0,110.521,533.0,113.02,530.0,111.77,1,507.0,138.521,513.0,141.02,510.0,139.77
digital_4.SchDoc,6,U169,U169,,U169-1,1,/WR_3,false,1,400.0,168.282,405.001,172.03,402.5,170.156,1,395.0,172.521,401.0,175.02,398.0,173.77
digital_4.SchDoc,6,U169,U169,,U169-2,2,NetU167_1,false,1,400.0,168.282,405.001,172.03,402.5,170.156,1,414.0,180.76,420.0,182.01,417.0,181.385
digital_4.SchDoc,6,U169,U169,,U169-3,3,NetU169_3,false,1,400.0,168.282,405.001,172.03,402.5,170.156,1,414.0,182.521,420.0,185.02,417.0,183.77
digital_4.SchDoc,6,U169,U169,,U169-4,4,NetU166_13,false,1,400.0,168.282,405.001,172.03,402.5,170.156,1,395.0,180.76,401.0,182.01,398.0,181.385
digital_4.SchDoc,6,U169,U169,,U169-5,5,NetU167_1,false,1,400.0,168.282,405.001,172.03,402.5,170.156,1,395.0,184.521,401.0,187.02,398.0,185.77
digital_4.SchDoc,6,U169,U169,,U169-6,6,NetU167_2,false,1,400.0,168.282,405.001,172.03,402.5,170.156,1,414.0,187.76,420.0,189.01,417.0,188.385
digital_4.SchDoc,6,U169,U169,,U169-7,7,NetU169_7,false,1,400.0,168.282,405.001,172.03,402.5,170.156,1,414.0,184.521,420.0,187.02,417.0,185.77
digital_4.SchDoc,6,U169,U169,,U169-8,8,GND,false,1,400.0,168.282,405.001,172.03,402.5,170.156,1,395.0,199.521,401.0,202.02,398.0,200.77
digital_4.SchDoc,6,U169,U169,,U169-9,9,SEL2,false,1,400.0,168.282,405.001,172.03,402.5,170.156,1,395.0,175.76,401.0,177.01,398.0,176.385
digital_4.SchDoc,6,U169,U169,,U169-10,10,NetU102_1,false,1,400.0,168.282,405.001,172.03,402.5,170.156,1,414.0,189.521,420.0,192.02,417.0,190.77
digital_4.SchDoc,6,U169,U169,,U169-11,11,NetU169_11,false,1,400.0,168.282,405.001,172.03,402.5,170.156,1,414.0,192.76,420.0,194.01,417.0,193.385
digital_4.SchDoc,6,U169,U169,,U169-12,12,DURCLK,false,1,400.0,168.282,405.001,172.03,402.5,170.156,1,395.0,189.521,401.0,192.02,398.0,190.77
digital_4.SchDoc,6,U169,U169,,U169-13,13,NetU102_1,false,1,400.0,168.282,405.001,172.03,402.5,170.156,1,395.0,194.521,401.0,197.02,398.0,195.77
digital_4.SchDoc,6,U169,U169,,U169-14,14,NetU102_2,false,1,400.0,168.282,405.001,172.03,402.5,170.156,1,414.0,197.76,420.0,199.01,417.0,198.385
digital_4.SchDoc,6,U169,U169,,U169-15,15,NetU169_15,false,1,400.0,168.282,405.001,172.03,402.5,170.156,1,414.0,194.521,420.0,197.02,417.0,195.77
digital_4.SchDoc,6,U169,U169,,U169-16,16,VCC,false,1,400.0,168.282,405.001,172.03,402.5,170.156,1,414.0,172.521,420.0,175.02,417.0,173.77
digital_4.SchDoc,6,,U177,,U177-7,7,GND,true,0,,,,,,,1,292.0,270.76,298.0,272.01,295.0,271.385
digital_4.SchDoc,6,,U177,,U177-14,14,VDD,true,0,,,,,,,1,278.0,272.521,284.0,275.02,281.0,273.77
digital_4.SchDoc,6,U177A,U177,A,U177-1,1,NetU177_1,false,1,283.0,259.282,289.001,263.03,286.0,261.156,1,278.0,262.521,284.0,265.02,281.0,263.77
digital_4.SchDoc,6,U177A,U177,A,U177-2,2,RATE0,false,1,283.0,259.282,289.001,263.03,286.0,261.156,1,278.0,265.76,284.0,267.01,281.0,266.385
digital_4.SchDoc,6,U177A,U177,A,U177-8,8,NetP2_2,false,1,283.0,259.282,289.001,263.03,286.0,261.156,1,278.0,267.521,284.0,270.02,281.0,268.77
digital_4.SchDoc,6,U177A,U177,A,U177-9,9,NetU177_9,false,1,283.0,259.282,289.001,263.03,286.0,261.156,1,292.0,265.76,298.0,267.01,295.0,266.385
digital_4.SchDoc,6,U177B,U177,B,U177-3,3,RATE3,false,1,283.0,259.282,289.001,263.03,286.0,261.156,1,246.0,226.76,252.0,228.01,249.0,227.385
digital_4.SchDoc,6,U177B,U177,B,U177-4,4,RATE2,false,1,283.0,259.282,289.001,263.03,286.0,261.156,1,246.0,228.521,252.0,231.02,249.0,229.77
digital_4.SchDoc,6,U177B,U177,B,U177-5,5,RATE1,false,1,283.0,259.282,289.001,263.03,286.0,261.156,1,246.0,231.76,252.0,233.01,249.0,232.385
digital_4.SchDoc,6,U177B,U177,B,U177-6,6,NetU177_1,false,1,283.0,259.282,289.001,263.03,286.0,261.156,1,261.0,228.521,266.0,231.02,263.5,229.77
digital_4.SchDoc,6,,U178,,U178-7,7,GND,true,0,,,,,,,1,166.0,294.521,171.0,297.02,168.5,295.77
digital_4.SchDoc,6,,U178,,U178-14,14,VDD,true,0,,,,,,,1,151.0,297.76,157.0,299.01,154.0,298.385
digital_4.SchDoc,6,U178A,U178,A,U178-1,1,RATECLK,false,1,156.0,284.521,162.0,287.02,159.0,285.77,1,151.0,287.76,157.0,289.01,154.0,288.385
digital_4.SchDoc,6,U178A,U178,A,U178-2,2,TDUR_1,false,1,156.0,284.521,162.0,287.02,159.0,285.77,1,151.0,292.76,157.0,294.01,154.0,293.385
digital_4.SchDoc,6,U178A,U178,A,U178-3,3,NetU178_3,false,1,156.0,284.521,162.0,287.02,159.0,285.77,1,166.0,289.521,171.0,292.02,168.5,290.77
digital_4.SchDoc,6,U178B,U178,B,U178-4,4,NetU178_4,false,1,156.0,284.521,162.0,287.02,159.0,285.77,1,166.0,275.76,171.0,277.01,168.5,276.385
digital_4.SchDoc,6,U178B,U178,B,U178-5,5,NetU105_8,false,1,156.0,284.521,162.0,287.02,159.0,285.77,1,151.0,277.521,157.0,280.02,154.0,278.77
digital_4.SchDoc,6,U178B,U178,B,U178-6,6,RATECLK/2,false,1,156.0,284.521,162.0,287.02,159.0,285.77,1,151.0,272.521,157.0,275.02,154.0,273.77
digital_4.SchDoc,6,U178D,U178,D,U178-11,11,NetU167_9,false,1,156.0,284.521,162.0,287.02,159.0,285.77,1,326.0,302.76,332.0,304.01,329.0,303.385
digital_4.SchDoc,6,U178D,U178,D,U178-12,12,/AMPZERO,false,1,156.0,284.521,162.0,287.02,159.0,285.77,1,312.0,304.76,318.0,306.01,315.0,305.385
digital_4.SchDoc,6,U178D,U178,D,U178-13,13,NetU166_12,false,1,156.0,284.521,162.0,287.02,159.0,285.77,1,312.0,299.76,318.0,301.01,315.0,300.385
digital_4.SchDoc,6,,U179,,U179-7,7,GND,true,0,,,,,,,1,195.0,287.76,201.0,289.01,198.0,288.385
digital_4.SchDoc,6,,U179,,U179-14,14,VDD,true,0,,,,,,,1,180.0,289.521,186.0,292.02,183.0,290.77
digital_4.SchDoc,6,U179A,U179,A,U179-1,1,NetU178_3,false,1,183.0,276.521,190.0,279.02,186.5,277.77,1,180.0,284.521,186.0,287.02,183.0,285.77
digital_4.SchDoc,6,U179A,U179,A,U179-2,2,NetU178_4,false,1,183.0,276.521,190.0,279.02,186.5,277.77,1,180.0,280.76,186.0,282.01,183.0,281.385
digital_4.SchDoc,6,U179A,U179,A,U179-3,3,NetU93_12,false,1,183.0,276.521,190.0,279.02,186.5,277.77,1,195.0,282.76,201.0,284.01,198.0,283.385
digital_4.SchDoc,6,,U208,,U208-7,7,GND,true,0,,,,,,,1,326.0,253.76,332.0,255.01,329.0,254.385
digital_4.SchDoc,6,,U208,,U208-14,14,VDD,true,0,,,,,,,1,312.0,255.521,318.0,258.02,315.0,256.77
digital_4.SchDoc,6,U208B,U208,B,U208-4,4,NetU95_6,false,1,315.0,242.521,321.0,245.02,318.0,243.77,1,326.0,248.76,332.0,250.01,329.0,249.385
digital_4.SchDoc,6,U208B,U208,B,U208-5,5,NetU177_9,false,1,315.0,242.521,321.0,245.02,318.0,243.77,1,312.0,250.521,318.0,253.02,315.0,251.77
digital_4.SchDoc,6,U208B,U208,B,U208-6,6,NetU77_11,false,1,315.0,242.521,321.0,245.02,318.0,243.77,1,312.0,245.521,318.0,248.02,315.0,246.77
digital_4.SchDoc,6,U208C,U208,C,U208-8,8,NetU177_9,false,1,315.0,242.521,321.0,245.02,318.0,243.77,1,312.0,265.76,318.0,267.01,315.0,266.385
digital_4.SchDoc,6,U208C,U208,C,U208-9,9,NetU102_3,false,1,315.0,242.521,321.0,245.02,318.0,243.77,1,312.0,260.521,318.0,263.02,315.0,261.77
digital_4.SchDoc,6,U208C,U208,C,U208-10,10,NetU167_8,false,1,315.0,242.521,321.0,245.02,318.0,243.77,1,326.0,262.521,332.0,265.02,329.0,263.77
digital_4.SchDoc,6,U208D,U208,D,U208-11,11,NetU95_9,false,1,315.0,242.521,321.0,245.02,318.0,243.77,1,326.0,284.521,332.0,287.02,329.0,285.77
digital_4.SchDoc,6,U208D,U208,D,U208-12,12,NetU177_9,false,1,315.0,242.521,321.0,245.02,318.0,243.77,1,312.0,282.76,318.0,284.01,315.0,283.385
digital_4.SchDoc,6,U208D,U208,D,U208-13,13,NetU95_3,false,1,315.0,242.521,321.0,245.02,318.0,243.77,1,312.0,287.76,318.0,289.01,315.0,288.385
digital_4.SchDoc,6,,U300,,U300-7,7,GND,true,0,,,,,,,1,365.0,109.76,371.0,111.01,368.0,110.385
digital_4.SchDoc,6,,U300,,U300-14,14,VDD,true,0,,,,,,,1,346.0,109.76,352.0,111.01,349.0,110.385
digital_4.SchDoc,6,U300B,U300,B,U300-8,8,GND,false,1,371.0,90.282,377.001,94.03,374.0,92.156,1,358.0,86.566,359.001,94.06,358.5,90.313
digital_4.SchDoc,6,U300B,U300,B,U300-9,9,VCC,false,1,371.0,90.282,377.001,94.03,374.0,92.156,1,346.0,94.521,352.0,97.02,349.0,95.77
digital_4.SchDoc,6,U300B,U300,B,U300-10,10,NetC6_2,false,1,371.0,90.282,377.001,94.03,374.0,92.156,1,358.0,106.805,359.001,113.05,358.5,109.928
digital_4.SchDoc,6,U300B,U300,B,U300-11,11,PHO_WRITE,false,1,371.0,90.282,377.001,94.03,374.0,92.156,1,346.0,99.521,352.0,102.02,349.0,100.77
digital_4.SchDoc,6,U300B,U300,B,U300-12,12,NetU300_12,false,1,371.0,90.282,377.001,94.03,374.0,92.156,1,365.0,104.521,371.0,107.02,368.0,105.77
digital_4.SchDoc,6,U300B,U300,B,U300-13,13,NetU76_4,false,1,371.0,90.282,377.001,94.03,374.0,92.156,1,365.0,94.521,371.0,97.02,368.0,95.77
digital_5.SchDoc,7,,U2,,U2-7,7,GND,true,0,,,,,,,1,92.0,243.76,98.0,245.01,95.0,244.385
digital_5.SchDoc,7,,U2,,U2-14,14,5V,true,0,,,,,,,1,80.0,245.521,86.0,248.02,83.0,246.77
digital_5.SchDoc,7,U2E,U2,E,U2-10,10,NetU2_10,false,1,85.0,232.282,89.001,236.03,87.001,234.156,1,92.0,238.521,98.0,241.02,95.0,239.77
digital_5.SchDoc,7,U2E,U2,E,U2-11,11,NetU2_11,false,1,85.0,232.282,89.001,236.03,87.001,234.156,1,80.0,238.521,86.0,241.02,83.0,239.77
digital_5.SchDoc,7,U2F,U2,F,U2-12,12,NetU2_12,false,1,85.0,232.282,89.001,236.03,87.001,234.156,1,68.0,238.521,74.0,241.02,71.0,239.77
digital_5.SchDoc,7,U2F,U2,F,U2-13,13,NetU2_13,false,1,85.0,232.282,89.001,236.03,87.001,234.156,1,56.0,238.521,62.0,241.02,59.0,239.77
digital_5.SchDoc,7,,U4,,U4-7,7,GND,true,0,,,,,,,1,71.0,226.76,76.0,228.01,73.5,227.385
digital_5.SchDoc,7,,U4,,U4-14,14,5V,true,0,,,,,,,1,56.0,228.521,62.0,231.02,59.0,229.77
digital_5.SchDoc,7,U4C,U4,C,U4-8,8,NetU4_8,false,1,61.0,215.282,65.001,219.03,63.001,217.156,1,71.0,221.76,76.0,223.01,73.5,222.385
digital_5.SchDoc,7,U4C,U4,C,U4-9,9,NetU4_9,false,1,61.0,215.282,65.001,219.03,63.001,217.156,1,56.0,219.76,62.0,221.01,59.0,220.385
digital_5.SchDoc,7,U4C,U4,C,U4-10,10,NetU4_10,false,1,61.0,215.282,65.001,219.03,63.001,217.156,1,56.0,223.521,62.0,226.02,59.0,224.77
digital_5.SchDoc,7,,U20,,U20-7,7,GND,true,0,,,,,,,1,421.0,411.521,427.0,414.02,424.0,412.77
digital_5.SchDoc,7,,U20,,U20-14,14,VDD,true,0,,,,,,,1,402.0,411.521,408.0,414.02,405.0,412.77
digital_5.SchDoc,7,U20B,U20,B,U20-8,8,GND,false,1,427.0,392.282,432.001,396.03,429.5,394.156,1,414.0,388.566,415.001,396.06,414.5,392.313
digital_5.SchDoc,7,U20B,U20,B,U20-9,9,TPARM_3,false,1,427.0,392.282,432.001,396.03,429.5,394.156,1,402.0,397.76,408.0,399.01,405.0,398.385
digital_5.SchDoc,7,U20B,U20,B,U20-10,10,GND,false,1,427.0,392.282,432.001,396.03,429.5,394.156,1,414.0,408.566,415.001,416.06,414.5,412.313
digital_5.SchDoc,7,U20B,U20,B,U20-11,11,NetU20_11,false,1,427.0,392.282,432.001,396.03,429.5,394.156,1,402.0,401.521,408.0,404.02,405.0,402.77
digital_5.SchDoc,7,U20B,U20,B,U20-12,12,NetU20_12,false,1,427.0,392.282,432.001,396.03,429.5,394.156,1,421.0,406.521,427.0,409.02,424.0,407.77
digital_5.SchDoc,7,U20B,U20,B,U20-13,13,NetU20_13,false,1,427.0,392.282,432.001,396.03,429.5,394.156,1,421.0,397.76,427.0,399.01,424.0,398.385
digital_5.SchDoc,7,,U29,,U29-7,7,GND,true,0,,,,,,,1,71.0,260.521,76.0,263.02,73.5,261.77
digital_5.SchDoc,7,,U29,,U29-14,14,VDD,true,0,,,,,,,1,56.0,262.521,62.0,265.02,59.0,263.77
digital_5.SchDoc,7,U29C,U29,C,U29-8,8,NetU29_8,false,1,59.0,249.521,64.0,252.02,61.5,250.77,1,56.0,253.76,62.0,255.01,59.0,254.385
digital_5.SchDoc,7,U29C,U29,C,U29-9,9,NetU29_9,false,1,59.0,249.521,64.0,252.02,61.5,250.77,1,56.0,258.76,62.0,260.01,59.0,259.385
digital_5.SchDoc,7,U29C,U29,C,U29-10,10,NetU29_10,false,1,59.0,249.521,64.0,252.02,61.5,250.77,1,71.0,255.521,76.0,258.02,73.5,256.77
digital_5.SchDoc,7,U29D,U29,D,U29-11,11,NetU29_11,false,1,59.0,249.521,64.0,252.02,61.5,250.77,1,95.0,255.521,101.0,258.02,98.0,256.77
digital_5.SchDoc,7,U29D,U29,D,U29-12,12,NetU29_12,false,1,59.0,249.521,64.0,252.02,61.5,250.77,1,80.0,253.76,86.0,255.01,83.0,254.385
digital_5.SchDoc,7,U29D,U29,D,U29-13,13,NetU29_13,false,1,59.0,249.521,64.0,252.02,61.5,250.77,1,80.0,258.76,86.0,260.01,83.0,259.385
digital_5.SchDoc,7,,U34,,U34-7,7,GND,true,0,,,,,,,1,71.0,294.521,76.0,297.02,73.5,295.77
digital_5.SchDoc,7,,U34,,U34-14,14,VDD,true,0,,,,,,,1,56.0,297.76,62.0,299.01,59.0,298.385
digital_5.SchDoc,7,U34B,U34,B,U34-4,4,NetU34_4,false,1,61.0,284.521,66.0,287.02,63.5,285.77,1,71.0,289.521,76.0,292.02,73.5,290.77
digital_5.SchDoc,7,U34B,U34,B,U34-5,5,NetU34_5,false,1,61.0,284.521,66.0,287.02,63.5,285.77,1,56.0,287.76,62.0,289.01,59.0,288.385
digital_5.SchDoc,7,U34B,U34,B,U34-6,6,NetU34_6,false,1,61.0,284.521,66.0,287.02,63.5,285.77,1,56.0,292.76,62.0,294.01,59.0,293.385
digital_5.SchDoc,7,,U70,,U70-7,7,GND,true,0,,,,,,,1,495.0,292.76,501.0,294.01,498.0,293.385
digital_5.SchDoc,7,,U70,,U70-14,14,VDD,true,0,,,,,,,1,480.0,294.521,486.0,297.02,483.0,295.77
digital_5.SchDoc,7,U70A,U70,A,U70-1,1,NetU70_1,false,1,485.0,281.282,491.001,285.03,488.0,283.156,1,480.0,284.521,486.0,287.02,483.0,285.77
digital_5.SchDoc,7,U70A,U70,A,U70-2,2,AMPCT1,false,1,485.0,281.282,491.001,285.03,488.0,283.156,1,480.0,289.521,486.0,292.02,483.0,290.77
digital_5.SchDoc,7,U70A,U70,A,U70-3,3,VA_P1,false,1,485.0,281.282,491.001,285.03,488.0,283.156,1,495.0,287.76,501.0,289.01,498.0,288.385
digital_5.SchDoc,7,U70B,U70,B,U70-4,4,VA_P2,false,1,485.0,281.282,491.001,285.03,488.0,283.156,1,495.0,275.76,501.0,277.01,498.0,276.385
digital_5.SchDoc,7,U70B,U70,B,U70-5,5,NetU70_5,false,1,485.0,281.282,491.001,285.03,488.0,283.156,1,480.0,272.521,486.0,275.02,483.0,273.77
digital_5.SchDoc,7,U70B,U70,B,U70-6,6,AMPCT2,false,1,485.0,281.282,491.001,285.03,488.0,283.156,1,480.0,277.521,486.0,280.02,483.0,278.77
digital_5.SchDoc,7,U70C,U70,C,U70-8,8,NetU70_8,false,1,485.0,281.282,491.001,285.03,488.0,283.156,1,480.0,260.521,486.0,263.02,483.0,261.77
digital_5.SchDoc,7,U70C,U70,C,U70-9,9,AMPCT3,false,1,485.0,281.282,491.001,285.03,488.0,283.156,1,480.0,265.76,486.0,267.01,483.0,266.385
digital_5.SchDoc,7,U70C,U70,C,U70-10,10,VA_P3,false,1,485.0,281.282,491.001,285.03,488.0,283.156,1,495.0,262.521,501.0,265.02,498.0,263.77
digital_5.SchDoc,7,U70D,U70,D,U70-11,11,VA_P0,false,1,485.0,281.282,491.001,285.03,488.0,283.156,1,495.0,299.76,501.0,301.01,498.0,300.385
digital_5.SchDoc,7,U70D,U70,D,U70-12,12,AMPCT0,false,1,485.0,281.282,491.001,285.03,488.0,283.156,1,480.0,302.76,486.0,304.01,483.0,303.385
digital_5.SchDoc,7,U70D,U70,D,U70-13,13,NetU70_13,false,1,485.0,281.282,491.001,285.03,488.0,283.156,1,480.0,297.76,486.0,299.01,483.0,298.385
digital_5.SchDoc,7,,U72,,U72-7,7,GND,true,0,,,,,,,1,117.0,328.521,123.0,331.02,120.0,329.77
digital_5.SchDoc,7,,U72,,U72-14,14,VDD,true,0,,,,,,,1,105.0,331.76,110.0,333.01,107.5,332.385
digital_5.SchDoc,7,U72F,U72,F,U72-12,12,NetU72_12,false,1,110.0,318.521,115.0,321.02,112.5,319.77,1,117.0,323.521,123.0,326.02,120.0,324.77
digital_5.SchDoc,7,U72F,U72,F,U72-13,13,NetU72_13,false,1,110.0,318.521,115.0,321.02,112.5,319.77,1,105.0,323.521,110.0,326.02,107.5,324.77
digital_5.SchDoc,7,,U79,,U79-7,7,GND,true,0,,,,,,,1,119.0,260.521,125.0,263.02,122.0,261.77
digital_5.SchDoc,7,,U79,,U79-14,14,VDD,true,0,,,,,,,1,105.0,262.521,110.0,265.02,107.5,263.77
digital_5.SchDoc,7,U79D,U79,D,U79-11,11,NetU79_11,false,1,107.0,249.521,113.0,252.02,110.0,250.77,1,119.0,255.521,125.0,258.02,122.0,256.77
digital_5.SchDoc,7,U79D,U79,D,U79-12,12,NetU79_12,false,1,107.0,249.521,113.0,252.02,110.0,250.77,1,105.0,253.76,110.0,255.01,107.5,254.385
digital_5.SchDoc,7,U79D,U79,D,U79-13,13,NetU79_13,false,1,107.0,249.521,113.0,252.02,110.0,250.77,1,105.0,258.76,110.0,260.01,107.5,259.385
digital_5.SchDoc,7,,U85,,U85-7,7,GND,true,0,,,,,,,1,71.0,277.521,76.0,280.02,73.5,278.77
digital_5.SchDoc,7,,U85,,U85-14,14,VDD,true,0,,,,,,,1,56.0,280.76,62.0,282.01,59.0,281.385
digital_5.SchDoc,7,U85D,U85,D,U85-11,11,NetU85_11,false,1,59.0,266.521,64.0,269.02,61.5,267.77,1,71.0,272.521,76.0,275.02,73.5,273.77
digital_5.SchDoc,7,U85D,U85,D,U85-12,12,NetU85_12,false,1,59.0,266.521,64.0,269.02,61.5,267.77,1,56.0,275.76,62.0,277.01,59.0,276.385
digital_5.SchDoc,7,U85D,U85,D,U85-13,13,NetU85_13,false,1,59.0,266.521,64.0,269.02,61.5,267.77,1,56.0,270.76,62.0,272.01,59.0,271.385
digital_5.SchDoc,7,,U86,,U86-7,7,GND,true,0,,,,,,,1,412.0,350.521,418.0,353.02,415.0,351.77
digital_5.SchDoc,7,,U86,,U86-14,14,VDD,true,0,,,,,,,1,397.0,353.76,403.0,355.01,400.0,354.385
digital_5.SchDoc,7,U86D,U86,D,U86-11,11,NetU86_11,false,1,402.0,340.521,407.0,343.02,404.5,341.77,1,412.0,345.521,418.0,348.02,415.0,346.77
digital_5.SchDoc,7,U86D,U86,D,U86-12,12,STATE6,false,1,402.0,340.521,407.0,343.02,404.5,341.77,1,397.0,343.76,403.0,345.01,400.0,344.385
digital_5.SchDoc,7,U86D,U86,D,U86-13,13,LATCH,false,1,402.0,340.521,407.0,343.02,404.5,341.77,1,397.0,348.76,403.0,350.01,400.0,349.385
digital_5.SchDoc,7,,U97,,U97-7,7,GND,true,0,,,,,,,1,339.0,211.521,344.0,214.02,341.5,212.77
digital_5.SchDoc,7,,U97,,U97-14,14,VDD,true,0,,,,,,,1,324.0,214.76,330.0,216.01,327.0,215.385
digital_5.SchDoc,7,U97D,U97,D,U97-11,11,NetU97_11,false,1,329.0,201.521,335.0,204.02,332.0,202.77,1,339.0,206.521,344.0,209.02,341.5,207.77
digital_5.SchDoc,7,U97D,U97,D,U97-12,12,NetU97_12,false,1,329.0,201.521,335.0,204.02,332.0,202.77,1,324.0,204.76,330.0,206.01,327.0,205.385
digital_5.SchDoc,7,U97D,U97,D,U97-13,13,VOICED,false,1,329.0,201.521,335.0,204.02,332.0,202.77,1,324.0,209.76,330.0,211.01,327.0,210.385
digital_5.SchDoc,7,,U100,,U100-7,7,GND,true,0,,,,,,,1,558.0,333.521,564.0,336.02,561.0,334.77
digital_5.SchDoc,7,,U100,,U100-14,14,VDD,true,0,,,,,,,1,543.0,336.76,549.0,338.01,546.0,337.385
digital_5.SchDoc,7,U100A,U100,A,U100-1,1,VOICE_AMP_ZERO,false,1,546.0,317.282,553.001,321.03,549.5,319.156,1,558.0,326.76,564.0,328.01,561.0,327.385
digital_5.SchDoc,7,U100A,U100,A,U100-2,2,VOICE_AMP3,false,1,546.0,317.282,553.001,321.03,549.5,319.156,1,543.0,321.76,549.0,323.01,546.0,322.385
digital_5.SchDoc,7,U100A,U100,A,U100-3,3,VOICE_AMP2,false,1,546.0,317.282,553.001,321.03,549.5,319.156,1,543.0,323.521,549.0,326.02,546.0,324.77
digital_5.SchDoc,7,U100A,U100,A,U100-4,4,VOICE_AMP1,false,1,546.0,317.282,553.001,321.03,549.5,319.156,1,543.0,328.521,549.0,331.02,546.0,329.77
digital_5.SchDoc,7,U100A,U100,A,U100-5,5,VOICE_AMP0,false,1,546.0,317.282,553.001,321.03,549.5,319.156,1,543.0,331.76,549.0,333.01,546.0,332.385
digital_5.SchDoc,7,U100B,U100,B,U100-9,9,FRIC_AMP3,false,1,546.0,317.282,553.001,321.03,549.5,319.156,1,543.0,353.76,549.0,355.01,546.0,354.385
digital_5.SchDoc,7,U100B,U100,B,U100-10,10,FRIC_AMP2,false,1,546.0,317.282,553.001,321.03,549.5,319.156,1,543.0,355.521,549.0,358.02,546.0,356.77
digital_5.SchDoc,7,U100B,U100,B,U100-11,11,FRIC_AMP1,false,1,546.0,317.282,553.001,321.03,549.5,319.156,1,543.0,360.76,549.0,362.01,546.0,361.385
digital_5.SchDoc,7,U100B,U100,B,U100-12,12,FRIC_AMP0,false,1,546.0,317.282,553.001,321.03,549.5,319.156,1,543.0,362.521,549.0,365.02,546.0,363.77
digital_5.SchDoc,7,U100B,U100,B,U100-13,13,FRIC_AMP_ZERO,false,1,546.0,317.282,553.001,321.03,549.5,319.156,1,558.0,358.76,564.0,360.01,561.0,359.385
digital_5.SchDoc,7,,U102,,U102-7,7,GND,true,0,,,,,,,1,373.0,204.76,379.0,206.01,376.0,205.385
digital_5.SchDoc,7,,U102,,U102-14,14,VDD,true,0,,,,,,,1,358.0,202.76,364.0,204.01,361.0,203.385
digital_5.SchDoc,7,U102D,U102,D,U102-11,11,NetU102_11,false,1,363.0,203.282,370.001,207.03,366.5,205.156,1,373.0,209.76,379.0,211.01,376.0,210.385
digital_5.SchDoc,7,U102D,U102,D,U102-12,12,LATCH,false,1,363.0,203.282,370.001,207.03,366.5,205.156,1,358.0,211.521,364.0,214.02,361.0,212.77
digital_5.SchDoc,7,U102D,U102,D,U102-13,13,NetU97_11,false,1,363.0,203.282,370.001,207.03,366.5,205.156,1,358.0,206.521,364.0,209.02,361.0,207.77
digital_5.SchDoc,7,,U103,,U103-7,7,GND,true,0,,,,,,,1,412.0,94.521,418.0,97.02,415.0,95.77
digital_5.SchDoc,7,,U103,,U103-14,14,VDD,true,0,,,,,,,1,397.0,92.76,403.0,94.01,400.0,93.385
digital_5.SchDoc,7,U103A,U103,A,U103-1,1,NetU102_11,false,1,402.0,94.521,409.0,97.02,405.5,95.77,1,397.0,102.76,403.0,104.01,400.0,103.385
digital_5.SchDoc,7,U103A,U103,A,U103-2,2,STATE0,false,1,402.0,94.521,409.0,97.02,405.5,95.77,1,397.0,97.76,403.0,99.01,400.0,98.385
digital_5.SchDoc,7,U103A,U103,A,U103-3,3,NetU103_3,false,1,402.0,94.521,409.0,97.02,405.5,95.77,1,412.0,99.521,418.0,102.02,415.0,100.77
digital_5.SchDoc,7,U103B,U103,B,U103-4,4,NetU103_4,false,1,402.0,94.521,409.0,97.02,405.5,95.77,1,412.0,131.76,418.0,133.01,415.0,132.385
digital_5.SchDoc,7,U103B,U103,B,U103-5,5,NetU102_11,false,1,402.0,94.521,409.0,97.02,405.5,95.77,1,397.0,133.521,403.0,136.02,400.0,134.77
digital_5.SchDoc,7,U103B,U103,B,U103-6,6,STATE1,false,1,402.0,94.521,409.0,97.02,405.5,95.77,1,397.0,128.521,403.0,131.02,400.0,129.77
digital_5.SchDoc,7,U103C,U103,C,U103-8,8,NetU102_11,false,1,402.0,94.521,409.0,97.02,405.5,95.77,1,397.0,165.76,403.0,167.01,400.0,166.385
digital_5.SchDoc,7,U103C,U103,C,U103-9,9,STATE2,false,1,402.0,94.521,409.0,97.02,405.5,95.77,1,397.0,160.76,403.0,162.01,400.0,161.385
digital_5.SchDoc,7,U103C,U103,C,U103-10,10,NetU103_10,false,1,402.0,94.521,409.0,97.02,405.5,95.77,1,412.0,163.76,418.0,165.01,415.0,164.385
digital_5.SchDoc,7,U103D,U103,D,U103-11,11,NetU103_11,false,1,402.0,94.521,409.0,97.02,405.5,95.77,1,412.0,194.521,418.0,197.02,415.0,195.77
digital_5.SchDoc,7,U103D,U103,D,U103-12,12,NetU102_11,false,1,402.0,94.521,409.0,97.02,405.5,95.77,1,397.0,197.76,403.0,199.01,400.0,198.385
digital_5.SchDoc,7,U103D,U103,D,U103-13,13,STATE3,false,1,402.0,94.521,409.0,97.02,405.5,95.77,1,397.0,192.76,403.0,194.01,400.0,193.385
digital_5.SchDoc,7,,U104,,U104-7,7,GND,true,0,,,,,,,1,412.0,221.76,418.0,223.01,415.0,222.385
digital_5.SchDoc,7,,U104,,U104-14,14,VDD,true,0,,,,,,,1,397.0,219.76,403.0,221.01,400.0,220.385
digital_5.SchDoc,7,U104A,U104,A,U104-1,1,NetU102_11,false,1,402.0,220.282,409.001,224.03,405.5,222.156,1,397.0,228.521,403.0,231.02,400.0,229.77
digital_5.SchDoc,7,U104A,U104,A,U104-2,2,STATE3,false,1,402.0,220.282,409.001,224.03,405.5,222.156,1,397.0,223.521,403.0,226.02,400.0,224.77
digital_5.SchDoc,7,U104A,U104,A,U104-3,3,NetU104_3,false,1,402.0,220.282,409.001,224.03,405.5,222.156,1,412.0,226.76,418.0,228.01,415.0,227.385
digital_5.SchDoc,7,U104B,U104,B,U104-4,4,NetU104_4,false,1,402.0,220.282,409.001,224.03,405.5,222.156,1,95.0,306.521,101.0,309.02,98.0,307.77
digital_5.SchDoc,7,U104B,U104,B,U104-5,5,NetU104_5,false,1,402.0,220.282,409.001,224.03,405.5,222.156,1,80.0,304.76,86.0,306.01,83.0,305.385
digital_5.SchDoc,7,U104B,U104,B,U104-6,6,NetU104_6,false,1,402.0,220.282,409.001,224.03,405.5,222.156,1,80.0,309.76,86.0,311.01,83.0,310.385
digital_5.SchDoc,7,U104D,U104,D,U104-11,11,NetU104_11,false,1,402.0,220.282,409.001,224.03,405.5,222.156,1,412.0,314.76,418.0,316.01,415.0,315.385
digital_5.SchDoc,7,U104D,U104,D,U104-12,12,LATCH,false,1,402.0,220.282,409.001,224.03,405.5,222.156,1,397.0,316.521,403.0,319.02,400.0,317.77
digital_5.SchDoc,7,U104D,U104,D,U104-13,13,STATE5,false,1,402.0,220.282,409.001,224.03,405.5,222.156,1,397.0,311.521,403.0,314.02,400.0,312.77
digital_5.SchDoc,7,,U105,,U105-7,7,GND,true,0,,,,,,,1,305.0,209.76,310.0,211.01,307.5,210.385
digital_5.SchDoc,7,,U105,,U105-14,14,VDD,true,0,,,,,,,1,292.0,211.521,298.0,214.02,295.0,212.77
digital_5.SchDoc,7,U105A,U105,A,U105-1,1,VOICE_AMP_ZERO,false,1,297.0,198.282,304.001,202.03,300.5,200.156,1,292.0,204.76,298.0,206.01,295.0,205.385
digital_5.SchDoc,7,U105A,U105,A,U105-2,2,NetU97_12,false,1,297.0,198.282,304.001,202.03,300.5,200.156,1,305.0,204.76,310.0,206.01,307.5,205.385
digital_5.SchDoc,7,U106,U106,,U106-1,1,NetU106_1,false,1,437.0,95.521,441.0,98.02,439.0,96.77,1,451.0,119.76,457.0,121.01,454.0,120.385
digital_5.SchDoc,7,U106,U106,,U106-2,2,NetU106_2,false,1,437.0,95.521,441.0,98.02,439.0,96.77,1,451.0,104.521,457.0,107.02,454.0,105.77
digital_5.SchDoc,7,U106,U106,,U106-3,3,NetU106_3,false,1,437.0,95.521,441.0,98.02,439.0,96.77,1,451.0,106.521,457.0,109.02,454.0,107.77
digital_5.SchDoc,7,U106,U106,,U106-4,4,RESA3,false,1,437.0,95.521,441.0,98.02,439.0,96.77,1,431.0,106.521,437.0,109.02,434.0,107.77
digital_5.SchDoc,7,U106,U106,,U106-5,5,NetU103_3,false,1,437.0,95.521,441.0,98.02,439.0,96.77,1,431.0,99.521,437.0,102.02,434.0,100.77
digital_5.SchDoc,7,U106,U106,,U106-6,6,VCC,false,1,437.0,95.521,441.0,98.02,439.0,96.77,1,431.0,102.76,437.0,104.01,434.0,103.385
digital_5.SchDoc,7,U106,U106,,U106-7,7,RESA2,false,1,437.0,95.521,441.0,98.02,439.0,96.77,1,431.0,109.76,437.0,111.01,434.0,110.385
digital_5.SchDoc,7,U106,U106,,U106-8,8,GND,false,1,437.0,95.521,441.0,98.02,439.0,96.77,1,431.0,121.521,437.0,124.02,434.0,122.77
digital_5.SchDoc,7,U106,U106,,U106-9,9,NetU106_9,false,1,437.0,95.521,441.0,98.02,439.0,96.77,1,451.0,111.521,457.0,114.02,454.0,112.77
digital_5.SchDoc,7,U106,U106,,U106-10,10,NetU106_10,false,1,437.0,95.521,441.0,98.02,439.0,96.77,1,451.0,109.76,457.0,111.01,454.0,110.385
digital_5.SchDoc,7,U106,U106,,U106-11,11,NetU106_11,false,1,437.0,95.521,441.0,98.02,439.0,96.77,1,451.0,114.76,457.0,116.01,454.0,115.385
digital_5.SchDoc,7,U106,U106,,U106-12,12,NetU106_12,false,1,437.0,95.521,441.0,98.02,439.0,96.77,1,451.0,116.521,457.0,119.02,454.0,117.77
digital_5.SchDoc,7,U106,U106,,U106-13,13,RESA1,false,1,437.0,95.521,441.0,98.02,439.0,96.77,1,431.0,111.521,437.0,114.02,434.0,112.77
digital_5.SchDoc,7,U106,U106,,U106-14,14,RESA0,false,1,437.0,95.521,441.0,98.02,439.0,96.77,1,431.0,114.76,437.0,116.01,434.0,115.385
digital_5.SchDoc,7,U106,U106,,U106-15,15,NetU106_15,false,1,437.0,95.521,441.0,98.02,439.0,96.77,1,451.0,121.521,457.0,124.02,454.0,122.77
digital_5.SchDoc,7,U106,U106,,U106-16,16,VCC,false,1,437.0,95.521,441.0,98.02,439.0,96.77,1,451.0,99.521,457.0,102.02,454.0,100.77
digital_5.SchDoc,7,U107,U107,,U107-1,1,NetU107_1,false,1,437.0,127.521,441.0,130.02,439.0,128.77,1,451.0,150.521,457.0,153.02,454.0,151.77
digital_5.SchDoc,7,U107,U107,,U107-2,2,NetU107_2,false,1,437.0,127.521,441.0,130.02,439.0,128.77,1,451.0,136.76,457.0,138.01,454.0,137.385
digital_5.SchDoc,7,U107,U107,,U107-3,3,NetU107_3,false,1,437.0,127.521,441.0,130.02,439.0,128.77,1,451.0,138.521,457.0,141.02,454.0,139.77
digital_5.SchDoc,7,U107,U107,,U107-4,4,RESA3,false,1,437.0,127.521,441.0,130.02,439.0,128.77,1,431.0,138.521,437.0,141.02,434.0,139.77
digital_5.SchDoc,7,U107,U107,,U107-5,5,NetU103_4,false,1,437.0,127.521,441.0,130.02,439.0,128.77,1,431.0,131.76,437.0,133.01,434.0,132.385
digital_5.SchDoc,7,U107,U107,,U107-6,6,VCC,false,1,437.0,127.521,441.0,130.02,439.0,128.77,1,431.0,133.521,437.0,136.02,434.0,134.77
digital_5.SchDoc,7,U107,U107,,U107-7,7,RESA2,false,1,437.0,127.521,441.0,130.02,439.0,128.77,1,431.0,141.76,437.0,143.01,434.0,142.385
digital_5.SchDoc,7,U107,U107,,U107-8,8,GND,false,1,437.0,127.521,441.0,130.02,439.0,128.77,1,431.0,153.76,437.0,155.01,434.0,154.385
digital_5.SchDoc,7,U107,U107,,U107-9,9,NetU107_9,false,1,437.0,127.521,441.0,130.02,439.0,128.77,1,451.0,143.76,457.0,145.01,454.0,144.385
digital_5.SchDoc,7,U107,U107,,U107-10,10,NetU107_10,false,1,437.0,127.521,441.0,130.02,439.0,128.77,1,451.0,141.76,457.0,143.01,454.0,142.385
digital_5.SchDoc,7,U107,U107,,U107-11,11,NetU107_11,false,1,437.0,127.521,441.0,130.02,439.0,128.77,1,451.0,145.521,457.0,148.02,454.0,146.77
digital_5.SchDoc,7,U107,U107,,U107-12,12,NetU107_12,false,1,437.0,127.521,441.0,130.02,439.0,128.77,1,451.0,148.76,457.0,150.01,454.0,149.385
digital_5.SchDoc,7,U107,U107,,U107-13,13,RESA1,false,1,437.0,127.521,441.0,130.02,439.0,128.77,1,431.0,143.76,437.0,145.01,434.0,144.385
digital_5.SchDoc,7,U107,U107,,U107-14,14,RESA0,false,1,437.0,127.521,441.0,130.02,439.0,128.77,1,431.0,145.521,437.0,148.02,434.0,146.77
digital_5.SchDoc,7,U107,U107,,U107-15,15,NetU107_15,false,1,437.0,127.521,441.0,130.02,439.0,128.77,1,451.0,153.76,457.0,155.01,454.0,154.385
digital_5.SchDoc,7,U107,U107,,U107-16,16,VCC,false,1,437.0,127.521,441.0,130.02,439.0,128.77,1,451.0,131.76,457.0,133.01,454.0,132.385
digital_5.SchDoc,7,U108,U108,,U108-1,1,NetU108_1,false,1,437.0,158.282,441.0,162.03,439.0,160.156,1,451.0,182.521,457.0,185.02,454.0,183.77
digital_5.SchDoc,7,U108,U108,,U108-2,2,NetU108_2,false,1,437.0,158.282,441.0,162.03,439.0,160.156,1,451.0,167.521,457.0,170.02,454.0,168.77
digital_5.SchDoc,7,U108,U108,,U108-3,3,NetU108_3,false,1,437.0,158.282,441.0,162.03,439.0,160.156,1,451.0,170.76,457.0,172.01,454.0,171.385
digital_5.SchDoc,7,U108,U108,,U108-4,4,RESA3,false,1,437.0,158.282,441.0,162.03,439.0,160.156,1,431.0,170.76,437.0,172.01,434.0,171.385
digital_5.SchDoc,7,U108,U108,,U108-5,5,NetU103_10,false,1,437.0,158.282,441.0,162.03,439.0,160.156,1,431.0,163.76,437.0,165.01,434.0,164.385
digital_5.SchDoc,7,U108,U108,,U108-6,6,VCC,false,1,437.0,158.282,441.0,162.03,439.0,160.156,1,431.0,165.76,437.0,167.01,434.0,166.385
digital_5.SchDoc,7,U108,U108,,U108-7,7,RESA2,false,1,437.0,158.282,441.0,162.03,439.0,160.156,1,431.0,172.521,437.0,175.02,434.0,173.77
digital_5.SchDoc,7,U108,U108,,U108-8,8,GND,false,1,437.0,158.282,441.0,162.03,439.0,160.156,1,431.0,184.521,437.0,187.02,434.0,185.77
digital_5.SchDoc,7,U108,U108,,U108-9,9,NetU108_9,false,1,437.0,158.282,441.0,162.03,439.0,160.156,1,451.0,175.76,457.0,177.01,454.0,176.385
digital_5.SchDoc,7,U108,U108,,U108-10,10,NetU108_10,false,1,437.0,158.282,441.0,162.03,439.0,160.156,1,451.0,172.521,457.0,175.02,454.0,173.77
digital_5.SchDoc,7,U108,U108,,U108-11,11,NetU108_11,false,1,437.0,158.282,441.0,162.03,439.0,160.156,1,451.0,177.521,457.0,180.02,454.0,178.77
digital_5.SchDoc,7,U108,U108,,U108-12,12,NetU108_12,false,1,437.0,158.282,441.0,162.03,439.0,160.156,1,451.0,180.76,457.0,182.01,454.0,181.385
digital_5.SchDoc,7,U108,U108,,U108-13,13,RESA1,false,1,437.0,158.282,441.0,162.03,439.0,160.156,1,431.0,175.76,437.0,177.01,434.0,176.385
digital_5.SchDoc,7,U108,U108,,U108-14,14,RESA0,false,1,437.0,158.282,441.0,162.03,439.0,160.156,1,431.0,177.521,437.0,180.02,434.0,178.77
digital_5.SchDoc,7,U108,U108,,U108-15,15,NetU108_15,false,1,437.0,158.282,441.0,162.03,439.0,160.156,1,451.0,184.521,457.0,187.02,454.0,185.77
digital_5.SchDoc,7,U108,U108,,U108-16,16,VCC,false,1,437.0,158.282,441.0,162.03,439.0,160.156,1,451.0,163.76,457.0,165.01,454.0,164.385
digital_5.SchDoc,7,U109,U109,,U109-1,1,NetU109_1,false,1,437.0,190.521,441.0,193.02,439.0,191.77,1,451.0,214.76,457.0,216.01,454.0,215.385
digital_5.SchDoc,7,U109,U109,,U109-2,2,NetU109_2,false,1,437.0,190.521,441.0,193.02,439.0,191.77,1,451.0,199.521,457.0,202.02,454.0,200.77
digital_5.SchDoc,7,U109,U109,,U109-3,3,NetU109_3,false,1,437.0,190.521,441.0,193.02,439.0,191.77,1,451.0,202.76,457.0,204.01,454.0,203.385
digital_5.SchDoc,7,U109,U109,,U109-4,4,RESA3,false,1,437.0,190.521,441.0,193.02,439.0,191.77,1,431.0,202.76,437.0,204.01,434.0,203.385
digital_5.SchDoc,7,U109,U109,,U109-5,5,NetU103_11,false,1,437.0,190.521,441.0,193.02,439.0,191.77,1,431.0,194.521,437.0,197.02,434.0,195.77
digital_5.SchDoc,7,U109,U109,,U109-6,6,VCC,false,1,437.0,190.521,441.0,193.02,439.0,191.77,1,431.0,197.76,437.0,199.01,434.0,198.385
digital_5.SchDoc,7,U109,U109,,U109-7,7,RESA2,false,1,437.0,190.521,441.0,193.02,439.0,191.77,1,431.0,204.76,437.0,206.01,434.0,205.385
digital_5.SchDoc,7,U109,U109,,U109-8,8,GND,false,1,437.0,190.521,441.0,193.02,439.0,191.77,1,431.0,216.521,437.0,219.02,434.0,217.77
digital_5.SchDoc,7,U109,U109,,U109-9,9,NetU109_9,false,1,437.0,190.521,441.0,193.02,439.0,191.77,1,451.0,206.521,457.0,209.02,454.0,207.77
digital_5.SchDoc,7,U109,U109,,U109-10,10,NetU109_10,false,1,437.0,190.521,441.0,193.02,439.0,191.77,1,451.0,204.76,457.0,206.01,454.0,205.385
digital_5.SchDoc,7,U109,U109,,U109-11,11,NetU109_11,false,1,437.0,190.521,441.0,193.02,439.0,191.77,1,451.0,209.76,457.0,211.01,454.0,210.385
digital_5.SchDoc,7,U109,U109,,U109-12,12,NetU109_12,false,1,437.0,190.521,441.0,193.02,439.0,191.77,1,451.0,211.521,457.0,214.02,454.0,212.77
digital_5.SchDoc,7,U109,U109,,U109-13,13,RESA1,false,1,437.0,190.521,441.0,193.02,439.0,191.77,1,431.0,206.521,437.0,209.02,434.0,207.77
digital_5.SchDoc,7,U109,U109,,U109-14,14,RESA0,false,1,437.0,190.521,441.0,193.02,439.0,191.77,1,431.0,209.76,437.0,211.01,434.0,210.385
digital_5.SchDoc,7,U109,U109,,U109-15,15,NetU109_15,false,1,437.0,190.521,441.0,193.02,439.0,191.77,1,451.0,216.521,457.0,219.02,454.0,217.77
digital_5.SchDoc,7,U109,U109,,U109-16,16,VCC,false,1,437.0,190.521,441.0,193.02,439.0,191.77,1,451.0,194.521,457.0,197.02,454.0,195.77
digital_5.SchDoc,7,U110,U110,,U110-1,1,NetU110_1,false,1,437.0,222.521,441.0,225.02,439.0,223.77,1,451.0,245.521,457.0,248.02,454.0,246.77
digital_5.SchDoc,7,U110,U110,,U110-2,2,NetU110_2,false,1,437.0,222.521,441.0,225.02,439.0,223.77,1,451.0,231.76,457.0,233.01,454.0,232.385
digital_5.SchDoc,7,U110,U110,,U110-3,3,NetU110_3,false,1,437.0,222.521,441.0,225.02,439.0,223.77,1,451.0,233.521,457.0,236.02,454.0,234.77
digital_5.SchDoc,7,U110,U110,,U110-4,4,RESA3,false,1,437.0,222.521,441.0,225.02,439.0,223.77,1,431.0,233.521,437.0,236.02,434.0,234.77
digital_5.SchDoc,7,U110,U110,,U110-5,5,NetU104_3,false,1,437.0,222.521,441.0,225.02,439.0,223.77,1,431.0,226.76,437.0,228.01,434.0,227.385
digital_5.SchDoc,7,U110,U110,,U110-6,6,VCC,false,1,437.0,222.521,441.0,225.02,439.0,223.77,1,431.0,228.521,437.0,231.02,434.0,229.77
digital_5.SchDoc,7,U110,U110,,U110-7,7,RESA2,false,1,437.0,222.521,441.0,225.02,439.0,223.77,1,431.0,236.76,437.0,238.01,434.0,237.385
digital_5.SchDoc,7,U110,U110,,U110-8,8,GND,false,1,437.0,222.521,441.0,225.02,439.0,223.77,1,431.0,248.76,437.0,250.01,434.0,249.385
digital_5.SchDoc,7,U110,U110,,U110-9,9,NetU110_9,false,1,437.0,222.521,441.0,225.02,439.0,223.77,1,451.0,238.521,457.0,241.02,454.0,239.77
digital_5.SchDoc,7,U110,U110,,U110-10,10,NetU110_10,false,1,437.0,222.521,441.0,225.02,439.0,223.77,1,451.0,236.76,457.0,238.01,454.0,237.385
digital_5.SchDoc,7,U110,U110,,U110-11,11,NetU110_11,false,1,437.0,222.521,441.0,225.02,439.0,223.77,1,451.0,241.76,457.0,243.01,454.0,242.385
digital_5.SchDoc,7,U110,U110,,U110-12,12,NetU110_12,false,1,437.0,222.521,441.0,225.02,439.0,223.77,1,451.0,243.76,457.0,245.01,454.0,244.385
digital_5.SchDoc,7,U110,U110,,U110-13,13,RESA1,false,1,437.0,222.521,441.0,225.02,439.0,223.77,1,431.0,238.521,437.0,241.02,434.0,239.77
digital_5.SchDoc,7,U110,U110,,U110-14,14,RESA0,false,1,437.0,222.521,441.0,225.02,439.0,223.77,1,431.0,241.76,437.0,243.01,434.0,242.385
digital_5.SchDoc,7,U110,U110,,U110-15,15,NetU110_15,false,1,437.0,222.521,441.0,225.02,439.0,223.77,1,451.0,248.76,457.0,250.01,454.0,249.385
digital_5.SchDoc,7,U110,U110,,U110-16,16,VCC,false,1,437.0,222.521,441.0,225.02,439.0,223.77,1,451.0,226.76,457.0,228.01,454.0,227.385
digital_5.SchDoc,7,U111,U111,,U111-1,1,NetU70_13,false,1,437.0,268.282,441.0,272.03,439.0,270.156,1,451.0,292.76,457.0,294.01,454.0,293.385
digital_5.SchDoc,7,U111,U111,,U111-2,2,NetU70_8,false,1,437.0,268.282,441.0,272.03,439.0,270.156,1,451.0,277.521,457.0,280.02,454.0,278.77
digital_5.SchDoc,7,U111,U111,,U111-3,3,NetU111_3,false,1,437.0,268.282,441.0,272.03,439.0,270.156,1,451.0,280.76,457.0,282.01,454.0,281.385
digital_5.SchDoc,7,U111,U111,,U111-4,4,RESA3,false,1,437.0,268.282,441.0,272.03,439.0,270.156,1,431.0,280.76,437.0,282.01,434.0,281.385
digital_5.SchDoc,7,U111,U111,,U111-5,5,NetU111_5,false,1,437.0,268.282,441.0,272.03,439.0,270.156,1,431.0,272.521,437.0,275.02,434.0,273.77
digital_5.SchDoc,7,U111,U111,,U111-6,6,VCC,false,1,437.0,268.282,441.0,272.03,439.0,270.156,1,431.0,275.76,437.0,277.01,434.0,276.385
digital_5.SchDoc,7,U111,U111,,U111-7,7,RESA2,false,1,437.0,268.282,441.0,272.03,439.0,270.156,1,431.0,282.76,437.0,284.01,434.0,283.385
digital_5.SchDoc,7,U111,U111,,U111-8,8,GND,false,1,437.0,268.282,441.0,272.03,439.0,270.156,1,431.0,294.521,437.0,297.02,434.0,295.77
digital_5.SchDoc,7,U111,U111,,U111-9,9,NetU111_9,false,1,437.0,268.282,441.0,272.03,439.0,270.156,1,451.0,284.521,457.0,287.02,454.0,285.77
digital_5.SchDoc,7,U111,U111,,U111-10,10,NetU70_5,false,1,437.0,268.282,441.0,272.03,439.0,270.156,1,451.0,282.76,457.0,284.01,454.0,283.385
digital_5.SchDoc,7,U111,U111,,U111-11,11,NetU70_1,false,1,437.0,268.282,441.0,272.03,439.0,270.156,1,451.0,287.76,457.0,289.01,454.0,288.385
digital_5.SchDoc,7,U111,U111,,U111-12,12,NetU111_12,false,1,437.0,268.282,441.0,272.03,439.0,270.156,1,451.0,289.521,457.0,292.02,454.0,290.77
digital_5.SchDoc,7,U111,U111,,U111-13,13,RESA1,false,1,437.0,268.282,441.0,272.03,439.0,270.156,1,431.0,284.521,437.0,287.02,434.0,285.77
digital_5.SchDoc,7,U111,U111,,U111-14,14,RESA0,false,1,437.0,268.282,441.0,272.03,439.0,270.156,1,431.0,287.76,437.0,289.01,434.0,288.385
digital_5.SchDoc,7,U111,U111,,U111-15,15,NetU111_15,false,1,437.0,268.282,441.0,272.03,439.0,270.156,1,451.0,294.521,457.0,297.02,454.0,295.77
digital_5.SchDoc,7,U111,U111,,U111-16,16,VCC,false,1,437.0,268.282,441.0,272.03,439.0,270.156,1,451.0,272.521,457.0,275.02,454.0,273.77
digital_5.SchDoc,7,U112,U112,,U112-1,1,NetU112_1,false,1,483.0,385.282,488.001,389.03,485.5,387.156,1,497.0,409.76,503.0,411.01,500.0,410.385
digital_5.SchDoc,7,U112,U112,,U112-2,2,FRIC1_SW,false,1,483.0,385.282,488.001,389.03,485.5,387.156,1,497.0,394.521,503.0,397.02,500.0,395.77
digital_5.SchDoc,7,U112,U112,,U112-3,3,NetU112_3,false,1,483.0,385.282,488.001,389.03,485.5,387.156,1,497.0,397.76,503.0,399.01,500.0,398.385
digital_5.SchDoc,7,U112,U112,,U112-4,4,NetU20_13,false,1,483.0,385.282,488.001,389.03,485.5,387.156,1,478.0,397.76,483.0,399.01,480.5,398.385
digital_5.SchDoc,7,U112,U112,,U112-5,5,Phi1_X,false,1,483.0,385.282,488.001,389.03,485.5,387.156,1,478.0,389.521,483.0,392.02,480.5,390.77
digital_5.SchDoc,7,U112,U112,,U112-6,6,VCC,false,1,483.0,385.282,488.001,389.03,485.5,387.156,1,478.0,392.76,483.0,394.01,480.5,393.385
digital_5.SchDoc,7,U112,U112,,U112-7,7,NetU112_7,false,1,483.0,385.282,488.001,389.03,485.5,387.156,1,478.0,399.76,483.0,401.01,480.5,400.385
digital_5.SchDoc,7,U112,U112,,U112-8,8,GND,false,1,483.0,385.282,488.001,389.03,485.5,387.156,1,478.0,411.521,483.0,414.02,480.5,412.77
digital_5.SchDoc,7,U112,U112,,U112-9,9,NetU112_9,false,1,483.0,385.282,488.001,389.03,485.5,387.156,1,497.0,401.521,503.0,404.02,500.0,402.77
digital_5.SchDoc,7,U112,U112,,U112-10,10,NetU112_10,false,1,483.0,385.282,488.001,389.03,485.5,387.156,1,497.0,399.76,503.0,401.01,500.0,400.385
digital_5.SchDoc,7,U112,U112,,U112-11,11,NetU112_11,false,1,483.0,385.282,488.001,389.03,485.5,387.156,1,497.0,404.76,503.0,406.01,500.0,405.385
digital_5.SchDoc,7,U112,U112,,U112-12,12,NetU112_12,false,1,483.0,385.282,488.001,389.03,485.5,387.156,1,497.0,406.521,503.0,409.02,500.0,407.77
digital_5.SchDoc,7,U112,U112,,U112-13,13,NetU112_13,false,1,483.0,385.282,488.001,389.03,485.5,387.156,1,478.0,401.521,483.0,404.02,480.5,402.77
digital_5.SchDoc,7,U112,U112,,U112-14,14,NetU112_14,false,1,483.0,385.282,488.001,389.03,485.5,387.156,1,478.0,404.76,483.0,406.01,480.5,405.385
digital_5.SchDoc,7,U112,U112,,U112-15,15,NetU112_15,false,1,483.0,385.282,488.001,389.03,485.5,387.156,1,497.0,411.521,503.0,414.02,500.0,412.77
digital_5.SchDoc,7,U112,U112,,U112-16,16,VCC,false,1,483.0,385.282,488.001,389.03,485.5,387.156,1,497.0,389.521,503.0,392.02,500.0,390.77
digital_5.SchDoc,7,U113,U113,,U113-1,1,NetU113_1,false,1,437.0,310.521,441.0,313.02,439.0,311.77,1,451.0,333.521,457.0,336.02,454.0,334.77
digital_5.SchDoc,7,U113,U113,,U113-2,2,NetU113_2,false,1,437.0,310.521,441.0,313.02,439.0,311.77,1,451.0,319.76,457.0,321.01,454.0,320.385
digital_5.SchDoc,7,U113,U113,,U113-3,3,NetU113_3,false,1,437.0,310.521,441.0,313.02,439.0,311.77,1,451.0,321.76,457.0,323.01,454.0,322.385
digital_5.SchDoc,7,U113,U113,,U113-4,4,RESA3,false,1,437.0,310.521,441.0,313.02,439.0,311.77,1,431.0,321.76,437.0,323.01,434.0,322.385
digital_5.SchDoc,7,U113,U113,,U113-5,5,NetU104_11,false,1,437.0,310.521,441.0,313.02,439.0,311.77,1,431.0,314.76,437.0,316.01,434.0,315.385
digital_5.SchDoc,7,U113,U113,,U113-6,6,VCC,false,1,437.0,310.521,441.0,313.02,439.0,311.77,1,431.0,316.521,437.0,319.02,434.0,317.77
digital_5.SchDoc,7,U113,U113,,U113-7,7,RESA2,false,1,437.0,310.521,441.0,313.02,439.0,311.77,1,431.0,323.521,437.0,326.02,434.0,324.77
digital_5.SchDoc,7,U113,U113,,U113-8,8,GND,false,1,437.0,310.521,441.0,313.02,439.0,311.77,1,431.0,336.76,437.0,338.01,434.0,337.385
digital_5.SchDoc,7,U113,U113,,U113-9,9,NetU113_9,false,1,437.0,310.521,441.0,313.02,439.0,311.77,1,451.0,326.76,457.0,328.01,454.0,327.385
digital_5.SchDoc,7,U113,U113,,U113-10,10,NetU113_10,false,1,437.0,310.521,441.0,313.02,439.0,311.77,1,451.0,323.521,457.0,326.02,454.0,324.77
digital_5.SchDoc,7,U113,U113,,U113-11,11,NetU113_11,false,1,437.0,310.521,441.0,313.02,439.0,311.77,1,451.0,328.521,457.0,331.02,454.0,329.77
digital_5.SchDoc,7,U113,U113,,U113-12,12,NetU113_12,false,1,437.0,310.521,441.0,313.02,439.0,311.77,1,451.0,331.76,457.0,333.01,454.0,332.385
digital_5.SchDoc,7,U113,U113,,U113-13,13,RESA1,false,1,437.0,310.521,441.0,313.02,439.0,311.77,1,431.0,326.76,437.0,328.01,434.0,327.385
digital_5.SchDoc,7,U113,U113,,U113-14,14,RESA0,false,1,437.0,310.521,441.0,313.02,439.0,311.77,1,431.0,328.521,437.0,331.02,434.0,329.77
digital_5.SchDoc,7,U113,U113,,U113-15,15,NetU113_15,false,1,437.0,310.521,441.0,313.02,439.0,311.77,1,451.0,336.76,457.0,338.01,454.0,337.385
digital_5.SchDoc,7,U113,U113,,U113-16,16,VCC,false,1,437.0,310.521,441.0,313.02,439.0,311.77,1,451.0,314.76,457.0,316.01,454.0,315.385
digital_5.SchDoc,7,U114,U114,,U114-1,1,NetU114_1,false,1,437.0,341.282,441.0,345.03,439.0,343.156,1,451.0,365.76,457.0,367.01,454.0,366.385
digital_5.SchDoc,7,U114,U114,,U114-2,2,NetU114_2,false,1,437.0,341.282,441.0,345.03,439.0,343.156,1,451.0,350.521,457.0,353.02,454.0,351.77
digital_5.SchDoc,7,U114,U114,,U114-3,3,NetU114_3,false,1,437.0,341.282,441.0,345.03,439.0,343.156,1,451.0,353.76,457.0,355.01,454.0,354.385
digital_5.SchDoc,7,U114,U114,,U114-4,4,RESA3,false,1,437.0,341.282,441.0,345.03,439.0,343.156,1,431.0,353.76,437.0,355.01,434.0,354.385
digital_5.SchDoc,7,U114,U114,,U114-5,5,NetU86_11,false,1,437.0,341.282,441.0,345.03,439.0,343.156,1,431.0,345.521,437.0,348.02,434.0,346.77
digital_5.SchDoc,7,U114,U114,,U114-6,6,VCC,false,1,437.0,341.282,441.0,345.03,439.0,343.156,1,431.0,348.76,437.0,350.01,434.0,349.385
digital_5.SchDoc,7,U114,U114,,U114-7,7,RESA2,false,1,437.0,341.282,441.0,345.03,439.0,343.156,1,431.0,355.521,437.0,358.02,434.0,356.77
digital_5.SchDoc,7,U114,U114,,U114-8,8,GND,false,1,437.0,341.282,441.0,345.03,439.0,343.156,1,431.0,367.521,437.0,370.02,434.0,368.77
digital_5.SchDoc,7,U114,U114,,U114-9,9,NetU114_9,false,1,437.0,341.282,441.0,345.03,439.0,343.156,1,451.0,358.76,457.0,360.01,454.0,359.385
digital_5.SchDoc,7,U114,U114,,U114-10,10,NetU114_10,false,1,437.0,341.282,441.0,345.03,439.0,343.156,1,451.0,355.521,457.0,358.02,454.0,356.77
digital_5.SchDoc,7,U114,U114,,U114-11,11,NetU114_11,false,1,437.0,341.282,441.0,345.03,439.0,343.156,1,451.0,360.76,457.0,362.01,454.0,361.385
digital_5.SchDoc,7,U114,U114,,U114-12,12,NetU114_12,false,1,437.0,341.282,441.0,345.03,439.0,343.156,1,451.0,362.521,457.0,365.02,454.0,363.77
digital_5.SchDoc,7,U114,U114,,U114-13,13,RESA1,false,1,437.0,341.282,441.0,345.03,439.0,343.156,1,431.0,358.76,437.0,360.01,434.0,359.385
digital_5.SchDoc,7,U114,U114,,U114-14,14,RESA0,false,1,437.0,341.282,441.0,345.03,439.0,343.156,1,431.0,360.76,437.0,362.01,434.0,361.385
digital_5.SchDoc,7,U114,U114,,U114-15,15,NetU114_15,false,1,437.0,341.282,441.0,345.03,439.0,343.156,1,451.0,367.521,457.0,370.02,454.0,368.77
digital_5.SchDoc,7,U114,U114,,U114-16,16,VCC,false,1,437.0,341.282,441.0,345.03,439.0,343.156,1,451.0,345.521,457.0,348.02,454.0,346.77
digital_5.SchDoc,7,U115,U115,,U115-1,1,NetU115_1,false,1,483.0,424.282,488.001,428.03,485.5,426.156,1,497.0,448.76,503.0,450.01,500.0,449.385
digital_5.SchDoc,7,U115,U115,,U115-2,2,NetU115_2,false,1,483.0,424.282,488.001,428.03,485.5,426.156,1,497.0,433.521,503.0,436.02,500.0,434.77
digital_5.SchDoc,7,U115,U115,,U115-3,3,NetU115_3,false,1,483.0,424.282,488.001,428.03,485.5,426.156,1,497.0,436.76,503.0,438.01,500.0,437.385
digital_5.SchDoc,7,U115,U115,,U115-4,4,VA_P3,false,1,483.0,424.282,488.001,428.03,485.5,426.156,1,478.0,436.76,483.0,438.01,480.5,437.385
digital_5.SchDoc,7,U115,U115,,U115-5,5,Phi1_X,false,1,483.0,424.282,488.001,428.03,485.5,426.156,1,478.0,428.521,483.0,431.02,480.5,429.77
digital_5.SchDoc,7,U115,U115,,U115-6,6,VCC,false,1,483.0,424.282,488.001,428.03,485.5,426.156,1,478.0,431.76,483.0,433.01,480.5,432.385
digital_5.SchDoc,7,U115,U115,,U115-7,7,VA_P2,false,1,483.0,424.282,488.001,428.03,485.5,426.156,1,478.0,438.76,483.0,440.01,480.5,439.385
digital_5.SchDoc,7,U115,U115,,U115-8,8,GND,false,1,483.0,424.282,488.001,428.03,485.5,426.156,1,478.0,450.521,483.0,453.02,480.5,451.77
digital_5.SchDoc,7,U115,U115,,U115-9,9,NetU115_9,false,1,483.0,424.282,488.001,428.03,485.5,426.156,1,497.0,441.76,503.0,443.01,500.0,442.385
digital_5.SchDoc,7,U115,U115,,U115-10,10,NetU115_10,false,1,483.0,424.282,488.001,428.03,485.5,426.156,1,497.0,438.76,503.0,440.01,500.0,439.385
digital_5.SchDoc,7,U115,U115,,U115-11,11,NetU115_11,false,1,483.0,424.282,488.001,428.03,485.5,426.156,1,497.0,443.76,503.0,445.01,500.0,444.385
digital_5.SchDoc,7,U115,U115,,U115-12,12,NetU115_12,false,1,483.0,424.282,488.001,428.03,485.5,426.156,1,497.0,445.521,503.0,448.02,500.0,446.77
digital_5.SchDoc,7,U115,U115,,U115-13,13,VA_P1,false,1,483.0,424.282,488.001,428.03,485.5,426.156,1,478.0,441.76,483.0,443.01,480.5,442.385
digital_5.SchDoc,7,U115,U115,,U115-14,14,VA_P0,false,1,483.0,424.282,488.001,428.03,485.5,426.156,1,478.0,443.76,483.0,445.01,480.5,444.385
digital_5.SchDoc,7,U115,U115,,U115-15,15,NetU115_15,false,1,483.0,424.282,488.001,428.03,485.5,426.156,1,497.0,450.521,503.0,453.02,500.0,451.77
digital_5.SchDoc,7,U115,U115,,U115-16,16,VCC,false,1,483.0,424.282,488.001,428.03,485.5,426.156,1,497.0,428.521,503.0,431.02,500.0,429.77
digital_5.SchDoc,7,,U149,,U149-7,7,GND,true,0,,,,,,,1,71.0,311.521,76.0,314.02,73.5,312.77
digital_5.SchDoc,7,,U149,,U149-14,14,VDD,true,0,,,,,,,1,56.0,314.76,62.0,316.01,59.0,315.385
digital_5.SchDoc,7,U149D,U149,D,U149-11,11,NetU149_11,false,1,61.0,301.521,67.0,304.02,64.0,302.77,1,71.0,306.521,76.0,309.02,73.5,307.77
digital_5.SchDoc,7,U149D,U149,D,U149-12,12,NetU149_12,false,1,61.0,301.521,67.0,304.02,64.0,302.77,1,56.0,304.76,62.0,306.01,59.0,305.385
digital_5.SchDoc,7,U149D,U149,D,U149-13,13,NetU149_13,false,1,61.0,301.521,67.0,304.02,64.0,302.77,1,56.0,309.76,62.0,311.01,59.0,310.385
digital_5.SchDoc,7,,U162,,U162-7,7,GND,true,0,,,,,,,1,370.0,397.76,376.0,399.01,373.0,398.385
digital_5.SchDoc,7,,U162,,U162-14,14,VDD,true,0,,,,,,,1,356.0,394.521,362.0,397.02,359.0,395.77
digital_5.SchDoc,7,U162A,U162,A,U162-1,1,NetU162_1,false,1,361.0,396.521,367.0,399.02,364.0,397.77,1,356.0,404.76,362.0,406.01,359.0,405.385
digital_5.SchDoc,7,U162A,U162,A,U162-2,2,NetU162_2,false,1,361.0,396.521,367.0,399.02,364.0,397.77,1,356.0,401.521,362.0,404.02,359.0,402.77
digital_5.SchDoc,7,U162A,U162,A,U162-8,8,VCC,false,1,361.0,396.521,367.0,399.02,364.0,397.77,1,356.0,399.76,362.0,401.01,359.0,400.385
digital_5.SchDoc,7,U162A,U162,A,U162-9,9,NetU20_11,false,1,361.0,396.521,367.0,399.02,364.0,397.77,1,370.0,401.521,376.0,404.02,373.0,402.77
digital_5.SchDoc,7,U162C,U162,C,U162-10,10,NetU162_1,false,1,361.0,396.521,367.0,399.02,364.0,397.77,1,331.0,404.76,337.0,406.01,334.0,405.385
digital_5.SchDoc,7,U162C,U162,C,U162-11,11,WR_SEL_2,false,1,361.0,396.521,367.0,399.02,364.0,397.77,1,317.0,401.521,323.0,404.02,320.0,402.77
digital_5.SchDoc,7,U162C,U162,C,U162-12,12,PW_1,false,1,361.0,396.521,367.0,399.02,364.0,397.77,1,317.0,404.76,323.0,406.01,320.0,405.385
digital_5.SchDoc,7,U162C,U162,C,U162-13,13,PW_2,false,1,361.0,396.521,367.0,399.02,364.0,397.77,1,317.0,406.521,323.0,409.02,320.0,407.77
digital_5.SchDoc,7,,U166,,U166-7,7,GND,true,0,,,,,,,1,485.0,487.76,491.0,489.01,488.0,488.385
digital_5.SchDoc,7,,U166,,U166-14,14,VDD,true,0,,,,,,,1,465.0,487.76,471.0,489.01,468.0,488.385
digital_5.SchDoc,7,U166A,U166,A,U166-1,1,FRIC2_SW,false,1,491.0,468.521,497.0,471.02,494.0,469.77,1,485.0,472.521,491.0,475.02,488.0,473.77
digital_5.SchDoc,7,U166A,U166,A,U166-2,2,NetU166_2,false,1,491.0,468.521,497.0,471.02,494.0,469.77,1,485.0,482.76,491.0,484.01,488.0,483.385
digital_5.SchDoc,7,U166A,U166,A,U166-3,3,Phi0_X,false,1,491.0,468.521,497.0,471.02,494.0,469.77,1,465.0,477.76,471.0,479.01,468.0,478.385
digital_5.SchDoc,7,U166A,U166,A,U166-4,4,GND,false,1,491.0,468.521,497.0,471.02,494.0,469.77,1,477.0,483.566,479.001,491.06,478.0,487.313
digital_5.SchDoc,7,U166A,U166,A,U166-5,5,NetU20_12,false,1,491.0,468.521,497.0,471.02,494.0,469.77,1,465.0,472.521,471.0,475.02,468.0,473.77
digital_5.SchDoc,7,U166A,U166,A,U166-6,6,GND,false,1,491.0,468.521,497.0,471.02,494.0,469.77,1,477.0,464.566,479.001,472.06,478.0,468.313
digital_5.SchDoc,7,,U167,,U167-7,7,GND,true,0,,,,,,,1,412.0,277.521,418.0,280.02,415.0,278.77
digital_5.SchDoc,7,,U167,,U167-14,14,VDD,true,0,,,,,,,1,397.0,280.76,403.0,282.01,400.0,281.385
digital_5.SchDoc,7,U167D,U167,D,U167-11,11,NetU111_5,false,1,402.0,267.521,409.0,270.02,405.5,268.77,1,412.0,272.521,418.0,275.02,415.0,273.77
digital_5.SchDoc,7,U167D,U167,D,U167-12,12,STATE4,false,1,402.0,267.521,409.0,270.02,405.5,268.77,1,397.0,270.76,403.0,272.01,400.0,271.385
digital_5.SchDoc,7,U167D,U167,D,U167-13,13,LATCH,false,1,402.0,267.521,409.0,270.02,405.5,268.77,1,397.0,275.76,403.0,277.01,400.0,276.385
digital_5.SchDoc,7,,U168,,U168-7,7,GND,true,0,,,,,,,1,334.0,387.76,340.0,389.01,337.0,388.385
digital_5.SchDoc,7,,U168,,U168-14,14,VDD,true,0,,,,,,,1,319.0,389.521,325.0,392.02,322.0,390.77
digital_5.SchDoc,7,U168B,U168,B,U168-4,4,NetU162_2,false,1,322.0,376.521,328.0,379.02,325.0,377.77,1,334.0,382.76,340.0,384.01,337.0,383.385
digital_5.SchDoc,7,U168B,U168,B,U168-5,5,FRIC_AMP_ZERO,false,1,322.0,376.521,328.0,379.02,325.0,377.77,1,319.0,384.521,325.0,387.02,322.0,385.77
digital_5.SchDoc,7,U168B,U168,B,U168-6,6,NetU168_6,false,1,322.0,376.521,328.0,379.02,325.0,377.77,1,319.0,380.76,325.0,382.01,322.0,381.385
digital_5.SchDoc,7,U168D,U168,D,U168-11,11,NetU168_11,false,1,322.0,376.521,328.0,379.02,325.0,377.77,1,168.0,272.521,174.0,275.02,171.0,273.77
digital_5.SchDoc,7,U168D,U168,D,U168-12,12,NetU168_12,false,1,322.0,376.521,328.0,379.02,325.0,377.77,1,153.0,275.76,159.0,277.01,156.0,276.385
digital_5.SchDoc,7,U168D,U168,D,U168-13,13,NetU168_13,false,1,322.0,376.521,328.0,379.02,325.0,377.77,1,153.0,270.76,159.0,272.01,156.0,271.385
digital_5.SchDoc,7,U170,U170,,U170-1,1,F1_FREQ0,false,1,483.0,95.521,488.0,98.02,485.5,96.77,1,497.0,119.76,503.0,121.01,500.0,120.385
digital_5.SchDoc,7,U170,U170,,U170-2,2,F1_FREQ3,false,1,483.0,95.521,488.0,98.02,485.5,96.77,1,497.0,104.521,503.0,107.02,500.0,105.77
digital_5.SchDoc,7,U170,U170,,U170-3,3,NetU170_3,false,1,483.0,95.521,488.0,98.02,485.5,96.77,1,497.0,106.521,503.0,109.02,500.0,107.77
digital_5.SchDoc,7,U170,U170,,U170-4,4,NetU106_2,false,1,483.0,95.521,488.0,98.02,485.5,96.77,1,478.0,106.521,483.0,109.02,480.5,107.77
digital_5.SchDoc,7,U170,U170,,U170-5,5,Phi0_X,false,1,483.0,95.521,488.0,98.02,485.5,96.77,1,478.0,99.521,483.0,102.02,480.5,100.77
digital_5.SchDoc,7,U170,U170,,U170-6,6,VCC,false,1,483.0,95.521,488.0,98.02,485.5,96.77,1,478.0,102.76,483.0,104.01,480.5,103.385
digital_5.SchDoc,7,U170,U170,,U170-7,7,NetU106_10,false,1,483.0,95.521,488.0,98.02,485.5,96.77,1,478.0,109.76,483.0,111.01,480.5,110.385
digital_5.SchDoc,7,U170,U170,,U170-8,8,GND,false,1,483.0,95.521,488.0,98.02,485.5,96.77,1,478.0,121.521,483.0,124.02,480.5,122.77
digital_5.SchDoc,7,U170,U170,,U170-9,9,NetU170_9,false,1,483.0,95.521,488.0,98.02,485.5,96.77,1,497.0,111.521,503.0,114.02,500.0,112.77
digital_5.SchDoc,7,U170,U170,,U170-10,10,F1_FREQ2,false,1,483.0,95.521,488.0,98.02,485.5,96.77,1,497.0,109.76,503.0,111.01,500.0,110.385
digital_5.SchDoc,7,U170,U170,,U170-11,11,F1_FREQ1,false,1,483.0,95.521,488.0,98.02,485.5,96.77,1,497.0,114.76,503.0,116.01,500.0,115.385
digital_5.SchDoc,7,U170,U170,,U170-12,12,NetU170_12,false,1,483.0,95.521,488.0,98.02,485.5,96.77,1,497.0,116.521,503.0,119.02,500.0,117.77
digital_5.SchDoc,7,U170,U170,,U170-13,13,NetU106_11,false,1,483.0,95.521,488.0,98.02,485.5,96.77,1,478.0,111.521,483.0,114.02,480.5,112.77
digital_5.SchDoc,7,U170,U170,,U170-14,14,NetU106_1,false,1,483.0,95.521,488.0,98.02,485.5,96.77,1,478.0,114.76,483.0,116.01,480.5,115.385
digital_5.SchDoc,7,U170,U170,,U170-15,15,NetU170_15,false,1,483.0,95.521,488.0,98.02,485.5,96.77,1,497.0,121.521,503.0,124.02,500.0,122.77
digital_5.SchDoc,7,U170,U170,,U170-16,16,VCC,false,1,483.0,95.521,488.0,98.02,485.5,96.77,1,497.0,99.521,503.0,102.02,500.0,100.77
digital_5.SchDoc,7,U171,U171,,U171-1,1,F2_FREQ0,false,1,483.0,127.521,488.0,130.02,485.5,128.77,1,497.0,150.521,503.0,153.02,500.0,151.77
digital_5.SchDoc,7,U171,U171,,U171-2,2,F2_FREQ3,false,1,483.0,127.521,488.0,130.02,485.5,128.77,1,497.0,136.76,503.0,138.01,500.0,137.385
digital_5.SchDoc,7,U171,U171,,U171-3,3,NetU171_3,false,1,483.0,127.521,488.0,130.02,485.5,128.77,1,497.0,138.521,503.0,141.02,500.0,139.77
digital_5.SchDoc,7,U171,U171,,U171-4,4,NetU107_2,false,1,483.0,127.521,488.0,130.02,485.5,128.77,1,478.0,138.521,483.0,141.02,480.5,139.77
digital_5.SchDoc,7,U171,U171,,U171-5,5,Phi1_X,false,1,483.0,127.521,488.0,130.02,485.5,128.77,1,478.0,131.76,483.0,133.01,480.5,132.385
digital_5.SchDoc,7,U171,U171,,U171-6,6,VCC,false,1,483.0,127.521,488.0,130.02,485.5,128.77,1,478.0,133.521,483.0,136.02,480.5,134.77
digital_5.SchDoc,7,U171,U171,,U171-7,7,NetU107_10,false,1,483.0,127.521,488.0,130.02,485.5,128.77,1,478.0,141.76,483.0,143.01,480.5,142.385
digital_5.SchDoc,7,U171,U171,,U171-8,8,GND,false,1,483.0,127.521,488.0,130.02,485.5,128.77,1,478.0,153.76,483.0,155.01,480.5,154.385
digital_5.SchDoc,7,U171,U171,,U171-9,9,NetU171_9,false,1,483.0,127.521,488.0,130.02,485.5,128.77,1,497.0,143.76,503.0,145.01,500.0,144.385
digital_5.SchDoc,7,U171,U171,,U171-10,10,F2_FREQ2,false,1,483.0,127.521,488.0,130.02,485.5,128.77,1,497.0,141.76,503.0,143.01,500.0,142.385
digital_5.SchDoc,7,U171,U171,,U171-11,11,F2_FREQ1,false,1,483.0,127.521,488.0,130.02,485.5,128.77,1,497.0,145.521,503.0,148.02,500.0,146.77
digital_5.SchDoc,7,U171,U171,,U171-12,12,NetU171_12,false,1,483.0,127.521,488.0,130.02,485.5,128.77,1,497.0,148.76,503.0,150.01,500.0,149.385
digital_5.SchDoc,7,U171,U171,,U171-13,13,NetU107_11,false,1,483.0,127.521,488.0,130.02,485.5,128.77,1,478.0,143.76,483.0,145.01,480.5,144.385
digital_5.SchDoc,7,U171,U171,,U171-14,14,NetU107_1,false,1,483.0,127.521,488.0,130.02,485.5,128.77,1,478.0,145.521,483.0,148.02,480.5,146.77
digital_5.SchDoc,7,U171,U171,,U171-15,15,NetU171_15,false,1,483.0,127.521,488.0,130.02,485.5,128.77,1,497.0,153.76,503.0,155.01,500.0,154.385
digital_5.SchDoc,7,U171,U171,,U171-16,16,VCC,false,1,483.0,127.521,488.0,130.02,485.5,128.77,1,497.0,131.76,503.0,133.01,500.0,132.385
digital_5.SchDoc,7,U172,U172,,U172-1,1,F2_RES0,false,1,483.0,158.282,488.001,162.03,485.5,160.156,1,497.0,182.521,503.0,185.02,500.0,183.77
digital_5.SchDoc,7,U172,U172,,U172-2,2,F2_RES3,false,1,483.0,158.282,488.001,162.03,485.5,160.156,1,497.0,167.521,503.0,170.02,500.0,168.77
digital_5.SchDoc,7,U172,U172,,U172-3,3,NetU172_3,false,1,483.0,158.282,488.001,162.03,485.5,160.156,1,497.0,170.76,503.0,172.01,500.0,171.385
digital_5.SchDoc,7,U172,U172,,U172-4,4,NetU108_2,false,1,483.0,158.282,488.001,162.03,485.5,160.156,1,478.0,170.76,483.0,172.01,480.5,171.385
digital_5.SchDoc,7,U172,U172,,U172-5,5,Phi1_X,false,1,483.0,158.282,488.001,162.03,485.5,160.156,1,478.0,163.76,483.0,165.01,480.5,164.385
digital_5.SchDoc,7,U172,U172,,U172-6,6,VCC,false,1,483.0,158.282,488.001,162.03,485.5,160.156,1,478.0,165.76,483.0,167.01,480.5,166.385
digital_5.SchDoc,7,U172,U172,,U172-7,7,NetU108_10,false,1,483.0,158.282,488.001,162.03,485.5,160.156,1,478.0,172.521,483.0,175.02,480.5,173.77
digital_5.SchDoc,7,U172,U172,,U172-8,8,GND,false,1,483.0,158.282,488.001,162.03,485.5,160.156,1,478.0,184.521,483.0,187.02,480.5,185.77
digital_5.SchDoc,7,U172,U172,,U172-9,9,NetU172_9,false,1,483.0,158.282,488.001,162.03,485.5,160.156,1,497.0,175.76,503.0,177.01,500.0,176.385
digital_5.SchDoc,7,U172,U172,,U172-10,10,F2_RES2,false,1,483.0,158.282,488.001,162.03,485.5,160.156,1,497.0,172.521,503.0,175.02,500.0,173.77
digital_5.SchDoc,7,U172,U172,,U172-11,11,F2_RES1,false,1,483.0,158.282,488.001,162.03,485.5,160.156,1,497.0,177.521,503.0,180.02,500.0,178.77
digital_5.SchDoc,7,U172,U172,,U172-12,12,NetU172_12,false,1,483.0,158.282,488.001,162.03,485.5,160.156,1,497.0,180.76,503.0,182.01,500.0,181.385
digital_5.SchDoc,7,U172,U172,,U172-13,13,NetU108_11,false,1,483.0,158.282,488.001,162.03,485.5,160.156,1,478.0,175.76,483.0,177.01,480.5,176.385
digital_5.SchDoc,7,U172,U172,,U172-14,14,NetU108_1,false,1,483.0,158.282,488.001,162.03,485.5,160.156,1,478.0,177.521,483.0,180.02,480.5,178.77
digital_5.SchDoc,7,U172,U172,,U172-15,15,NetU172_15,false,1,483.0,158.282,488.001,162.03,485.5,160.156,1,497.0,184.521,503.0,187.02,500.0,185.77
digital_5.SchDoc,7,U172,U172,,U172-16,16,VCC,false,1,483.0,158.282,488.001,162.03,485.5,160.156,1,497.0,163.76,503.0,165.01,500.0,164.385
digital_5.SchDoc,7,U173,U173,,U173-1,1,F3_FREQ0,false,1,483.0,190.521,488.0,193.02,485.5,191.77,1,497.0,214.76,503.0,216.01,500.0,215.385
digital_5.SchDoc,7,U173,U173,,U173-2,2,F3_FREQ3,false,1,483.0,190.521,488.0,193.02,485.5,191.77,1,497.0,199.521,503.0,202.02,500.0,200.77
digital_5.SchDoc,7,U173,U173,,U173-3,3,NetU173_3,false,1,483.0,190.521,488.0,193.02,485.5,191.77,1,497.0,202.76,503.0,204.01,500.0,203.385
digital_5.SchDoc,7,U173,U173,,U173-4,4,NetU109_2,false,1,483.0,190.521,488.0,193.02,485.5,191.77,1,478.0,202.76,483.0,204.01,480.5,203.385
digital_5.SchDoc,7,U173,U173,,U173-5,5,Phi0_X,false,1,483.0,190.521,488.0,193.02,485.5,191.77,1,478.0,194.521,483.0,197.02,480.5,195.77
digital_5.SchDoc,7,U173,U173,,U173-6,6,VCC,false,1,483.0,190.521,488.0,193.02,485.5,191.77,1,478.0,197.76,483.0,199.01,480.5,198.385
digital_5.SchDoc,7,U173,U173,,U173-7,7,NetU109_10,false,1,483.0,190.521,488.0,193.02,485.5,191.77,1,478.0,204.76,483.0,206.01,480.5,205.385
digital_5.SchDoc,7,U173,U173,,U173-8,8,GND,false,1,483.0,190.521,488.0,193.02,485.5,191.77,1,478.0,216.521,483.0,219.02,480.5,217.77
digital_5.SchDoc,7,U173,U173,,U173-9,9,NetU173_9,false,1,483.0,190.521,488.0,193.02,485.5,191.77,1,497.0,206.521,503.0,209.02,500.0,207.77
digital_5.SchDoc,7,U173,U173,,U173-10,10,F3_FREQ2,false,1,483.0,190.521,488.0,193.02,485.5,191.77,1,497.0,204.76,503.0,206.01,500.0,205.385
digital_5.SchDoc,7,U173,U173,,U173-11,11,F3_FREQ1,false,1,483.0,190.521,488.0,193.02,485.5,191.77,1,497.0,209.76,503.0,211.01,500.0,210.385
digital_5.SchDoc,7,U173,U173,,U173-12,12,NetU173_12,false,1,483.0,190.521,488.0,193.02,485.5,191.77,1,497.0,211.521,503.0,214.02,500.0,212.77
digital_5.SchDoc,7,U173,U173,,U173-13,13,NetU109_11,false,1,483.0,190.521,488.0,193.02,485.5,191.77,1,478.0,206.521,483.0,209.02,480.5,207.77
digital_5.SchDoc,7,U173,U173,,U173-14,14,NetU109_1,false,1,483.0,190.521,488.0,193.02,485.5,191.77,1,478.0,209.76,483.0,211.01,480.5,210.385
digital_5.SchDoc,7,U173,U173,,U173-15,15,NetU173_15,false,1,483.0,190.521,488.0,193.02,485.5,191.77,1,497.0,216.521,503.0,219.02,500.0,217.77
digital_5.SchDoc,7,U173,U173,,U173-16,16,VCC,false,1,483.0,190.521,488.0,193.02,485.5,191.77,1,497.0,194.521,503.0,197.02,500.0,195.77
digital_5.SchDoc,7,U174,U174,,U174-1,1,F4_FREQ0,false,1,483.0,222.521,488.0,225.02,485.5,223.77,1,497.0,245.521,503.0,248.02,500.0,246.77
digital_5.SchDoc,7,U174,U174,,U174-2,2,F4_FREQ3,false,1,483.0,222.521,488.0,225.02,485.5,223.77,1,497.0,231.76,503.0,233.01,500.0,232.385
digital_5.SchDoc,7,U174,U174,,U174-3,3,NetU174_3,false,1,483.0,222.521,488.0,225.02,485.5,223.77,1,497.0,233.521,503.0,236.02,500.0,234.77
digital_5.SchDoc,7,U174,U174,,U174-4,4,NetU110_2,false,1,483.0,222.521,488.0,225.02,485.5,223.77,1,478.0,233.521,483.0,236.02,480.5,234.77
digital_5.SchDoc,7,U174,U174,,U174-5,5,Phi1_X,false,1,483.0,222.521,488.0,225.02,485.5,223.77,1,478.0,226.76,483.0,228.01,480.5,227.385
digital_5.SchDoc,7,U174,U174,,U174-6,6,VCC,false,1,483.0,222.521,488.0,225.02,485.5,223.77,1,478.0,228.521,483.0,231.02,480.5,229.77
digital_5.SchDoc,7,U174,U174,,U174-7,7,NetU110_10,false,1,483.0,222.521,488.0,225.02,485.5,223.77,1,478.0,236.76,483.0,238.01,480.5,237.385
digital_5.SchDoc,7,U174,U174,,U174-8,8,GND,false,1,483.0,222.521,488.0,225.02,485.5,223.77,1,478.0,248.76,483.0,250.01,480.5,249.385
digital_5.SchDoc,7,U174,U174,,U174-9,9,NetU174_9,false,1,483.0,222.521,488.0,225.02,485.5,223.77,1,497.0,238.521,503.0,241.02,500.0,239.77
digital_5.SchDoc,7,U174,U174,,U174-10,10,F4_FREQ2,false,1,483.0,222.521,488.0,225.02,485.5,223.77,1,497.0,236.76,503.0,238.01,500.0,237.385
digital_5.SchDoc,7,U174,U174,,U174-11,11,F4_FREQ1,false,1,483.0,222.521,488.0,225.02,485.5,223.77,1,497.0,241.76,503.0,243.01,500.0,242.385
digital_5.SchDoc,7,U174,U174,,U174-12,12,NetU174_12,false,1,483.0,222.521,488.0,225.02,485.5,223.77,1,497.0,243.76,503.0,245.01,500.0,244.385
digital_5.SchDoc,7,U174,U174,,U174-13,13,NetU110_11,false,1,483.0,222.521,488.0,225.02,485.5,223.77,1,478.0,238.521,483.0,241.02,480.5,239.77
digital_5.SchDoc,7,U174,U174,,U174-14,14,NetU110_1,false,1,483.0,222.521,488.0,225.02,485.5,223.77,1,478.0,241.76,483.0,243.01,480.5,242.385
digital_5.SchDoc,7,U174,U174,,U174-15,15,NetU174_15,false,1,483.0,222.521,488.0,225.02,485.5,223.77,1,497.0,248.76,503.0,250.01,500.0,249.385
digital_5.SchDoc,7,U174,U174,,U174-16,16,VCC,false,1,483.0,222.521,488.0,225.02,485.5,223.77,1,497.0,226.76,503.0,228.01,500.0,227.385
digital_5.SchDoc,7,U175,U175,,U175-1,1,VOICE_AMP0,false,1,483.0,310.521,488.0,313.02,485.5,311.77,1,497.0,333.521,503.0,336.02,500.0,334.77
digital_5.SchDoc,7,U175,U175,,U175-2,2,VOICE_AMP3,false,1,483.0,310.521,488.0,313.02,485.5,311.77,1,497.0,319.76,503.0,321.01,500.0,320.385
digital_5.SchDoc,7,U175,U175,,U175-3,3,NetU175_3,false,1,483.0,310.521,488.0,313.02,485.5,311.77,1,497.0,321.76,503.0,323.01,500.0,322.385
digital_5.SchDoc,7,U175,U175,,U175-4,4,NetU113_2,false,1,483.0,310.521,488.0,313.02,485.5,311.77,1,478.0,321.76,483.0,323.01,480.5,322.385
digital_5.SchDoc,7,U175,U175,,U175-5,5,Phi0_X,false,1,483.0,310.521,488.0,313.02,485.5,311.77,1,478.0,314.76,483.0,316.01,480.5,315.385
digital_5.SchDoc,7,U175,U175,,U175-6,6,VCC,false,1,483.0,310.521,488.0,313.02,485.5,311.77,1,478.0,316.521,483.0,319.02,480.5,317.77
digital_5.SchDoc,7,U175,U175,,U175-7,7,NetU113_10,false,1,483.0,310.521,488.0,313.02,485.5,311.77,1,478.0,323.521,483.0,326.02,480.5,324.77
digital_5.SchDoc,7,U175,U175,,U175-8,8,GND,false,1,483.0,310.521,488.0,313.02,485.5,311.77,1,478.0,336.76,483.0,338.01,480.5,337.385
digital_5.SchDoc,7,U175,U175,,U175-9,9,NetU175_9,false,1,483.0,310.521,488.0,313.02,485.5,311.77,1,497.0,326.76,503.0,328.01,500.0,327.385
digital_5.SchDoc,7,U175,U175,,U175-10,10,VOICE_AMP2,false,1,483.0,310.521,488.0,313.02,485.5,311.77,1,497.0,323.521,503.0,326.02,500.0,324.77
digital_5.SchDoc,7,U175,U175,,U175-11,11,VOICE_AMP1,false,1,483.0,310.521,488.0,313.02,485.5,311.77,1,497.0,328.521,503.0,331.02,500.0,329.77
digital_5.SchDoc,7,U175,U175,,U175-12,12,NetU175_12,false,1,483.0,310.521,488.0,313.02,485.5,311.77,1,497.0,331.76,503.0,333.01,500.0,332.385
digital_5.SchDoc,7,U175,U175,,U175-13,13,NetU113_11,false,1,483.0,310.521,488.0,313.02,485.5,311.77,1,478.0,326.76,483.0,328.01,480.5,327.385
digital_5.SchDoc,7,U175,U175,,U175-14,14,NetU113_1,false,1,483.0,310.521,488.0,313.02,485.5,311.77,1,478.0,328.521,483.0,331.02,480.5,329.77
digital_5.SchDoc,7,U175,U175,,U175-15,15,NetU175_15,false,1,483.0,310.521,488.0,313.02,485.5,311.77,1,497.0,336.76,503.0,338.01,500.0,337.385
digital_5.SchDoc,7,U175,U175,,U175-16,16,VCC,false,1,483.0,310.521,488.0,313.02,485.5,311.77,1,497.0,314.76,503.0,316.01,500.0,315.385
digital_5.SchDoc,7,U176,U176,,U176-1,1,FRIC_AMP0,false,1,483.0,341.282,488.001,345.03,485.5,343.156,1,497.0,365.76,503.0,367.01,500.0,366.385
digital_5.SchDoc,7,U176,U176,,U176-2,2,FRIC_AMP3,false,1,483.0,341.282,488.001,345.03,485.5,343.156,1,497.0,350.521,503.0,353.02,500.0,351.77
digital_5.SchDoc,7,U176,U176,,U176-3,3,NetU176_3,false,1,483.0,341.282,488.001,345.03,485.5,343.156,1,497.0,353.76,503.0,355.01,500.0,354.385
digital_5.SchDoc,7,U176,U176,,U176-4,4,NetU114_2,false,1,483.0,341.282,488.001,345.03,485.5,343.156,1,478.0,353.76,483.0,355.01,480.5,354.385
digital_5.SchDoc,7,U176,U176,,U176-5,5,Phi1_X,false,1,483.0,341.282,488.001,345.03,485.5,343.156,1,478.0,345.521,483.0,348.02,480.5,346.77
digital_5.SchDoc,7,U176,U176,,U176-6,6,VCC,false,1,483.0,341.282,488.001,345.03,485.5,343.156,1,478.0,348.76,483.0,350.01,480.5,349.385
digital_5.SchDoc,7,U176,U176,,U176-7,7,NetU114_10,false,1,483.0,341.282,488.001,345.03,485.5,343.156,1,478.0,355.521,483.0,358.02,480.5,356.77
digital_5.SchDoc,7,U176,U176,,U176-8,8,GND,false,1,483.0,341.282,488.001,345.03,485.5,343.156,1,478.0,367.521,483.0,370.02,480.5,368.77
digital_5.SchDoc,7,U176,U176,,U176-9,9,NetU176_9,false,1,483.0,341.282,488.001,345.03,485.5,343.156,1,497.0,358.76,503.0,360.01,500.0,359.385
digital_5.SchDoc,7,U176,U176,,U176-10,10,FRIC_AMP2,false,1,483.0,341.282,488.001,345.03,485.5,343.156,1,497.0,355.521,503.0,358.02,500.0,356.77
digital_5.SchDoc,7,U176,U176,,U176-11,11,FRIC_AMP1,false,1,483.0,341.282,488.001,345.03,485.5,343.156,1,497.0,360.76,503.0,362.01,500.0,361.385
digital_5.SchDoc,7,U176,U176,,U176-12,12,NetU176_12,false,1,483.0,341.282,488.001,345.03,485.5,343.156,1,497.0,362.521,503.0,365.02,500.0,363.77
digital_5.SchDoc,7,U176,U176,,U176-13,13,NetU114_11,false,1,483.0,341.282,488.001,345.03,485.5,343.156,1,478.0,358.76,483.0,360.01,480.5,359.385
digital_5.SchDoc,7,U176,U176,,U176-14,14,NetU114_1,false,1,483.0,341.282,488.001,345.03,485.5,343.156,1,478.0,360.76,483.0,362.01,480.5,361.385
digital_5.SchDoc,7,U176,U176,,U176-15,15,NetU176_15,false,1,483.0,341.282,488.001,345.03,485.5,343.156,1,497.0,367.521,503.0,370.02,500.0,368.77
digital_5.SchDoc,7,U176,U176,,U176-16,16,VCC,false,1,483.0,341.282,488.001,345.03,485.5,343.156,1,497.0,345.521,503.0,348.02,500.0,346.77
digital_5.SchDoc,7,,U177,,U177-7,7,GND,true,0,,,,,,,1,285.0,375.76,291.0,377.01,288.0,376.385
digital_5.SchDoc,7,,U177,,U177-14,14,VDD,true,0,,,,,,,1,270.0,372.521,276.0,375.02,273.0,373.77
digital_5.SchDoc,7,U177C,U177,C,U177-10,10,NetU168_6,false,1,275.0,374.521,282.0,377.02,278.5,375.77,1,285.0,380.76,291.0,382.01,288.0,381.385
digital_5.SchDoc,7,U177C,U177,C,U177-11,11,PW_0,false,1,275.0,374.521,282.0,377.02,278.5,375.77,1,270.0,377.521,276.0,380.02,273.0,378.77
digital_5.SchDoc,7,U177C,U177,C,U177-12,12,PW_1,false,1,275.0,374.521,282.0,377.02,278.5,375.77,1,270.0,380.76,276.0,382.01,273.0,381.385
digital_5.SchDoc,7,U177C,U177,C,U177-13,13,AMPCT_ZERO,false,1,275.0,374.521,282.0,377.02,278.5,375.77,1,270.0,382.76,276.0,384.01,273.0,383.385
digital_5.SchDoc,7,,U178,,U178-7,7,GND,true,0,,,,,,,1,119.0,311.521,125.0,314.02,122.0,312.77
digital_5.SchDoc,7,,U178,,U178-14,14,VDD,true,0,,,,,,,1,105.0,314.76,110.0,316.01,107.5,315.385
digital_5.SchDoc,7,U178C,U178,C,U178-8,8,NetU178_8,false,1,110.0,301.521,116.0,304.02,113.0,302.77,1,105.0,304.76,110.0,306.01,107.5,305.385
digital_5.SchDoc,7,U178C,U178,C,U178-9,9,NetU178_9,false,1,110.0,301.521,116.0,304.02,113.0,302.77,1,105.0,309.76,110.0,311.01,107.5,310.385
digital_5.SchDoc,7,U178C,U178,C,U178-10,10,NetU178_10,false,1,110.0,301.521,116.0,304.02,113.0,302.77,1,119.0,306.521,125.0,309.02,122.0,307.77
digital_5.SchDoc,7,,U179,,U179-7,7,GND,true,0,,,,,,,1,143.0,277.521,149.0,280.02,146.0,278.77
digital_5.SchDoc,7,,U179,,U179-14,14,VDD,true,0,,,,,,,1,129.0,280.76,135.0,282.01,132.0,281.385
digital_5.SchDoc,7,U179B,U179,B,U179-4,4,NetU179_4,false,1,132.0,266.521,138.0,269.02,135.0,267.77,1,143.0,272.521,149.0,275.02,146.0,273.77
digital_5.SchDoc,7,U179B,U179,B,U179-5,5,NetU179_5,false,1,132.0,266.521,138.0,269.02,135.0,267.77,1,129.0,275.76,135.0,277.01,132.0,276.385
digital_5.SchDoc,7,U179B,U179,B,U179-6,6,NetU179_6,false,1,132.0,266.521,138.0,269.02,135.0,267.77,1,129.0,270.76,135.0,272.01,132.0,271.385
digital_5.SchDoc,7,U179C,U179,C,U179-8,8,NetU179_8,false,1,132.0,266.521,138.0,269.02,135.0,267.77,1,105.0,275.76,110.0,277.01,107.5,276.385
digital_5.SchDoc,7,U179C,U179,C,U179-9,9,NetU179_9,false,1,132.0,266.521,138.0,269.02,135.0,267.77,1,105.0,270.76,110.0,272.01,107.5,271.385
digital_5.SchDoc,7,U179C,U179,C,U179-10,10,NetU179_10,false,1,132.0,266.521,138.0,269.02,135.0,267.77,1,119.0,272.521,125.0,275.02,122.0,273.77
digital_5.SchDoc,7,U179D,U179,D,U179-11,11,NetU179_11,false,1,132.0,266.521,138.0,269.02,135.0,267.77,1,95.0,272.521,101.0,275.02,98.0,273.77
digital_5.SchDoc,7,U179D,U179,D,U179-12,12,NetU179_12,false,1,132.0,266.521,138.0,269.02,135.0,267.77,1,80.0,275.76,86.0,277.01,83.0,276.385
digital_5.SchDoc,7,U179D,U179,D,U179-13,13,NetU179_13,false,1,132.0,266.521,138.0,269.02,135.0,267.77,1,80.0,270.76,86.0,272.01,83.0,271.385
digital_5.SchDoc,7,,U183,,U183-7,7,GND,true,0,,,,,,,1,75.0,358.76,81.0,360.01,78.0,359.385
digital_5.SchDoc,7,,U183,,U183-14,14,VDD,true,0,,,,,,,1,56.0,358.76,62.0,360.01,59.0,359.385
digital_5.SchDoc,7,U183B,U183,B,U183-8,8,NetU183_8,false,1,81.0,339.521,87.0,342.02,84.0,340.77,1,68.0,335.566,69.001,343.06,68.501,339.313
digital_5.SchDoc,7,U183B,U183,B,U183-9,9,NetU183_9,false,1,81.0,339.521,87.0,342.02,84.0,340.77,1,56.0,343.76,62.0,345.01,59.0,344.385
digital_5.SchDoc,7,U183B,U183,B,U183-10,10,NetU183_10,false,1,81.0,339.521,87.0,342.02,84.0,340.77,1,68.0,354.566,69.001,362.06,68.501,358.313
digital_5.SchDoc,7,U183B,U183,B,U183-11,11,NetU183_11,false,1,81.0,339.521,87.0,342.02,84.0,340.77,1,56.0,348.76,62.0,350.01,59.0,349.385
digital_5.SchDoc,7,U183B,U183,B,U183-12,12,NetU183_12,false,1,81.0,339.521,87.0,342.02,84.0,340.77,1,75.0,353.76,81.0,355.01,78.0,354.385
digital_5.SchDoc,7,U183B,U183,B,U183-13,13,NetU183_13,false,1,81.0,339.521,87.0,342.02,84.0,340.77,1,75.0,343.76,81.0,345.01,78.0,344.385
digital_5.SchDoc,7,,U205,,U205-7,7,GND,true,0,,,,,,,1,585.0,414.76,591.0,416.01,588.0,415.385
digital_5.SchDoc,7,,U205,,U205-14,14,VDD,true,0,,,,,,,1,573.0,416.521,579.0,419.02,576.0,417.77
digital_5.SchDoc,7,U205A,U205,A,U205-1,1,FRIC_AMP0,false,1,578.0,403.282,584.0,407.03,581.0,405.156,1,573.0,409.76,579.0,411.01,576.0,410.385
digital_5.SchDoc,7,U205A,U205,A,U205-2,2,/FRIC_AMP0,false,1,578.0,403.282,584.0,407.03,581.0,405.156,1,585.0,409.76,591.0,411.01,588.0,410.385
digital_5.SchDoc,7,U205B,U205,B,U205-3,3,FRIC_AMP1,false,1,578.0,403.282,584.0,407.03,581.0,405.156,1,573.0,421.76,579.0,423.01,576.0,422.385
digital_5.SchDoc,7,U205B,U205,B,U205-4,4,/FRIC_AMP1,false,1,578.0,403.282,584.0,407.03,581.0,405.156,1,585.0,421.76,591.0,423.01,588.0,422.385
digital_5.SchDoc,7,U205C,U205,C,U205-5,5,FRIC_AMP2,false,1,578.0,403.282,584.0,407.03,581.0,405.156,1,573.0,433.521,579.0,436.02,576.0,434.77
digital_5.SchDoc,7,U205C,U205,C,U205-6,6,/FRIC_AMP2,false,1,578.0,403.282,584.0,407.03,581.0,405.156,1,585.0,433.521,591.0,436.02,588.0,434.77
digital_5.SchDoc,7,U205D,U205,D,U205-8,8,/FRIC_AMP3,false,1,578.0,403.282,584.0,407.03,581.0,405.156,1,585.0,445.521,591.0,448.02,588.0,446.77
digital_5.SchDoc,7,U205D,U205,D,U205-9,9,FRIC_AMP3,false,1,578.0,403.282,584.0,407.03,581.0,405.156,1,573.0,445.521,579.0,448.02,576.0,446.77
digital_5.SchDoc,7,U205E,U205,E,U205-10,10,NetU205_10,false,1,578.0,403.282,584.0,407.03,581.0,405.156,1,68.0,323.521,74.0,326.02,71.0,324.77
digital_5.SchDoc,7,U205E,U205,E,U205-11,11,NetU205_11,false,1,578.0,403.282,584.0,407.03,581.0,405.156,1,56.0,323.521,62.0,326.02,59.0,324.77
digital_5.SchDoc,7,U205F,U205,F,U205-12,12,NetU205_12,false,1,578.0,403.282,584.0,407.03,581.0,405.156,1,92.0,323.521,98.0,326.02,95.0,324.77
digital_5.SchDoc,7,U205F,U205,F,U205-13,13,NetU205_13,false,1,578.0,403.282,584.0,407.03,581.0,405.156,1,80.0,323.521,86.0,326.02,83.0,324.77
digital_5.SchDoc,7,U206,U206,,U206-1,1,VCC,false,1,541.0,266.521,546.0,269.02,543.5,267.77,1,536.0,270.76,542.0,272.01,539.0,271.385
digital_5.SchDoc,7,U206,U206,,U206-2,2,FL_AMP0,false,1,541.0,266.521,546.0,269.02,543.5,267.77,1,556.0,277.521,562.0,280.02,559.0,278.77
digital_5.SchDoc,7,U206,U206,,U206-3,3,VA_P0,false,1,541.0,266.521,546.0,269.02,543.5,267.77,1,536.0,277.521,542.0,280.02,539.0,278.77
digital_5.SchDoc,7,U206,U206,,U206-4,4,VA_P1,false,1,541.0,266.521,546.0,269.02,543.5,267.77,1,536.0,280.76,542.0,282.01,539.0,281.385
digital_5.SchDoc,7,U206,U206,,U206-5,5,FL_AMP1,false,1,541.0,266.521,546.0,269.02,543.5,267.77,1,556.0,280.76,562.0,282.01,559.0,281.385
digital_5.SchDoc,7,U206,U206,,U206-6,6,VA_P2,false,1,541.0,266.521,546.0,269.02,543.5,267.77,1,536.0,282.76,542.0,284.01,539.0,283.385
digital_5.SchDoc,7,U206,U206,,U206-7,7,FL_AMP2,false,1,541.0,266.521,546.0,269.02,543.5,267.77,1,556.0,282.76,562.0,284.01,559.0,283.385
digital_5.SchDoc,7,U206,U206,,U206-8,8,GND,false,1,541.0,266.521,546.0,269.02,543.5,267.77,1,536.0,294.521,542.0,297.02,539.0,295.77
digital_5.SchDoc,7,U206,U206,,U206-9,9,Phi0,false,1,541.0,266.521,546.0,269.02,543.5,267.77,1,536.0,272.521,542.0,275.02,539.0,273.77
digital_5.SchDoc,7,U206,U206,,U206-10,10,FL_AMP3,false,1,541.0,266.521,546.0,269.02,543.5,267.77,1,556.0,284.521,562.0,287.02,559.0,285.77
digital_5.SchDoc,7,U206,U206,,U206-11,11,VA_P3,false,1,541.0,266.521,546.0,269.02,543.5,267.77,1,536.0,284.521,542.0,287.02,539.0,285.77
digital_5.SchDoc,7,U206,U206,,U206-12,12,NetU206_12,false,1,541.0,266.521,546.0,269.02,543.5,267.77,1,556.0,287.76,562.0,289.01,559.0,288.385
digital_5.SchDoc,7,U206,U206,,U206-13,13,NetU206_13,false,1,541.0,266.521,546.0,269.02,543.5,267.77,1,536.0,287.76,542.0,289.01,539.0,288.385
digital_5.SchDoc,7,U206,U206,,U206-14,14,NetU206_14,false,1,541.0,266.521,546.0,269.02,543.5,267.77,1,536.0,289.521,542.0,292.02,539.0,290.77
digital_5.SchDoc,7,U206,U206,,U206-15,15,NetU206_15,false,1,541.0,266.521,546.0,269.02,543.5,267.77,1,556.0,289.521,562.0,292.02,559.0,290.77
digital_5.SchDoc,7,U206,U206,,U206-16,16,VCC,false,1,541.0,266.521,546.0,269.02,543.5,267.77,1,556.0,270.76,562.0,272.01,559.0,271.385
digital_5.SchDoc,7,,U208,,U208-7,7,GND,true,0,,,,,,,1,192.0,277.521,198.0,280.02,195.0,278.77
digital_5.SchDoc,7,,U208,,U208-14,14,VDD,true,0,,,,,,,1,178.0,280.76,184.0,282.01,181.0,281.385
digital_5.SchDoc,7,U208A,U208,A,U208-1,1,NetU208_1,false,1,181.0,266.521,187.0,269.02,184.0,267.77,1,178.0,275.76,184.0,277.01,181.0,276.385
digital_5.SchDoc,7,U208A,U208,A,U208-2,2,NetU208_2,false,1,181.0,266.521,187.0,269.02,184.0,267.77,1,178.0,270.76,184.0,272.01,181.0,271.385
digital_5.SchDoc,7,U208A,U208,A,U208-3,3,NetU208_3,false,1,181.0,266.521,187.0,269.02,184.0,267.77,1,192.0,272.521,198.0,275.02,195.0,273.77
digital_5.SchDoc,7,,U300,,U300-7,7,GND,true,0,,,,,,,1,117.0,358.76,123.0,360.01,120.0,359.385
digital_5.SchDoc,7,,U300,,U300-14,14,VDD,true,0,,,,,,,1,97.0,358.76,103.0,360.01,100.0,359.385
digital_5.SchDoc,7,U300A,U300,A,U300-1,1,NetU300_1,false,1,123.0,339.521,129.0,342.02,126.0,340.77,1,117.0,343.76,123.0,345.01,120.0,344.385
digital_5.SchDoc,7,U300A,U300,A,U300-2,2,NetU300_2,false,1,123.0,339.521,129.0,342.02,126.0,340.77,1,117.0,353.76,123.0,355.01,120.0,354.385
digital_5.SchDoc,7,U300A,U300,A,U300-3,3,NetU300_3,false,1,123.0,339.521,129.0,342.02,126.0,340.77,1,97.0,348.76,103.0,350.01,100.0,349.385
digital_5.SchDoc,7,U300A,U300,A,U300-4,4,NetU300_4,false,1,123.0,339.521,129.0,342.02,126.0,340.77,1,109.0,354.566,111.001,362.06,110.001,358.313
digital_5.SchDoc,7,U300A,U300,A,U300-5,5,NetU300_5,false,1,123.0,339.521,129.0,342.02,126.0,340.77,1,97.0,343.76,103.0,345.01,100.0,344.385
digital_5.SchDoc,7,U300A,U300,A,U300-6,6,NetU300_6,false,1,123.0,339.521,129.0,342.02,126.0,340.77,1,109.0,335.566,111.001,343.06,110.001,339.313
